ISO-10303-21;
HEADER;
FILE_DESCRIPTION(('Open CASCADE Model'),'2;1');
FILE_NAME('Open CASCADE Shape Model','2026-10-08T09:21:00',('Author'),(
    'Open CASCADE'),'Open CASCADE STEP processor 7.9','Open CASCADE 7.9'
  ,'Unknown');
FILE_SCHEMA(('AUTOMOTIVE_DESIGN { 1 0 10303 214 1 1 1 1 }'));
ENDSEC;
DATA;
#1 = APPLICATION_PROTOCOL_DEFINITION('international standard',
  'automotive_design',2000,#2);
#2 = APPLICATION_CONTEXT(
  'core data for automotive mechanical design processes');
#3 = SHAPE_DEFINITION_REPRESENTATION(#4,#10);
#4 = PRODUCT_DEFINITION_SHAPE('','',#5);
#5 = PRODUCT_DEFINITION('design','',#6,#9);
#6 = PRODUCT_DEFINITION_FORMATION('','',#7);
#7 = PRODUCT('Open CASCADE STEP translator 7.9 1',
  'Open CASCADE STEP translator 7.9 1','',(#8));
#8 = PRODUCT_CONTEXT('',#2,'mechanical');
#9 = PRODUCT_DEFINITION_CONTEXT('part definition',#2,'design');
#10 = ADVANCED_BREP_SHAPE_REPRESENTATION('',(#11,#15),#15691);
#11 = AXIS2_PLACEMENT_3D('',#12,#13,#14);
#12 = CARTESIAN_POINT('',(0.,0.,0.));
#13 = DIRECTION('',(0.,0.,1.));
#14 = DIRECTION('',(1.,0.,-0.));
#15 = MANIFOLD_SOLID_BREP('',#16);
#16 = CLOSED_SHELL('',(#17,#339,#1744,#1793,#1920,#1947,#1996,#2123,
    #2150,#2322,#2914,#3063,#3137,#3187,#3343,#3392,#3541,#3591,#3708,
    #3735,#3784,#3834,#3861,#3910,#3937,#3987,#3994,#4021,#4170,#4428,
    #4455,#4504,#4531,#4581,#4588,#4637,#4687,#4714,#4741,#4768,#4822,
    #4876,#4952,#5001,#5050,#5099,#5148,#5175,#5251,#5300,#5349,#5398,
    #5447,#5474,#5604,#5653,#5760,#5787,#5837,#5864,#5918,#5972,#6049,
    #6098,#6147,#6197,#6247,#6296,#6345,#6373,#6427,#6481,#6557,#6669,
    #6718,#6771,#6783,#6795,#6871,#6983,#7032,#7085,#7224,#7273,#7348,
    #7375,#7482,#7531,#7638,#7665,#7744,#7851,#7900,#7949,#8034,#8093,
    #8147,#8186,#8225,#8252,#8259,#8680,#8929,#8956,#8963,#9440,#9467,
    #9474,#9895,#9922,#9929,#10368,#10395,#10402,#10818,#10845,#10872,
    #10899,#10906,#11420,#11636,#11740,#11821,#11868,#11922,#11969,
    #12023,#12070,#12124,#12149,#12255,#12366,#12388,#12448,#12547,
    #12570,#12605,#13447,#13497,#13547,#13574,#13601,#13628,#13709,
    #13754,#13939,#13986,#14033,#14080,#14127,#14172,#14179,#14186,
    #14233,#14240,#14315,#14364,#14412,#14508,#14558,#14607,#14635,
    #14642,#14783,#14833,#14882,#14910,#14960,#15009,#15037,#15092,
    #15147,#15202,#15257,#15264,#15271,#15278,#15285,#15292,#15299,
    #15338,#15377,#15416,#15455,#15510,#15565,#15620,#15675,#15679,
    #15683,#15687));
#17 = ADVANCED_FACE('',(#18),#32,.F.);
#18 = FACE_BOUND('',#19,.F.);
#19 = EDGE_LOOP('',(#20,#55,#83,#111,#139,#162,#188,#214,#240,#263,#289,
    #315));
#20 = ORIENTED_EDGE('',*,*,#21,.F.);
#21 = EDGE_CURVE('',#22,#24,#26,.T.);
#22 = VERTEX_POINT('',#23);
#23 = CARTESIAN_POINT('',(14.,0.,0.));
#24 = VERTEX_POINT('',#25);
#25 = CARTESIAN_POINT('',(40.,0.,0.));
#26 = SURFACE_CURVE('',#27,(#31,#43),.PCURVE_S1.);
#27 = LINE('',#28,#29);
#28 = CARTESIAN_POINT('',(0.,0.,0.));
#29 = VECTOR('',#30,1.);
#30 = DIRECTION('',(1.,0.,0.));
#31 = PCURVE('',#32,#37);
#32 = PLANE('',#33);
#33 = AXIS2_PLACEMENT_3D('',#34,#35,#36);
#34 = CARTESIAN_POINT('',(14.,0.,0.));
#35 = DIRECTION('',(0.,1.,0.));
#36 = DIRECTION('',(1.,0.,0.));
#37 = DEFINITIONAL_REPRESENTATION('',(#38),#42);
#38 = LINE('',#39,#40);
#39 = CARTESIAN_POINT('',(-14.,0.));
#40 = VECTOR('',#41,1.);
#41 = DIRECTION('',(1.,0.));
#42 = ( GEOMETRIC_REPRESENTATION_CONTEXT(2) 
PARAMETRIC_REPRESENTATION_CONTEXT() REPRESENTATION_CONTEXT('2D SPACE',''
  ) );
#43 = PCURVE('',#44,#49);
#44 = PLANE('',#45);
#45 = AXIS2_PLACEMENT_3D('',#46,#47,#48);
#46 = CARTESIAN_POINT('',(82.,76.,0.));
#47 = DIRECTION('',(0.,0.,1.));
#48 = DIRECTION('',(1.,0.,-0.));
#49 = DEFINITIONAL_REPRESENTATION('',(#50),#54);
#50 = LINE('',#51,#52);
#51 = CARTESIAN_POINT('',(-82.,-76.));
#52 = VECTOR('',#53,1.);
#53 = DIRECTION('',(1.,0.));
#54 = ( GEOMETRIC_REPRESENTATION_CONTEXT(2) 
PARAMETRIC_REPRESENTATION_CONTEXT() REPRESENTATION_CONTEXT('2D SPACE',''
  ) );
#55 = ORIENTED_EDGE('',*,*,#56,.T.);
#56 = EDGE_CURVE('',#22,#57,#59,.T.);
#57 = VERTEX_POINT('',#58);
#58 = CARTESIAN_POINT('',(14.,0.,42.));
#59 = SURFACE_CURVE('',#60,(#64,#71),.PCURVE_S1.);
#60 = LINE('',#61,#62);
#61 = CARTESIAN_POINT('',(14.,0.,0.));
#62 = VECTOR('',#63,1.);
#63 = DIRECTION('',(0.,0.,1.));
#64 = PCURVE('',#32,#65);
#65 = DEFINITIONAL_REPRESENTATION('',(#66),#70);
#66 = LINE('',#67,#68);
#67 = CARTESIAN_POINT('',(0.,0.));
#68 = VECTOR('',#69,1.);
#69 = DIRECTION('',(0.,-1.));
#70 = ( GEOMETRIC_REPRESENTATION_CONTEXT(2) 
PARAMETRIC_REPRESENTATION_CONTEXT() REPRESENTATION_CONTEXT('2D SPACE',''
  ) );
#71 = PCURVE('',#72,#77);
#72 = CYLINDRICAL_SURFACE('',#73,14.);
#73 = AXIS2_PLACEMENT_3D('',#74,#75,#76);
#74 = CARTESIAN_POINT('',(14.,14.,0.));
#75 = DIRECTION('',(-0.,0.,-1.));
#76 = DIRECTION('',(1.,0.,0.));
#77 = DEFINITIONAL_REPRESENTATION('',(#78),#82);
#78 = LINE('',#79,#80);
#79 = CARTESIAN_POINT('',(-4.712388980385,0.));
#80 = VECTOR('',#81,1.);
#81 = DIRECTION('',(-0.,-1.));
#82 = ( GEOMETRIC_REPRESENTATION_CONTEXT(2) 
PARAMETRIC_REPRESENTATION_CONTEXT() REPRESENTATION_CONTEXT('2D SPACE',''
  ) );
#83 = ORIENTED_EDGE('',*,*,#84,.T.);
#84 = EDGE_CURVE('',#57,#85,#87,.T.);
#85 = VERTEX_POINT('',#86);
#86 = CARTESIAN_POINT('',(150.,0.,42.));
#87 = SURFACE_CURVE('',#88,(#92,#99),.PCURVE_S1.);
#88 = LINE('',#89,#90);
#89 = CARTESIAN_POINT('',(0.,0.,42.));
#90 = VECTOR('',#91,1.);
#91 = DIRECTION('',(1.,0.,0.));
#92 = PCURVE('',#32,#93);
#93 = DEFINITIONAL_REPRESENTATION('',(#94),#98);
#94 = LINE('',#95,#96);
#95 = CARTESIAN_POINT('',(-14.,-42.));
#96 = VECTOR('',#97,1.);
#97 = DIRECTION('',(1.,0.));
#98 = ( GEOMETRIC_REPRESENTATION_CONTEXT(2) 
PARAMETRIC_REPRESENTATION_CONTEXT() REPRESENTATION_CONTEXT('2D SPACE',''
  ) );
#99 = PCURVE('',#100,#105);
#100 = PLANE('',#101);
#101 = AXIS2_PLACEMENT_3D('',#102,#103,#104);
#102 = CARTESIAN_POINT('',(82.,76.,42.));
#103 = DIRECTION('',(0.,0.,1.));
#104 = DIRECTION('',(1.,0.,-0.));
#105 = DEFINITIONAL_REPRESENTATION('',(#106),#110);
#106 = LINE('',#107,#108);
#107 = CARTESIAN_POINT('',(-82.,-76.));
#108 = VECTOR('',#109,1.);
#109 = DIRECTION('',(1.,0.));
#110 = ( GEOMETRIC_REPRESENTATION_CONTEXT(2) 
PARAMETRIC_REPRESENTATION_CONTEXT() REPRESENTATION_CONTEXT('2D SPACE',''
  ) );
#111 = ORIENTED_EDGE('',*,*,#112,.F.);
#112 = EDGE_CURVE('',#113,#85,#115,.T.);
#113 = VERTEX_POINT('',#114);
#114 = CARTESIAN_POINT('',(150.,0.,0.));
#115 = SURFACE_CURVE('',#116,(#120,#127),.PCURVE_S1.);
#116 = LINE('',#117,#118);
#117 = CARTESIAN_POINT('',(150.,0.,0.));
#118 = VECTOR('',#119,1.);
#119 = DIRECTION('',(0.,0.,1.));
#120 = PCURVE('',#32,#121);
#121 = DEFINITIONAL_REPRESENTATION('',(#122),#126);
#122 = LINE('',#123,#124);
#123 = CARTESIAN_POINT('',(136.,0.));
#124 = VECTOR('',#125,1.);
#125 = DIRECTION('',(0.,-1.));
#126 = ( GEOMETRIC_REPRESENTATION_CONTEXT(2) 
PARAMETRIC_REPRESENTATION_CONTEXT() REPRESENTATION_CONTEXT('2D SPACE',''
  ) );
#127 = PCURVE('',#128,#133);
#128 = CYLINDRICAL_SURFACE('',#129,14.);
#129 = AXIS2_PLACEMENT_3D('',#130,#131,#132);
#130 = CARTESIAN_POINT('',(150.,14.,0.));
#131 = DIRECTION('',(-0.,0.,-1.));
#132 = DIRECTION('',(1.,0.,0.));
#133 = DEFINITIONAL_REPRESENTATION('',(#134),#138);
#134 = LINE('',#135,#136);
#135 = CARTESIAN_POINT('',(-4.712388980385,0.));
#136 = VECTOR('',#137,1.);
#137 = DIRECTION('',(-0.,-1.));
#138 = ( GEOMETRIC_REPRESENTATION_CONTEXT(2) 
PARAMETRIC_REPRESENTATION_CONTEXT() REPRESENTATION_CONTEXT('2D SPACE',''
  ) );
#139 = ORIENTED_EDGE('',*,*,#140,.F.);
#140 = EDGE_CURVE('',#141,#113,#143,.T.);
#141 = VERTEX_POINT('',#142);
#142 = CARTESIAN_POINT('',(124.,0.,0.));
#143 = SURFACE_CURVE('',#144,(#148,#155),.PCURVE_S1.);
#144 = LINE('',#145,#146);
#145 = CARTESIAN_POINT('',(0.,0.,0.));
#146 = VECTOR('',#147,1.);
#147 = DIRECTION('',(1.,0.,0.));
#148 = PCURVE('',#32,#149);
#149 = DEFINITIONAL_REPRESENTATION('',(#150),#154);
#150 = LINE('',#151,#152);
#151 = CARTESIAN_POINT('',(-14.,0.));
#152 = VECTOR('',#153,1.);
#153 = DIRECTION('',(1.,0.));
#154 = ( GEOMETRIC_REPRESENTATION_CONTEXT(2) 
PARAMETRIC_REPRESENTATION_CONTEXT() REPRESENTATION_CONTEXT('2D SPACE',''
  ) );
#155 = PCURVE('',#44,#156);
#156 = DEFINITIONAL_REPRESENTATION('',(#157),#161);
#157 = LINE('',#158,#159);
#158 = CARTESIAN_POINT('',(-82.,-76.));
#159 = VECTOR('',#160,1.);
#160 = DIRECTION('',(1.,0.));
#161 = ( GEOMETRIC_REPRESENTATION_CONTEXT(2) 
PARAMETRIC_REPRESENTATION_CONTEXT() REPRESENTATION_CONTEXT('2D SPACE',''
  ) );
#162 = ORIENTED_EDGE('',*,*,#163,.T.);
#163 = EDGE_CURVE('',#141,#164,#166,.T.);
#164 = VERTEX_POINT('',#165);
#165 = CARTESIAN_POINT('',(124.,0.,5.));
#166 = SURFACE_CURVE('',#167,(#171,#177),.PCURVE_S1.);
#167 = LINE('',#168,#169);
#168 = CARTESIAN_POINT('',(124.,0.,0.));
#169 = VECTOR('',#170,1.);
#170 = DIRECTION('',(0.,-0.,1.));
#171 = PCURVE('',#32,#172);
#172 = DEFINITIONAL_REPRESENTATION('',(#173),#176);
#173 = B_SPLINE_CURVE_WITH_KNOTS('',1,(#174,#175),.UNSPECIFIED.,.F.,.F.,
  (2,2),(0.,5.),.PIECEWISE_BEZIER_KNOTS.);
#174 = CARTESIAN_POINT('',(110.,0.));
#175 = CARTESIAN_POINT('',(110.,-5.));
#176 = ( GEOMETRIC_REPRESENTATION_CONTEXT(2) 
PARAMETRIC_REPRESENTATION_CONTEXT() REPRESENTATION_CONTEXT('2D SPACE',''
  ) );
#177 = PCURVE('',#178,#183);
#178 = PLANE('',#179);
#179 = AXIS2_PLACEMENT_3D('',#180,#181,#182);
#180 = CARTESIAN_POINT('',(124.,-9.,0.));
#181 = DIRECTION('',(-1.,0.,0.));
#182 = DIRECTION('',(0.,1.,0.));
#183 = DEFINITIONAL_REPRESENTATION('',(#184),#187);
#184 = B_SPLINE_CURVE_WITH_KNOTS('',1,(#185,#186),.UNSPECIFIED.,.F.,.F.,
  (2,2),(0.,5.),.PIECEWISE_BEZIER_KNOTS.);
#185 = CARTESIAN_POINT('',(9.,0.));
#186 = CARTESIAN_POINT('',(9.,-5.));
#187 = ( GEOMETRIC_REPRESENTATION_CONTEXT(2) 
PARAMETRIC_REPRESENTATION_CONTEXT() REPRESENTATION_CONTEXT('2D SPACE',''
  ) );
#188 = ORIENTED_EDGE('',*,*,#189,.F.);
#189 = EDGE_CURVE('',#190,#164,#192,.T.);
#190 = VERTEX_POINT('',#191);
#191 = CARTESIAN_POINT('',(104.,0.,5.));
#192 = SURFACE_CURVE('',#193,(#197,#203),.PCURVE_S1.);
#193 = LINE('',#194,#195);
#194 = CARTESIAN_POINT('',(64.,0.,5.));
#195 = VECTOR('',#196,1.);
#196 = DIRECTION('',(1.,0.,0.));
#197 = PCURVE('',#32,#198);
#198 = DEFINITIONAL_REPRESENTATION('',(#199),#202);
#199 = B_SPLINE_CURVE_WITH_KNOTS('',1,(#200,#201),.UNSPECIFIED.,.F.,.F.,
  (2,2),(40.,60.),.PIECEWISE_BEZIER_KNOTS.);
#200 = CARTESIAN_POINT('',(90.,-5.));
#201 = CARTESIAN_POINT('',(110.,-5.));
#202 = ( GEOMETRIC_REPRESENTATION_CONTEXT(2) 
PARAMETRIC_REPRESENTATION_CONTEXT() REPRESENTATION_CONTEXT('2D SPACE',''
  ) );
#203 = PCURVE('',#204,#209);
#204 = PLANE('',#205);
#205 = AXIS2_PLACEMENT_3D('',#206,#207,#208);
#206 = CARTESIAN_POINT('',(114.,-4.,5.));
#207 = DIRECTION('',(0.,0.,1.));
#208 = DIRECTION('',(1.,0.,-0.));
#209 = DEFINITIONAL_REPRESENTATION('',(#210),#213);
#210 = B_SPLINE_CURVE_WITH_KNOTS('',1,(#211,#212),.UNSPECIFIED.,.F.,.F.,
  (2,2),(40.,60.),.PIECEWISE_BEZIER_KNOTS.);
#211 = CARTESIAN_POINT('',(-10.,4.));
#212 = CARTESIAN_POINT('',(10.,4.));
#213 = ( GEOMETRIC_REPRESENTATION_CONTEXT(2) 
PARAMETRIC_REPRESENTATION_CONTEXT() REPRESENTATION_CONTEXT('2D SPACE',''
  ) );
#214 = ORIENTED_EDGE('',*,*,#215,.T.);
#215 = EDGE_CURVE('',#190,#216,#218,.T.);
#216 = VERTEX_POINT('',#217);
#217 = CARTESIAN_POINT('',(104.,0.,0.));
#218 = SURFACE_CURVE('',#219,(#223,#229),.PCURVE_S1.);
#219 = LINE('',#220,#221);
#220 = CARTESIAN_POINT('',(104.,0.,0.));
#221 = VECTOR('',#222,1.);
#222 = DIRECTION('',(-0.,0.,-1.));
#223 = PCURVE('',#32,#224);
#224 = DEFINITIONAL_REPRESENTATION('',(#225),#228);
#225 = B_SPLINE_CURVE_WITH_KNOTS('',1,(#226,#227),.UNSPECIFIED.,.F.,.F.,
  (2,2),(-5.,0.),.PIECEWISE_BEZIER_KNOTS.);
#226 = CARTESIAN_POINT('',(90.,-5.));
#227 = CARTESIAN_POINT('',(90.,0.));
#228 = ( GEOMETRIC_REPRESENTATION_CONTEXT(2) 
PARAMETRIC_REPRESENTATION_CONTEXT() REPRESENTATION_CONTEXT('2D SPACE',''
  ) );
#229 = PCURVE('',#230,#235);
#230 = PLANE('',#231);
#231 = AXIS2_PLACEMENT_3D('',#232,#233,#234);
#232 = CARTESIAN_POINT('',(104.,1.,0.));
#233 = DIRECTION('',(1.,0.,-0.));
#234 = DIRECTION('',(0.,-1.,0.));
#235 = DEFINITIONAL_REPRESENTATION('',(#236),#239);
#236 = B_SPLINE_CURVE_WITH_KNOTS('',1,(#237,#238),.UNSPECIFIED.,.F.,.F.,
  (2,2),(-5.,0.),.PIECEWISE_BEZIER_KNOTS.);
#237 = CARTESIAN_POINT('',(1.,-5.));
#238 = CARTESIAN_POINT('',(1.,0.));
#239 = ( GEOMETRIC_REPRESENTATION_CONTEXT(2) 
PARAMETRIC_REPRESENTATION_CONTEXT() REPRESENTATION_CONTEXT('2D SPACE',''
  ) );
#240 = ORIENTED_EDGE('',*,*,#241,.F.);
#241 = EDGE_CURVE('',#242,#216,#244,.T.);
#242 = VERTEX_POINT('',#243);
#243 = CARTESIAN_POINT('',(60.,0.,0.));
#244 = SURFACE_CURVE('',#245,(#249,#256),.PCURVE_S1.);
#245 = LINE('',#246,#247);
#246 = CARTESIAN_POINT('',(0.,0.,0.));
#247 = VECTOR('',#248,1.);
#248 = DIRECTION('',(1.,0.,0.));
#249 = PCURVE('',#32,#250);
#250 = DEFINITIONAL_REPRESENTATION('',(#251),#255);
#251 = LINE('',#252,#253);
#252 = CARTESIAN_POINT('',(-14.,0.));
#253 = VECTOR('',#254,1.);
#254 = DIRECTION('',(1.,0.));
#255 = ( GEOMETRIC_REPRESENTATION_CONTEXT(2) 
PARAMETRIC_REPRESENTATION_CONTEXT() REPRESENTATION_CONTEXT('2D SPACE',''
  ) );
#256 = PCURVE('',#44,#257);
#257 = DEFINITIONAL_REPRESENTATION('',(#258),#262);
#258 = LINE('',#259,#260);
#259 = CARTESIAN_POINT('',(-82.,-76.));
#260 = VECTOR('',#261,1.);
#261 = DIRECTION('',(1.,0.));
#262 = ( GEOMETRIC_REPRESENTATION_CONTEXT(2) 
PARAMETRIC_REPRESENTATION_CONTEXT() REPRESENTATION_CONTEXT('2D SPACE',''
  ) );
#263 = ORIENTED_EDGE('',*,*,#264,.T.);
#264 = EDGE_CURVE('',#242,#265,#267,.T.);
#265 = VERTEX_POINT('',#266);
#266 = CARTESIAN_POINT('',(60.,0.,5.));
#267 = SURFACE_CURVE('',#268,(#272,#278),.PCURVE_S1.);
#268 = LINE('',#269,#270);
#269 = CARTESIAN_POINT('',(60.,0.,0.));
#270 = VECTOR('',#271,1.);
#271 = DIRECTION('',(0.,-0.,1.));
#272 = PCURVE('',#32,#273);
#273 = DEFINITIONAL_REPRESENTATION('',(#274),#277);
#274 = B_SPLINE_CURVE_WITH_KNOTS('',1,(#275,#276),.UNSPECIFIED.,.F.,.F.,
  (2,2),(0.,5.),.PIECEWISE_BEZIER_KNOTS.);
#275 = CARTESIAN_POINT('',(46.,0.));
#276 = CARTESIAN_POINT('',(46.,-5.));
#277 = ( GEOMETRIC_REPRESENTATION_CONTEXT(2) 
PARAMETRIC_REPRESENTATION_CONTEXT() REPRESENTATION_CONTEXT('2D SPACE',''
  ) );
#278 = PCURVE('',#279,#284);
#279 = PLANE('',#280);
#280 = AXIS2_PLACEMENT_3D('',#281,#282,#283);
#281 = CARTESIAN_POINT('',(60.,-9.,0.));
#282 = DIRECTION('',(-1.,0.,0.));
#283 = DIRECTION('',(0.,1.,0.));
#284 = DEFINITIONAL_REPRESENTATION('',(#285),#288);
#285 = B_SPLINE_CURVE_WITH_KNOTS('',1,(#286,#287),.UNSPECIFIED.,.F.,.F.,
  (2,2),(0.,5.),.PIECEWISE_BEZIER_KNOTS.);
#286 = CARTESIAN_POINT('',(9.,0.));
#287 = CARTESIAN_POINT('',(9.,-5.));
#288 = ( GEOMETRIC_REPRESENTATION_CONTEXT(2) 
PARAMETRIC_REPRESENTATION_CONTEXT() REPRESENTATION_CONTEXT('2D SPACE',''
  ) );
#289 = ORIENTED_EDGE('',*,*,#290,.F.);
#290 = EDGE_CURVE('',#291,#265,#293,.T.);
#291 = VERTEX_POINT('',#292);
#292 = CARTESIAN_POINT('',(40.,0.,5.));
#293 = SURFACE_CURVE('',#294,(#298,#304),.PCURVE_S1.);
#294 = LINE('',#295,#296);
#295 = CARTESIAN_POINT('',(32.,0.,5.));
#296 = VECTOR('',#297,1.);
#297 = DIRECTION('',(1.,0.,0.));
#298 = PCURVE('',#32,#299);
#299 = DEFINITIONAL_REPRESENTATION('',(#300),#303);
#300 = B_SPLINE_CURVE_WITH_KNOTS('',1,(#301,#302),.UNSPECIFIED.,.F.,.F.,
  (2,2),(8.,28.),.PIECEWISE_BEZIER_KNOTS.);
#301 = CARTESIAN_POINT('',(26.,-5.));
#302 = CARTESIAN_POINT('',(46.,-5.));
#303 = ( GEOMETRIC_REPRESENTATION_CONTEXT(2) 
PARAMETRIC_REPRESENTATION_CONTEXT() REPRESENTATION_CONTEXT('2D SPACE',''
  ) );
#304 = PCURVE('',#305,#310);
#305 = PLANE('',#306);
#306 = AXIS2_PLACEMENT_3D('',#307,#308,#309);
#307 = CARTESIAN_POINT('',(50.,-4.,5.));
#308 = DIRECTION('',(0.,0.,1.));
#309 = DIRECTION('',(1.,0.,-0.));
#310 = DEFINITIONAL_REPRESENTATION('',(#311),#314);
#311 = B_SPLINE_CURVE_WITH_KNOTS('',1,(#312,#313),.UNSPECIFIED.,.F.,.F.,
  (2,2),(8.,28.),.PIECEWISE_BEZIER_KNOTS.);
#312 = CARTESIAN_POINT('',(-10.,4.));
#313 = CARTESIAN_POINT('',(10.,4.));
#314 = ( GEOMETRIC_REPRESENTATION_CONTEXT(2) 
PARAMETRIC_REPRESENTATION_CONTEXT() REPRESENTATION_CONTEXT('2D SPACE',''
  ) );
#315 = ORIENTED_EDGE('',*,*,#316,.T.);
#316 = EDGE_CURVE('',#291,#24,#317,.T.);
#317 = SURFACE_CURVE('',#318,(#322,#328),.PCURVE_S1.);
#318 = LINE('',#319,#320);
#319 = CARTESIAN_POINT('',(40.,0.,0.));
#320 = VECTOR('',#321,1.);
#321 = DIRECTION('',(-0.,0.,-1.));
#322 = PCURVE('',#32,#323);
#323 = DEFINITIONAL_REPRESENTATION('',(#324),#327);
#324 = B_SPLINE_CURVE_WITH_KNOTS('',1,(#325,#326),.UNSPECIFIED.,.F.,.F.,
  (2,2),(-5.,0.),.PIECEWISE_BEZIER_KNOTS.);
#325 = CARTESIAN_POINT('',(26.,-5.));
#326 = CARTESIAN_POINT('',(26.,0.));
#327 = ( GEOMETRIC_REPRESENTATION_CONTEXT(2) 
PARAMETRIC_REPRESENTATION_CONTEXT() REPRESENTATION_CONTEXT('2D SPACE',''
  ) );
#328 = PCURVE('',#329,#334);
#329 = PLANE('',#330);
#330 = AXIS2_PLACEMENT_3D('',#331,#332,#333);
#331 = CARTESIAN_POINT('',(40.,1.,0.));
#332 = DIRECTION('',(1.,0.,-0.));
#333 = DIRECTION('',(0.,-1.,0.));
#334 = DEFINITIONAL_REPRESENTATION('',(#335),#338);
#335 = B_SPLINE_CURVE_WITH_KNOTS('',1,(#336,#337),.UNSPECIFIED.,.F.,.F.,
  (2,2),(-5.,0.),.PIECEWISE_BEZIER_KNOTS.);
#336 = CARTESIAN_POINT('',(1.,-5.));
#337 = CARTESIAN_POINT('',(1.,0.));
#338 = ( GEOMETRIC_REPRESENTATION_CONTEXT(2) 
PARAMETRIC_REPRESENTATION_CONTEXT() REPRESENTATION_CONTEXT('2D SPACE',''
  ) );
#339 = ADVANCED_FACE('',(#340,#1288,#1323,#1358,#1393,#1428,#1586),#44,
  .F.);
#340 = FACE_BOUND('',#341,.F.);
#341 = EDGE_LOOP('',(#342,#372,#400,#429,#457,#479,#480,#503,#532,#560,
    #589,#610,#611,#634,#663,#691,#720,#741,#742,#766,#794,#822,#851,
    #879,#908,#936,#959,#988,#1011,#1039,#1068,#1096,#1125,#1153,#1176,
    #1204,#1233,#1261));
#342 = ORIENTED_EDGE('',*,*,#343,.T.);
#343 = EDGE_CURVE('',#344,#346,#348,.T.);
#344 = VERTEX_POINT('',#345);
#345 = CARTESIAN_POINT('',(40.,161.,0.));
#346 = VERTEX_POINT('',#347);
#347 = CARTESIAN_POINT('',(40.,152.,0.));
#348 = SURFACE_CURVE('',#349,(#353,#360),.PCURVE_S1.);
#349 = LINE('',#350,#351);
#350 = CARTESIAN_POINT('',(40.,164.,0.));
#351 = VECTOR('',#352,1.);
#352 = DIRECTION('',(0.,-1.,0.));
#353 = PCURVE('',#44,#354);
#354 = DEFINITIONAL_REPRESENTATION('',(#355),#359);
#355 = LINE('',#356,#357);
#356 = CARTESIAN_POINT('',(-42.,88.));
#357 = VECTOR('',#358,1.);
#358 = DIRECTION('',(0.,-1.));
#359 = ( GEOMETRIC_REPRESENTATION_CONTEXT(2) 
PARAMETRIC_REPRESENTATION_CONTEXT() REPRESENTATION_CONTEXT('2D SPACE',''
  ) );
#360 = PCURVE('',#361,#366);
#361 = PLANE('',#362);
#362 = AXIS2_PLACEMENT_3D('',#363,#364,#365);
#363 = CARTESIAN_POINT('',(40.,161.,0.));
#364 = DIRECTION('',(1.,0.,-0.));
#365 = DIRECTION('',(0.,-1.,0.));
#366 = DEFINITIONAL_REPRESENTATION('',(#367),#371);
#367 = LINE('',#368,#369);
#368 = CARTESIAN_POINT('',(-3.,0.));
#369 = VECTOR('',#370,1.);
#370 = DIRECTION('',(1.,0.));
#371 = ( GEOMETRIC_REPRESENTATION_CONTEXT(2) 
PARAMETRIC_REPRESENTATION_CONTEXT() REPRESENTATION_CONTEXT('2D SPACE',''
  ) );
#372 = ORIENTED_EDGE('',*,*,#373,.T.);
#373 = EDGE_CURVE('',#346,#374,#376,.T.);
#374 = VERTEX_POINT('',#375);
#375 = CARTESIAN_POINT('',(14.,152.,0.));
#376 = SURFACE_CURVE('',#377,(#381,#388),.PCURVE_S1.);
#377 = LINE('',#378,#379);
#378 = CARTESIAN_POINT('',(164.,152.,0.));
#379 = VECTOR('',#380,1.);
#380 = DIRECTION('',(-1.,0.,0.));
#381 = PCURVE('',#44,#382);
#382 = DEFINITIONAL_REPRESENTATION('',(#383),#387);
#383 = LINE('',#384,#385);
#384 = CARTESIAN_POINT('',(82.,76.));
#385 = VECTOR('',#386,1.);
#386 = DIRECTION('',(-1.,0.));
#387 = ( GEOMETRIC_REPRESENTATION_CONTEXT(2) 
PARAMETRIC_REPRESENTATION_CONTEXT() REPRESENTATION_CONTEXT('2D SPACE',''
  ) );
#388 = PCURVE('',#389,#394);
#389 = PLANE('',#390);
#390 = AXIS2_PLACEMENT_3D('',#391,#392,#393);
#391 = CARTESIAN_POINT('',(150.,152.,0.));
#392 = DIRECTION('',(0.,-1.,0.));
#393 = DIRECTION('',(-1.,0.,0.));
#394 = DEFINITIONAL_REPRESENTATION('',(#395),#399);
#395 = LINE('',#396,#397);
#396 = CARTESIAN_POINT('',(-14.,-0.));
#397 = VECTOR('',#398,1.);
#398 = DIRECTION('',(1.,0.));
#399 = ( GEOMETRIC_REPRESENTATION_CONTEXT(2) 
PARAMETRIC_REPRESENTATION_CONTEXT() REPRESENTATION_CONTEXT('2D SPACE',''
  ) );
#400 = ORIENTED_EDGE('',*,*,#401,.T.);
#401 = EDGE_CURVE('',#374,#402,#404,.T.);
#402 = VERTEX_POINT('',#403);
#403 = CARTESIAN_POINT('',(0.,138.,0.));
#404 = SURFACE_CURVE('',#405,(#410,#417),.PCURVE_S1.);
#405 = CIRCLE('',#406,14.);
#406 = AXIS2_PLACEMENT_3D('',#407,#408,#409);
#407 = CARTESIAN_POINT('',(14.,138.,0.));
#408 = DIRECTION('',(0.,-0.,1.));
#409 = DIRECTION('',(1.,0.,0.));
#410 = PCURVE('',#44,#411);
#411 = DEFINITIONAL_REPRESENTATION('',(#412),#416);
#412 = CIRCLE('',#413,14.);
#413 = AXIS2_PLACEMENT_2D('',#414,#415);
#414 = CARTESIAN_POINT('',(-68.,62.));
#415 = DIRECTION('',(1.,0.));
#416 = ( GEOMETRIC_REPRESENTATION_CONTEXT(2) 
PARAMETRIC_REPRESENTATION_CONTEXT() REPRESENTATION_CONTEXT('2D SPACE',''
  ) );
#417 = PCURVE('',#418,#423);
#418 = CYLINDRICAL_SURFACE('',#419,14.);
#419 = AXIS2_PLACEMENT_3D('',#420,#421,#422);
#420 = CARTESIAN_POINT('',(14.,138.,0.));
#421 = DIRECTION('',(-0.,0.,-1.));
#422 = DIRECTION('',(1.,0.,0.));
#423 = DEFINITIONAL_REPRESENTATION('',(#424),#428);
#424 = LINE('',#425,#426);
#425 = CARTESIAN_POINT('',(-0.,0.));
#426 = VECTOR('',#427,1.);
#427 = DIRECTION('',(-1.,0.));
#428 = ( GEOMETRIC_REPRESENTATION_CONTEXT(2) 
PARAMETRIC_REPRESENTATION_CONTEXT() REPRESENTATION_CONTEXT('2D SPACE',''
  ) );
#429 = ORIENTED_EDGE('',*,*,#430,.T.);
#430 = EDGE_CURVE('',#402,#431,#433,.T.);
#431 = VERTEX_POINT('',#432);
#432 = CARTESIAN_POINT('',(0.,14.,0.));
#433 = SURFACE_CURVE('',#434,(#438,#445),.PCURVE_S1.);
#434 = LINE('',#435,#436);
#435 = CARTESIAN_POINT('',(0.,152.,0.));
#436 = VECTOR('',#437,1.);
#437 = DIRECTION('',(0.,-1.,0.));
#438 = PCURVE('',#44,#439);
#439 = DEFINITIONAL_REPRESENTATION('',(#440),#444);
#440 = LINE('',#441,#442);
#441 = CARTESIAN_POINT('',(-82.,76.));
#442 = VECTOR('',#443,1.);
#443 = DIRECTION('',(0.,-1.));
#444 = ( GEOMETRIC_REPRESENTATION_CONTEXT(2) 
PARAMETRIC_REPRESENTATION_CONTEXT() REPRESENTATION_CONTEXT('2D SPACE',''
  ) );
#445 = PCURVE('',#446,#451);
#446 = PLANE('',#447);
#447 = AXIS2_PLACEMENT_3D('',#448,#449,#450);
#448 = CARTESIAN_POINT('',(0.,138.,0.));
#449 = DIRECTION('',(1.,0.,-0.));
#450 = DIRECTION('',(0.,-1.,0.));
#451 = DEFINITIONAL_REPRESENTATION('',(#452),#456);
#452 = LINE('',#453,#454);
#453 = CARTESIAN_POINT('',(-14.,0.));
#454 = VECTOR('',#455,1.);
#455 = DIRECTION('',(1.,0.));
#456 = ( GEOMETRIC_REPRESENTATION_CONTEXT(2) 
PARAMETRIC_REPRESENTATION_CONTEXT() REPRESENTATION_CONTEXT('2D SPACE',''
  ) );
#457 = ORIENTED_EDGE('',*,*,#458,.T.);
#458 = EDGE_CURVE('',#431,#22,#459,.T.);
#459 = SURFACE_CURVE('',#460,(#465,#472),.PCURVE_S1.);
#460 = CIRCLE('',#461,14.);
#461 = AXIS2_PLACEMENT_3D('',#462,#463,#464);
#462 = CARTESIAN_POINT('',(14.,14.,0.));
#463 = DIRECTION('',(0.,-0.,1.));
#464 = DIRECTION('',(1.,0.,0.));
#465 = PCURVE('',#44,#466);
#466 = DEFINITIONAL_REPRESENTATION('',(#467),#471);
#467 = CIRCLE('',#468,14.);
#468 = AXIS2_PLACEMENT_2D('',#469,#470);
#469 = CARTESIAN_POINT('',(-68.,-62.));
#470 = DIRECTION('',(1.,0.));
#471 = ( GEOMETRIC_REPRESENTATION_CONTEXT(2) 
PARAMETRIC_REPRESENTATION_CONTEXT() REPRESENTATION_CONTEXT('2D SPACE',''
  ) );
#472 = PCURVE('',#72,#473);
#473 = DEFINITIONAL_REPRESENTATION('',(#474),#478);
#474 = LINE('',#475,#476);
#475 = CARTESIAN_POINT('',(-0.,0.));
#476 = VECTOR('',#477,1.);
#477 = DIRECTION('',(-1.,0.));
#478 = ( GEOMETRIC_REPRESENTATION_CONTEXT(2) 
PARAMETRIC_REPRESENTATION_CONTEXT() REPRESENTATION_CONTEXT('2D SPACE',''
  ) );
#479 = ORIENTED_EDGE('',*,*,#21,.T.);
#480 = ORIENTED_EDGE('',*,*,#481,.T.);
#481 = EDGE_CURVE('',#24,#482,#484,.T.);
#482 = VERTEX_POINT('',#483);
#483 = CARTESIAN_POINT('',(40.,-9.,0.));
#484 = SURFACE_CURVE('',#485,(#489,#496),.PCURVE_S1.);
#485 = LINE('',#486,#487);
#486 = CARTESIAN_POINT('',(40.,4.,0.));
#487 = VECTOR('',#488,1.);
#488 = DIRECTION('',(0.,-1.,0.));
#489 = PCURVE('',#44,#490);
#490 = DEFINITIONAL_REPRESENTATION('',(#491),#495);
#491 = LINE('',#492,#493);
#492 = CARTESIAN_POINT('',(-42.,-72.));
#493 = VECTOR('',#494,1.);
#494 = DIRECTION('',(0.,-1.));
#495 = ( GEOMETRIC_REPRESENTATION_CONTEXT(2) 
PARAMETRIC_REPRESENTATION_CONTEXT() REPRESENTATION_CONTEXT('2D SPACE',''
  ) );
#496 = PCURVE('',#329,#497);
#497 = DEFINITIONAL_REPRESENTATION('',(#498),#502);
#498 = LINE('',#499,#500);
#499 = CARTESIAN_POINT('',(-3.,0.));
#500 = VECTOR('',#501,1.);
#501 = DIRECTION('',(1.,0.));
#502 = ( GEOMETRIC_REPRESENTATION_CONTEXT(2) 
PARAMETRIC_REPRESENTATION_CONTEXT() REPRESENTATION_CONTEXT('2D SPACE',''
  ) );
#503 = ORIENTED_EDGE('',*,*,#504,.T.);
#504 = EDGE_CURVE('',#482,#505,#507,.T.);
#505 = VERTEX_POINT('',#506);
#506 = CARTESIAN_POINT('',(43.,-12.,0.));
#507 = SURFACE_CURVE('',#508,(#513,#520),.PCURVE_S1.);
#508 = CIRCLE('',#509,3.);
#509 = AXIS2_PLACEMENT_3D('',#510,#511,#512);
#510 = CARTESIAN_POINT('',(43.,-9.,0.));
#511 = DIRECTION('',(0.,-0.,1.));
#512 = DIRECTION('',(1.,0.,0.));
#513 = PCURVE('',#44,#514);
#514 = DEFINITIONAL_REPRESENTATION('',(#515),#519);
#515 = CIRCLE('',#516,3.);
#516 = AXIS2_PLACEMENT_2D('',#517,#518);
#517 = CARTESIAN_POINT('',(-39.,-85.));
#518 = DIRECTION('',(1.,0.));
#519 = ( GEOMETRIC_REPRESENTATION_CONTEXT(2) 
PARAMETRIC_REPRESENTATION_CONTEXT() REPRESENTATION_CONTEXT('2D SPACE',''
  ) );
#520 = PCURVE('',#521,#526);
#521 = CYLINDRICAL_SURFACE('',#522,3.);
#522 = AXIS2_PLACEMENT_3D('',#523,#524,#525);
#523 = CARTESIAN_POINT('',(43.,-9.,0.));
#524 = DIRECTION('',(-0.,0.,-1.));
#525 = DIRECTION('',(1.,0.,0.));
#526 = DEFINITIONAL_REPRESENTATION('',(#527),#531);
#527 = LINE('',#528,#529);
#528 = CARTESIAN_POINT('',(-0.,0.));
#529 = VECTOR('',#530,1.);
#530 = DIRECTION('',(-1.,0.));
#531 = ( GEOMETRIC_REPRESENTATION_CONTEXT(2) 
PARAMETRIC_REPRESENTATION_CONTEXT() REPRESENTATION_CONTEXT('2D SPACE',''
  ) );
#532 = ORIENTED_EDGE('',*,*,#533,.T.);
#533 = EDGE_CURVE('',#505,#534,#536,.T.);
#534 = VERTEX_POINT('',#535);
#535 = CARTESIAN_POINT('',(57.,-12.,0.));
#536 = SURFACE_CURVE('',#537,(#541,#548),.PCURVE_S1.);
#537 = LINE('',#538,#539);
#538 = CARTESIAN_POINT('',(40.,-12.,0.));
#539 = VECTOR('',#540,1.);
#540 = DIRECTION('',(1.,0.,0.));
#541 = PCURVE('',#44,#542);
#542 = DEFINITIONAL_REPRESENTATION('',(#543),#547);
#543 = LINE('',#544,#545);
#544 = CARTESIAN_POINT('',(-42.,-88.));
#545 = VECTOR('',#546,1.);
#546 = DIRECTION('',(1.,0.));
#547 = ( GEOMETRIC_REPRESENTATION_CONTEXT(2) 
PARAMETRIC_REPRESENTATION_CONTEXT() REPRESENTATION_CONTEXT('2D SPACE',''
  ) );
#548 = PCURVE('',#549,#554);
#549 = PLANE('',#550);
#550 = AXIS2_PLACEMENT_3D('',#551,#552,#553);
#551 = CARTESIAN_POINT('',(43.,-12.,0.));
#552 = DIRECTION('',(0.,1.,0.));
#553 = DIRECTION('',(1.,0.,0.));
#554 = DEFINITIONAL_REPRESENTATION('',(#555),#559);
#555 = LINE('',#556,#557);
#556 = CARTESIAN_POINT('',(-3.,0.));
#557 = VECTOR('',#558,1.);
#558 = DIRECTION('',(1.,0.));
#559 = ( GEOMETRIC_REPRESENTATION_CONTEXT(2) 
PARAMETRIC_REPRESENTATION_CONTEXT() REPRESENTATION_CONTEXT('2D SPACE',''
  ) );
#560 = ORIENTED_EDGE('',*,*,#561,.T.);
#561 = EDGE_CURVE('',#534,#562,#564,.T.);
#562 = VERTEX_POINT('',#563);
#563 = CARTESIAN_POINT('',(60.,-9.,0.));
#564 = SURFACE_CURVE('',#565,(#570,#577),.PCURVE_S1.);
#565 = CIRCLE('',#566,3.);
#566 = AXIS2_PLACEMENT_3D('',#567,#568,#569);
#567 = CARTESIAN_POINT('',(57.,-9.,0.));
#568 = DIRECTION('',(0.,-0.,1.));
#569 = DIRECTION('',(1.,0.,0.));
#570 = PCURVE('',#44,#571);
#571 = DEFINITIONAL_REPRESENTATION('',(#572),#576);
#572 = CIRCLE('',#573,3.);
#573 = AXIS2_PLACEMENT_2D('',#574,#575);
#574 = CARTESIAN_POINT('',(-25.,-85.));
#575 = DIRECTION('',(1.,0.));
#576 = ( GEOMETRIC_REPRESENTATION_CONTEXT(2) 
PARAMETRIC_REPRESENTATION_CONTEXT() REPRESENTATION_CONTEXT('2D SPACE',''
  ) );
#577 = PCURVE('',#578,#583);
#578 = CYLINDRICAL_SURFACE('',#579,3.);
#579 = AXIS2_PLACEMENT_3D('',#580,#581,#582);
#580 = CARTESIAN_POINT('',(57.,-9.,0.));
#581 = DIRECTION('',(-0.,0.,-1.));
#582 = DIRECTION('',(1.,0.,0.));
#583 = DEFINITIONAL_REPRESENTATION('',(#584),#588);
#584 = LINE('',#585,#586);
#585 = CARTESIAN_POINT('',(-0.,0.));
#586 = VECTOR('',#587,1.);
#587 = DIRECTION('',(-1.,0.));
#588 = ( GEOMETRIC_REPRESENTATION_CONTEXT(2) 
PARAMETRIC_REPRESENTATION_CONTEXT() REPRESENTATION_CONTEXT('2D SPACE',''
  ) );
#589 = ORIENTED_EDGE('',*,*,#590,.T.);
#590 = EDGE_CURVE('',#562,#242,#591,.T.);
#591 = SURFACE_CURVE('',#592,(#596,#603),.PCURVE_S1.);
#592 = LINE('',#593,#594);
#593 = CARTESIAN_POINT('',(60.,-12.,0.));
#594 = VECTOR('',#595,1.);
#595 = DIRECTION('',(0.,1.,0.));
#596 = PCURVE('',#44,#597);
#597 = DEFINITIONAL_REPRESENTATION('',(#598),#602);
#598 = LINE('',#599,#600);
#599 = CARTESIAN_POINT('',(-22.,-88.));
#600 = VECTOR('',#601,1.);
#601 = DIRECTION('',(0.,1.));
#602 = ( GEOMETRIC_REPRESENTATION_CONTEXT(2) 
PARAMETRIC_REPRESENTATION_CONTEXT() REPRESENTATION_CONTEXT('2D SPACE',''
  ) );
#603 = PCURVE('',#279,#604);
#604 = DEFINITIONAL_REPRESENTATION('',(#605),#609);
#605 = LINE('',#606,#607);
#606 = CARTESIAN_POINT('',(-3.,0.));
#607 = VECTOR('',#608,1.);
#608 = DIRECTION('',(1.,0.));
#609 = ( GEOMETRIC_REPRESENTATION_CONTEXT(2) 
PARAMETRIC_REPRESENTATION_CONTEXT() REPRESENTATION_CONTEXT('2D SPACE',''
  ) );
#610 = ORIENTED_EDGE('',*,*,#241,.T.);
#611 = ORIENTED_EDGE('',*,*,#612,.T.);
#612 = EDGE_CURVE('',#216,#613,#615,.T.);
#613 = VERTEX_POINT('',#614);
#614 = CARTESIAN_POINT('',(104.,-9.,0.));
#615 = SURFACE_CURVE('',#616,(#620,#627),.PCURVE_S1.);
#616 = LINE('',#617,#618);
#617 = CARTESIAN_POINT('',(104.,4.,0.));
#618 = VECTOR('',#619,1.);
#619 = DIRECTION('',(0.,-1.,0.));
#620 = PCURVE('',#44,#621);
#621 = DEFINITIONAL_REPRESENTATION('',(#622),#626);
#622 = LINE('',#623,#624);
#623 = CARTESIAN_POINT('',(22.,-72.));
#624 = VECTOR('',#625,1.);
#625 = DIRECTION('',(0.,-1.));
#626 = ( GEOMETRIC_REPRESENTATION_CONTEXT(2) 
PARAMETRIC_REPRESENTATION_CONTEXT() REPRESENTATION_CONTEXT('2D SPACE',''
  ) );
#627 = PCURVE('',#230,#628);
#628 = DEFINITIONAL_REPRESENTATION('',(#629),#633);
#629 = LINE('',#630,#631);
#630 = CARTESIAN_POINT('',(-3.,0.));
#631 = VECTOR('',#632,1.);
#632 = DIRECTION('',(1.,0.));
#633 = ( GEOMETRIC_REPRESENTATION_CONTEXT(2) 
PARAMETRIC_REPRESENTATION_CONTEXT() REPRESENTATION_CONTEXT('2D SPACE',''
  ) );
#634 = ORIENTED_EDGE('',*,*,#635,.T.);
#635 = EDGE_CURVE('',#613,#636,#638,.T.);
#636 = VERTEX_POINT('',#637);
#637 = CARTESIAN_POINT('',(107.,-12.,0.));
#638 = SURFACE_CURVE('',#639,(#644,#651),.PCURVE_S1.);
#639 = CIRCLE('',#640,3.);
#640 = AXIS2_PLACEMENT_3D('',#641,#642,#643);
#641 = CARTESIAN_POINT('',(107.,-9.,0.));
#642 = DIRECTION('',(0.,-0.,1.));
#643 = DIRECTION('',(1.,0.,0.));
#644 = PCURVE('',#44,#645);
#645 = DEFINITIONAL_REPRESENTATION('',(#646),#650);
#646 = CIRCLE('',#647,3.);
#647 = AXIS2_PLACEMENT_2D('',#648,#649);
#648 = CARTESIAN_POINT('',(25.,-85.));
#649 = DIRECTION('',(1.,0.));
#650 = ( GEOMETRIC_REPRESENTATION_CONTEXT(2) 
PARAMETRIC_REPRESENTATION_CONTEXT() REPRESENTATION_CONTEXT('2D SPACE',''
  ) );
#651 = PCURVE('',#652,#657);
#652 = CYLINDRICAL_SURFACE('',#653,3.);
#653 = AXIS2_PLACEMENT_3D('',#654,#655,#656);
#654 = CARTESIAN_POINT('',(107.,-9.,0.));
#655 = DIRECTION('',(-0.,0.,-1.));
#656 = DIRECTION('',(1.,0.,0.));
#657 = DEFINITIONAL_REPRESENTATION('',(#658),#662);
#658 = LINE('',#659,#660);
#659 = CARTESIAN_POINT('',(-0.,0.));
#660 = VECTOR('',#661,1.);
#661 = DIRECTION('',(-1.,0.));
#662 = ( GEOMETRIC_REPRESENTATION_CONTEXT(2) 
PARAMETRIC_REPRESENTATION_CONTEXT() REPRESENTATION_CONTEXT('2D SPACE',''
  ) );
#663 = ORIENTED_EDGE('',*,*,#664,.T.);
#664 = EDGE_CURVE('',#636,#665,#667,.T.);
#665 = VERTEX_POINT('',#666);
#666 = CARTESIAN_POINT('',(121.,-12.,0.));
#667 = SURFACE_CURVE('',#668,(#672,#679),.PCURVE_S1.);
#668 = LINE('',#669,#670);
#669 = CARTESIAN_POINT('',(104.,-12.,0.));
#670 = VECTOR('',#671,1.);
#671 = DIRECTION('',(1.,0.,0.));
#672 = PCURVE('',#44,#673);
#673 = DEFINITIONAL_REPRESENTATION('',(#674),#678);
#674 = LINE('',#675,#676);
#675 = CARTESIAN_POINT('',(22.,-88.));
#676 = VECTOR('',#677,1.);
#677 = DIRECTION('',(1.,0.));
#678 = ( GEOMETRIC_REPRESENTATION_CONTEXT(2) 
PARAMETRIC_REPRESENTATION_CONTEXT() REPRESENTATION_CONTEXT('2D SPACE',''
  ) );
#679 = PCURVE('',#680,#685);
#680 = PLANE('',#681);
#681 = AXIS2_PLACEMENT_3D('',#682,#683,#684);
#682 = CARTESIAN_POINT('',(107.,-12.,0.));
#683 = DIRECTION('',(0.,1.,0.));
#684 = DIRECTION('',(1.,0.,0.));
#685 = DEFINITIONAL_REPRESENTATION('',(#686),#690);
#686 = LINE('',#687,#688);
#687 = CARTESIAN_POINT('',(-3.,0.));
#688 = VECTOR('',#689,1.);
#689 = DIRECTION('',(1.,0.));
#690 = ( GEOMETRIC_REPRESENTATION_CONTEXT(2) 
PARAMETRIC_REPRESENTATION_CONTEXT() REPRESENTATION_CONTEXT('2D SPACE',''
  ) );
#691 = ORIENTED_EDGE('',*,*,#692,.T.);
#692 = EDGE_CURVE('',#665,#693,#695,.T.);
#693 = VERTEX_POINT('',#694);
#694 = CARTESIAN_POINT('',(124.,-9.,0.));
#695 = SURFACE_CURVE('',#696,(#701,#708),.PCURVE_S1.);
#696 = CIRCLE('',#697,3.);
#697 = AXIS2_PLACEMENT_3D('',#698,#699,#700);
#698 = CARTESIAN_POINT('',(121.,-9.,0.));
#699 = DIRECTION('',(0.,-0.,1.));
#700 = DIRECTION('',(1.,0.,0.));
#701 = PCURVE('',#44,#702);
#702 = DEFINITIONAL_REPRESENTATION('',(#703),#707);
#703 = CIRCLE('',#704,3.);
#704 = AXIS2_PLACEMENT_2D('',#705,#706);
#705 = CARTESIAN_POINT('',(39.,-85.));
#706 = DIRECTION('',(1.,0.));
#707 = ( GEOMETRIC_REPRESENTATION_CONTEXT(2) 
PARAMETRIC_REPRESENTATION_CONTEXT() REPRESENTATION_CONTEXT('2D SPACE',''
  ) );
#708 = PCURVE('',#709,#714);
#709 = CYLINDRICAL_SURFACE('',#710,3.);
#710 = AXIS2_PLACEMENT_3D('',#711,#712,#713);
#711 = CARTESIAN_POINT('',(121.,-9.,0.));
#712 = DIRECTION('',(-0.,0.,-1.));
#713 = DIRECTION('',(1.,0.,0.));
#714 = DEFINITIONAL_REPRESENTATION('',(#715),#719);
#715 = LINE('',#716,#717);
#716 = CARTESIAN_POINT('',(-0.,0.));
#717 = VECTOR('',#718,1.);
#718 = DIRECTION('',(-1.,0.));
#719 = ( GEOMETRIC_REPRESENTATION_CONTEXT(2) 
PARAMETRIC_REPRESENTATION_CONTEXT() REPRESENTATION_CONTEXT('2D SPACE',''
  ) );
#720 = ORIENTED_EDGE('',*,*,#721,.T.);
#721 = EDGE_CURVE('',#693,#141,#722,.T.);
#722 = SURFACE_CURVE('',#723,(#727,#734),.PCURVE_S1.);
#723 = LINE('',#724,#725);
#724 = CARTESIAN_POINT('',(124.,-12.,0.));
#725 = VECTOR('',#726,1.);
#726 = DIRECTION('',(0.,1.,0.));
#727 = PCURVE('',#44,#728);
#728 = DEFINITIONAL_REPRESENTATION('',(#729),#733);
#729 = LINE('',#730,#731);
#730 = CARTESIAN_POINT('',(42.,-88.));
#731 = VECTOR('',#732,1.);
#732 = DIRECTION('',(0.,1.));
#733 = ( GEOMETRIC_REPRESENTATION_CONTEXT(2) 
PARAMETRIC_REPRESENTATION_CONTEXT() REPRESENTATION_CONTEXT('2D SPACE',''
  ) );
#734 = PCURVE('',#178,#735);
#735 = DEFINITIONAL_REPRESENTATION('',(#736),#740);
#736 = LINE('',#737,#738);
#737 = CARTESIAN_POINT('',(-3.,0.));
#738 = VECTOR('',#739,1.);
#739 = DIRECTION('',(1.,0.));
#740 = ( GEOMETRIC_REPRESENTATION_CONTEXT(2) 
PARAMETRIC_REPRESENTATION_CONTEXT() REPRESENTATION_CONTEXT('2D SPACE',''
  ) );
#741 = ORIENTED_EDGE('',*,*,#140,.T.);
#742 = ORIENTED_EDGE('',*,*,#743,.T.);
#743 = EDGE_CURVE('',#113,#744,#746,.T.);
#744 = VERTEX_POINT('',#745);
#745 = CARTESIAN_POINT('',(164.,14.,0.));
#746 = SURFACE_CURVE('',#747,(#752,#759),.PCURVE_S1.);
#747 = CIRCLE('',#748,14.);
#748 = AXIS2_PLACEMENT_3D('',#749,#750,#751);
#749 = CARTESIAN_POINT('',(150.,14.,0.));
#750 = DIRECTION('',(0.,-0.,1.));
#751 = DIRECTION('',(1.,0.,0.));
#752 = PCURVE('',#44,#753);
#753 = DEFINITIONAL_REPRESENTATION('',(#754),#758);
#754 = CIRCLE('',#755,14.);
#755 = AXIS2_PLACEMENT_2D('',#756,#757);
#756 = CARTESIAN_POINT('',(68.,-62.));
#757 = DIRECTION('',(1.,0.));
#758 = ( GEOMETRIC_REPRESENTATION_CONTEXT(2) 
PARAMETRIC_REPRESENTATION_CONTEXT() REPRESENTATION_CONTEXT('2D SPACE',''
  ) );
#759 = PCURVE('',#128,#760);
#760 = DEFINITIONAL_REPRESENTATION('',(#761),#765);
#761 = LINE('',#762,#763);
#762 = CARTESIAN_POINT('',(-0.,0.));
#763 = VECTOR('',#764,1.);
#764 = DIRECTION('',(-1.,0.));
#765 = ( GEOMETRIC_REPRESENTATION_CONTEXT(2) 
PARAMETRIC_REPRESENTATION_CONTEXT() REPRESENTATION_CONTEXT('2D SPACE',''
  ) );
#766 = ORIENTED_EDGE('',*,*,#767,.T.);
#767 = EDGE_CURVE('',#744,#768,#770,.T.);
#768 = VERTEX_POINT('',#769);
#769 = CARTESIAN_POINT('',(164.,108.,0.));
#770 = SURFACE_CURVE('',#771,(#775,#782),.PCURVE_S1.);
#771 = LINE('',#772,#773);
#772 = CARTESIAN_POINT('',(164.,0.,0.));
#773 = VECTOR('',#774,1.);
#774 = DIRECTION('',(0.,1.,0.));
#775 = PCURVE('',#44,#776);
#776 = DEFINITIONAL_REPRESENTATION('',(#777),#781);
#777 = LINE('',#778,#779);
#778 = CARTESIAN_POINT('',(82.,-76.));
#779 = VECTOR('',#780,1.);
#780 = DIRECTION('',(0.,1.));
#781 = ( GEOMETRIC_REPRESENTATION_CONTEXT(2) 
PARAMETRIC_REPRESENTATION_CONTEXT() REPRESENTATION_CONTEXT('2D SPACE',''
  ) );
#782 = PCURVE('',#783,#788);
#783 = PLANE('',#784);
#784 = AXIS2_PLACEMENT_3D('',#785,#786,#787);
#785 = CARTESIAN_POINT('',(164.,14.,0.));
#786 = DIRECTION('',(-1.,0.,0.));
#787 = DIRECTION('',(0.,1.,0.));
#788 = DEFINITIONAL_REPRESENTATION('',(#789),#793);
#789 = LINE('',#790,#791);
#790 = CARTESIAN_POINT('',(-14.,0.));
#791 = VECTOR('',#792,1.);
#792 = DIRECTION('',(1.,0.));
#793 = ( GEOMETRIC_REPRESENTATION_CONTEXT(2) 
PARAMETRIC_REPRESENTATION_CONTEXT() REPRESENTATION_CONTEXT('2D SPACE',''
  ) );
#794 = ORIENTED_EDGE('',*,*,#795,.T.);
#795 = EDGE_CURVE('',#768,#796,#798,.T.);
#796 = VERTEX_POINT('',#797);
#797 = CARTESIAN_POINT('',(188.,108.,0.));
#798 = SURFACE_CURVE('',#799,(#803,#810),.PCURVE_S1.);
#799 = LINE('',#800,#801);
#800 = CARTESIAN_POINT('',(161.,108.,0.));
#801 = VECTOR('',#802,1.);
#802 = DIRECTION('',(1.,0.,0.));
#803 = PCURVE('',#44,#804);
#804 = DEFINITIONAL_REPRESENTATION('',(#805),#809);
#805 = LINE('',#806,#807);
#806 = CARTESIAN_POINT('',(79.,32.));
#807 = VECTOR('',#808,1.);
#808 = DIRECTION('',(1.,0.));
#809 = ( GEOMETRIC_REPRESENTATION_CONTEXT(2) 
PARAMETRIC_REPRESENTATION_CONTEXT() REPRESENTATION_CONTEXT('2D SPACE',''
  ) );
#810 = PCURVE('',#811,#816);
#811 = PLANE('',#812);
#812 = AXIS2_PLACEMENT_3D('',#813,#814,#815);
#813 = CARTESIAN_POINT('',(164.,108.,0.));
#814 = DIRECTION('',(0.,1.,0.));
#815 = DIRECTION('',(1.,0.,0.));
#816 = DEFINITIONAL_REPRESENTATION('',(#817),#821);
#817 = LINE('',#818,#819);
#818 = CARTESIAN_POINT('',(-3.,0.));
#819 = VECTOR('',#820,1.);
#820 = DIRECTION('',(1.,0.));
#821 = ( GEOMETRIC_REPRESENTATION_CONTEXT(2) 
PARAMETRIC_REPRESENTATION_CONTEXT() REPRESENTATION_CONTEXT('2D SPACE',''
  ) );
#822 = ORIENTED_EDGE('',*,*,#823,.T.);
#823 = EDGE_CURVE('',#796,#824,#826,.T.);
#824 = VERTEX_POINT('',#825);
#825 = CARTESIAN_POINT('',(191.,111.,0.));
#826 = SURFACE_CURVE('',#827,(#832,#839),.PCURVE_S1.);
#827 = CIRCLE('',#828,3.);
#828 = AXIS2_PLACEMENT_3D('',#829,#830,#831);
#829 = CARTESIAN_POINT('',(188.,111.,0.));
#830 = DIRECTION('',(0.,-0.,1.));
#831 = DIRECTION('',(1.,0.,0.));
#832 = PCURVE('',#44,#833);
#833 = DEFINITIONAL_REPRESENTATION('',(#834),#838);
#834 = CIRCLE('',#835,3.);
#835 = AXIS2_PLACEMENT_2D('',#836,#837);
#836 = CARTESIAN_POINT('',(106.,35.));
#837 = DIRECTION('',(1.,0.));
#838 = ( GEOMETRIC_REPRESENTATION_CONTEXT(2) 
PARAMETRIC_REPRESENTATION_CONTEXT() REPRESENTATION_CONTEXT('2D SPACE',''
  ) );
#839 = PCURVE('',#840,#845);
#840 = CYLINDRICAL_SURFACE('',#841,3.);
#841 = AXIS2_PLACEMENT_3D('',#842,#843,#844);
#842 = CARTESIAN_POINT('',(188.,111.,0.));
#843 = DIRECTION('',(-0.,0.,-1.));
#844 = DIRECTION('',(1.,0.,0.));
#845 = DEFINITIONAL_REPRESENTATION('',(#846),#850);
#846 = LINE('',#847,#848);
#847 = CARTESIAN_POINT('',(-0.,0.));
#848 = VECTOR('',#849,1.);
#849 = DIRECTION('',(-1.,0.));
#850 = ( GEOMETRIC_REPRESENTATION_CONTEXT(2) 
PARAMETRIC_REPRESENTATION_CONTEXT() REPRESENTATION_CONTEXT('2D SPACE',''
  ) );
#851 = ORIENTED_EDGE('',*,*,#852,.T.);
#852 = EDGE_CURVE('',#824,#853,#855,.T.);
#853 = VERTEX_POINT('',#854);
#854 = CARTESIAN_POINT('',(191.,125.,0.));
#855 = SURFACE_CURVE('',#856,(#860,#867),.PCURVE_S1.);
#856 = LINE('',#857,#858);
#857 = CARTESIAN_POINT('',(191.,108.,0.));
#858 = VECTOR('',#859,1.);
#859 = DIRECTION('',(0.,1.,0.));
#860 = PCURVE('',#44,#861);
#861 = DEFINITIONAL_REPRESENTATION('',(#862),#866);
#862 = LINE('',#863,#864);
#863 = CARTESIAN_POINT('',(109.,32.));
#864 = VECTOR('',#865,1.);
#865 = DIRECTION('',(0.,1.));
#866 = ( GEOMETRIC_REPRESENTATION_CONTEXT(2) 
PARAMETRIC_REPRESENTATION_CONTEXT() REPRESENTATION_CONTEXT('2D SPACE',''
  ) );
#867 = PCURVE('',#868,#873);
#868 = PLANE('',#869);
#869 = AXIS2_PLACEMENT_3D('',#870,#871,#872);
#870 = CARTESIAN_POINT('',(191.,111.,0.));
#871 = DIRECTION('',(-1.,0.,0.));
#872 = DIRECTION('',(0.,1.,0.));
#873 = DEFINITIONAL_REPRESENTATION('',(#874),#878);
#874 = LINE('',#875,#876);
#875 = CARTESIAN_POINT('',(-3.,0.));
#876 = VECTOR('',#877,1.);
#877 = DIRECTION('',(1.,0.));
#878 = ( GEOMETRIC_REPRESENTATION_CONTEXT(2) 
PARAMETRIC_REPRESENTATION_CONTEXT() REPRESENTATION_CONTEXT('2D SPACE',''
  ) );
#879 = ORIENTED_EDGE('',*,*,#880,.T.);
#880 = EDGE_CURVE('',#853,#881,#883,.T.);
#881 = VERTEX_POINT('',#882);
#882 = CARTESIAN_POINT('',(188.,128.,0.));
#883 = SURFACE_CURVE('',#884,(#889,#896),.PCURVE_S1.);
#884 = CIRCLE('',#885,3.);
#885 = AXIS2_PLACEMENT_3D('',#886,#887,#888);
#886 = CARTESIAN_POINT('',(188.,125.,0.));
#887 = DIRECTION('',(0.,-0.,1.));
#888 = DIRECTION('',(1.,0.,0.));
#889 = PCURVE('',#44,#890);
#890 = DEFINITIONAL_REPRESENTATION('',(#891),#895);
#891 = CIRCLE('',#892,3.);
#892 = AXIS2_PLACEMENT_2D('',#893,#894);
#893 = CARTESIAN_POINT('',(106.,49.));
#894 = DIRECTION('',(1.,0.));
#895 = ( GEOMETRIC_REPRESENTATION_CONTEXT(2) 
PARAMETRIC_REPRESENTATION_CONTEXT() REPRESENTATION_CONTEXT('2D SPACE',''
  ) );
#896 = PCURVE('',#897,#902);
#897 = CYLINDRICAL_SURFACE('',#898,3.);
#898 = AXIS2_PLACEMENT_3D('',#899,#900,#901);
#899 = CARTESIAN_POINT('',(188.,125.,0.));
#900 = DIRECTION('',(-0.,0.,-1.));
#901 = DIRECTION('',(1.,0.,0.));
#902 = DEFINITIONAL_REPRESENTATION('',(#903),#907);
#903 = LINE('',#904,#905);
#904 = CARTESIAN_POINT('',(-0.,0.));
#905 = VECTOR('',#906,1.);
#906 = DIRECTION('',(-1.,0.));
#907 = ( GEOMETRIC_REPRESENTATION_CONTEXT(2) 
PARAMETRIC_REPRESENTATION_CONTEXT() REPRESENTATION_CONTEXT('2D SPACE',''
  ) );
#908 = ORIENTED_EDGE('',*,*,#909,.T.);
#909 = EDGE_CURVE('',#881,#910,#912,.T.);
#910 = VERTEX_POINT('',#911);
#911 = CARTESIAN_POINT('',(164.,128.,0.));
#912 = SURFACE_CURVE('',#913,(#917,#924),.PCURVE_S1.);
#913 = LINE('',#914,#915);
#914 = CARTESIAN_POINT('',(191.,128.,0.));
#915 = VECTOR('',#916,1.);
#916 = DIRECTION('',(-1.,0.,0.));
#917 = PCURVE('',#44,#918);
#918 = DEFINITIONAL_REPRESENTATION('',(#919),#923);
#919 = LINE('',#920,#921);
#920 = CARTESIAN_POINT('',(109.,52.));
#921 = VECTOR('',#922,1.);
#922 = DIRECTION('',(-1.,0.));
#923 = ( GEOMETRIC_REPRESENTATION_CONTEXT(2) 
PARAMETRIC_REPRESENTATION_CONTEXT() REPRESENTATION_CONTEXT('2D SPACE',''
  ) );
#924 = PCURVE('',#925,#930);
#925 = PLANE('',#926);
#926 = AXIS2_PLACEMENT_3D('',#927,#928,#929);
#927 = CARTESIAN_POINT('',(188.,128.,0.));
#928 = DIRECTION('',(0.,-1.,0.));
#929 = DIRECTION('',(-1.,0.,0.));
#930 = DEFINITIONAL_REPRESENTATION('',(#931),#935);
#931 = LINE('',#932,#933);
#932 = CARTESIAN_POINT('',(-3.,-0.));
#933 = VECTOR('',#934,1.);
#934 = DIRECTION('',(1.,0.));
#935 = ( GEOMETRIC_REPRESENTATION_CONTEXT(2) 
PARAMETRIC_REPRESENTATION_CONTEXT() REPRESENTATION_CONTEXT('2D SPACE',''
  ) );
#936 = ORIENTED_EDGE('',*,*,#937,.T.);
#937 = EDGE_CURVE('',#910,#938,#940,.T.);
#938 = VERTEX_POINT('',#939);
#939 = CARTESIAN_POINT('',(164.,138.,0.));
#940 = SURFACE_CURVE('',#941,(#945,#952),.PCURVE_S1.);
#941 = LINE('',#942,#943);
#942 = CARTESIAN_POINT('',(164.,0.,0.));
#943 = VECTOR('',#944,1.);
#944 = DIRECTION('',(0.,1.,0.));
#945 = PCURVE('',#44,#946);
#946 = DEFINITIONAL_REPRESENTATION('',(#947),#951);
#947 = LINE('',#948,#949);
#948 = CARTESIAN_POINT('',(82.,-76.));
#949 = VECTOR('',#950,1.);
#950 = DIRECTION('',(0.,1.));
#951 = ( GEOMETRIC_REPRESENTATION_CONTEXT(2) 
PARAMETRIC_REPRESENTATION_CONTEXT() REPRESENTATION_CONTEXT('2D SPACE',''
  ) );
#952 = PCURVE('',#783,#953);
#953 = DEFINITIONAL_REPRESENTATION('',(#954),#958);
#954 = LINE('',#955,#956);
#955 = CARTESIAN_POINT('',(-14.,0.));
#956 = VECTOR('',#957,1.);
#957 = DIRECTION('',(1.,0.));
#958 = ( GEOMETRIC_REPRESENTATION_CONTEXT(2) 
PARAMETRIC_REPRESENTATION_CONTEXT() REPRESENTATION_CONTEXT('2D SPACE',''
  ) );
#959 = ORIENTED_EDGE('',*,*,#960,.T.);
#960 = EDGE_CURVE('',#938,#961,#963,.T.);
#961 = VERTEX_POINT('',#962);
#962 = CARTESIAN_POINT('',(150.,152.,0.));
#963 = SURFACE_CURVE('',#964,(#969,#976),.PCURVE_S1.);
#964 = CIRCLE('',#965,14.);
#965 = AXIS2_PLACEMENT_3D('',#966,#967,#968);
#966 = CARTESIAN_POINT('',(150.,138.,0.));
#967 = DIRECTION('',(0.,-0.,1.));
#968 = DIRECTION('',(1.,0.,0.));
#969 = PCURVE('',#44,#970);
#970 = DEFINITIONAL_REPRESENTATION('',(#971),#975);
#971 = CIRCLE('',#972,14.);
#972 = AXIS2_PLACEMENT_2D('',#973,#974);
#973 = CARTESIAN_POINT('',(68.,62.));
#974 = DIRECTION('',(1.,0.));
#975 = ( GEOMETRIC_REPRESENTATION_CONTEXT(2) 
PARAMETRIC_REPRESENTATION_CONTEXT() REPRESENTATION_CONTEXT('2D SPACE',''
  ) );
#976 = PCURVE('',#977,#982);
#977 = CYLINDRICAL_SURFACE('',#978,14.);
#978 = AXIS2_PLACEMENT_3D('',#979,#980,#981);
#979 = CARTESIAN_POINT('',(150.,138.,0.));
#980 = DIRECTION('',(-0.,0.,-1.));
#981 = DIRECTION('',(1.,0.,0.));
#982 = DEFINITIONAL_REPRESENTATION('',(#983),#987);
#983 = LINE('',#984,#985);
#984 = CARTESIAN_POINT('',(-0.,0.));
#985 = VECTOR('',#986,1.);
#986 = DIRECTION('',(-1.,0.));
#987 = ( GEOMETRIC_REPRESENTATION_CONTEXT(2) 
PARAMETRIC_REPRESENTATION_CONTEXT() REPRESENTATION_CONTEXT('2D SPACE',''
  ) );
#988 = ORIENTED_EDGE('',*,*,#989,.T.);
#989 = EDGE_CURVE('',#961,#990,#992,.T.);
#990 = VERTEX_POINT('',#991);
#991 = CARTESIAN_POINT('',(124.,152.,0.));
#992 = SURFACE_CURVE('',#993,(#997,#1004),.PCURVE_S1.);
#993 = LINE('',#994,#995);
#994 = CARTESIAN_POINT('',(164.,152.,0.));
#995 = VECTOR('',#996,1.);
#996 = DIRECTION('',(-1.,0.,0.));
#997 = PCURVE('',#44,#998);
#998 = DEFINITIONAL_REPRESENTATION('',(#999),#1003);
#999 = LINE('',#1000,#1001);
#1000 = CARTESIAN_POINT('',(82.,76.));
#1001 = VECTOR('',#1002,1.);
#1002 = DIRECTION('',(-1.,0.));
#1003 = ( GEOMETRIC_REPRESENTATION_CONTEXT(2) 
PARAMETRIC_REPRESENTATION_CONTEXT() REPRESENTATION_CONTEXT('2D SPACE',''
  ) );
#1004 = PCURVE('',#389,#1005);
#1005 = DEFINITIONAL_REPRESENTATION('',(#1006),#1010);
#1006 = LINE('',#1007,#1008);
#1007 = CARTESIAN_POINT('',(-14.,-0.));
#1008 = VECTOR('',#1009,1.);
#1009 = DIRECTION('',(1.,0.));
#1010 = ( GEOMETRIC_REPRESENTATION_CONTEXT(2) 
PARAMETRIC_REPRESENTATION_CONTEXT() REPRESENTATION_CONTEXT('2D SPACE',''
  ) );
#1011 = ORIENTED_EDGE('',*,*,#1012,.T.);
#1012 = EDGE_CURVE('',#990,#1013,#1015,.T.);
#1013 = VERTEX_POINT('',#1014);
#1014 = CARTESIAN_POINT('',(124.,161.,0.));
#1015 = SURFACE_CURVE('',#1016,(#1020,#1027),.PCURVE_S1.);
#1016 = LINE('',#1017,#1018);
#1017 = CARTESIAN_POINT('',(124.,148.,0.));
#1018 = VECTOR('',#1019,1.);
#1019 = DIRECTION('',(0.,1.,0.));
#1020 = PCURVE('',#44,#1021);
#1021 = DEFINITIONAL_REPRESENTATION('',(#1022),#1026);
#1022 = LINE('',#1023,#1024);
#1023 = CARTESIAN_POINT('',(42.,72.));
#1024 = VECTOR('',#1025,1.);
#1025 = DIRECTION('',(0.,1.));
#1026 = ( GEOMETRIC_REPRESENTATION_CONTEXT(2) 
PARAMETRIC_REPRESENTATION_CONTEXT() REPRESENTATION_CONTEXT('2D SPACE',''
  ) );
#1027 = PCURVE('',#1028,#1033);
#1028 = PLANE('',#1029);
#1029 = AXIS2_PLACEMENT_3D('',#1030,#1031,#1032);
#1030 = CARTESIAN_POINT('',(124.,151.,0.));
#1031 = DIRECTION('',(-1.,0.,0.));
#1032 = DIRECTION('',(0.,1.,0.));
#1033 = DEFINITIONAL_REPRESENTATION('',(#1034),#1038);
#1034 = LINE('',#1035,#1036);
#1035 = CARTESIAN_POINT('',(-3.,0.));
#1036 = VECTOR('',#1037,1.);
#1037 = DIRECTION('',(1.,0.));
#1038 = ( GEOMETRIC_REPRESENTATION_CONTEXT(2) 
PARAMETRIC_REPRESENTATION_CONTEXT() REPRESENTATION_CONTEXT('2D SPACE',''
  ) );
#1039 = ORIENTED_EDGE('',*,*,#1040,.T.);
#1040 = EDGE_CURVE('',#1013,#1041,#1043,.T.);
#1041 = VERTEX_POINT('',#1042);
#1042 = CARTESIAN_POINT('',(121.,164.,0.));
#1043 = SURFACE_CURVE('',#1044,(#1049,#1056),.PCURVE_S1.);
#1044 = CIRCLE('',#1045,3.);
#1045 = AXIS2_PLACEMENT_3D('',#1046,#1047,#1048);
#1046 = CARTESIAN_POINT('',(121.,161.,0.));
#1047 = DIRECTION('',(0.,-0.,1.));
#1048 = DIRECTION('',(1.,0.,0.));
#1049 = PCURVE('',#44,#1050);
#1050 = DEFINITIONAL_REPRESENTATION('',(#1051),#1055);
#1051 = CIRCLE('',#1052,3.);
#1052 = AXIS2_PLACEMENT_2D('',#1053,#1054);
#1053 = CARTESIAN_POINT('',(39.,85.));
#1054 = DIRECTION('',(1.,0.));
#1055 = ( GEOMETRIC_REPRESENTATION_CONTEXT(2) 
PARAMETRIC_REPRESENTATION_CONTEXT() REPRESENTATION_CONTEXT('2D SPACE',''
  ) );
#1056 = PCURVE('',#1057,#1062);
#1057 = CYLINDRICAL_SURFACE('',#1058,3.);
#1058 = AXIS2_PLACEMENT_3D('',#1059,#1060,#1061);
#1059 = CARTESIAN_POINT('',(121.,161.,0.));
#1060 = DIRECTION('',(-0.,0.,-1.));
#1061 = DIRECTION('',(1.,0.,0.));
#1062 = DEFINITIONAL_REPRESENTATION('',(#1063),#1067);
#1063 = LINE('',#1064,#1065);
#1064 = CARTESIAN_POINT('',(-0.,0.));
#1065 = VECTOR('',#1066,1.);
#1066 = DIRECTION('',(-1.,0.));
#1067 = ( GEOMETRIC_REPRESENTATION_CONTEXT(2) 
PARAMETRIC_REPRESENTATION_CONTEXT() REPRESENTATION_CONTEXT('2D SPACE',''
  ) );
#1068 = ORIENTED_EDGE('',*,*,#1069,.T.);
#1069 = EDGE_CURVE('',#1041,#1070,#1072,.T.);
#1070 = VERTEX_POINT('',#1071);
#1071 = CARTESIAN_POINT('',(107.,164.,0.));
#1072 = SURFACE_CURVE('',#1073,(#1077,#1084),.PCURVE_S1.);
#1073 = LINE('',#1074,#1075);
#1074 = CARTESIAN_POINT('',(124.,164.,0.));
#1075 = VECTOR('',#1076,1.);
#1076 = DIRECTION('',(-1.,0.,0.));
#1077 = PCURVE('',#44,#1078);
#1078 = DEFINITIONAL_REPRESENTATION('',(#1079),#1083);
#1079 = LINE('',#1080,#1081);
#1080 = CARTESIAN_POINT('',(42.,88.));
#1081 = VECTOR('',#1082,1.);
#1082 = DIRECTION('',(-1.,0.));
#1083 = ( GEOMETRIC_REPRESENTATION_CONTEXT(2) 
PARAMETRIC_REPRESENTATION_CONTEXT() REPRESENTATION_CONTEXT('2D SPACE',''
  ) );
#1084 = PCURVE('',#1085,#1090);
#1085 = PLANE('',#1086);
#1086 = AXIS2_PLACEMENT_3D('',#1087,#1088,#1089);
#1087 = CARTESIAN_POINT('',(121.,164.,0.));
#1088 = DIRECTION('',(0.,-1.,0.));
#1089 = DIRECTION('',(-1.,0.,0.));
#1090 = DEFINITIONAL_REPRESENTATION('',(#1091),#1095);
#1091 = LINE('',#1092,#1093);
#1092 = CARTESIAN_POINT('',(-3.,-0.));
#1093 = VECTOR('',#1094,1.);
#1094 = DIRECTION('',(1.,0.));
#1095 = ( GEOMETRIC_REPRESENTATION_CONTEXT(2) 
PARAMETRIC_REPRESENTATION_CONTEXT() REPRESENTATION_CONTEXT('2D SPACE',''
  ) );
#1096 = ORIENTED_EDGE('',*,*,#1097,.T.);
#1097 = EDGE_CURVE('',#1070,#1098,#1100,.T.);
#1098 = VERTEX_POINT('',#1099);
#1099 = CARTESIAN_POINT('',(104.,161.,0.));
#1100 = SURFACE_CURVE('',#1101,(#1106,#1113),.PCURVE_S1.);
#1101 = CIRCLE('',#1102,3.);
#1102 = AXIS2_PLACEMENT_3D('',#1103,#1104,#1105);
#1103 = CARTESIAN_POINT('',(107.,161.,0.));
#1104 = DIRECTION('',(0.,-0.,1.));
#1105 = DIRECTION('',(1.,0.,0.));
#1106 = PCURVE('',#44,#1107);
#1107 = DEFINITIONAL_REPRESENTATION('',(#1108),#1112);
#1108 = CIRCLE('',#1109,3.);
#1109 = AXIS2_PLACEMENT_2D('',#1110,#1111);
#1110 = CARTESIAN_POINT('',(25.,85.));
#1111 = DIRECTION('',(1.,0.));
#1112 = ( GEOMETRIC_REPRESENTATION_CONTEXT(2) 
PARAMETRIC_REPRESENTATION_CONTEXT() REPRESENTATION_CONTEXT('2D SPACE',''
  ) );
#1113 = PCURVE('',#1114,#1119);
#1114 = CYLINDRICAL_SURFACE('',#1115,3.);
#1115 = AXIS2_PLACEMENT_3D('',#1116,#1117,#1118);
#1116 = CARTESIAN_POINT('',(107.,161.,0.));
#1117 = DIRECTION('',(-0.,0.,-1.));
#1118 = DIRECTION('',(1.,0.,0.));
#1119 = DEFINITIONAL_REPRESENTATION('',(#1120),#1124);
#1120 = LINE('',#1121,#1122);
#1121 = CARTESIAN_POINT('',(-0.,0.));
#1122 = VECTOR('',#1123,1.);
#1123 = DIRECTION('',(-1.,0.));
#1124 = ( GEOMETRIC_REPRESENTATION_CONTEXT(2) 
PARAMETRIC_REPRESENTATION_CONTEXT() REPRESENTATION_CONTEXT('2D SPACE',''
  ) );
#1125 = ORIENTED_EDGE('',*,*,#1126,.T.);
#1126 = EDGE_CURVE('',#1098,#1127,#1129,.T.);
#1127 = VERTEX_POINT('',#1128);
#1128 = CARTESIAN_POINT('',(104.,152.,0.));
#1129 = SURFACE_CURVE('',#1130,(#1134,#1141),.PCURVE_S1.);
#1130 = LINE('',#1131,#1132);
#1131 = CARTESIAN_POINT('',(104.,164.,0.));
#1132 = VECTOR('',#1133,1.);
#1133 = DIRECTION('',(0.,-1.,0.));
#1134 = PCURVE('',#44,#1135);
#1135 = DEFINITIONAL_REPRESENTATION('',(#1136),#1140);
#1136 = LINE('',#1137,#1138);
#1137 = CARTESIAN_POINT('',(22.,88.));
#1138 = VECTOR('',#1139,1.);
#1139 = DIRECTION('',(0.,-1.));
#1140 = ( GEOMETRIC_REPRESENTATION_CONTEXT(2) 
PARAMETRIC_REPRESENTATION_CONTEXT() REPRESENTATION_CONTEXT('2D SPACE',''
  ) );
#1141 = PCURVE('',#1142,#1147);
#1142 = PLANE('',#1143);
#1143 = AXIS2_PLACEMENT_3D('',#1144,#1145,#1146);
#1144 = CARTESIAN_POINT('',(104.,161.,0.));
#1145 = DIRECTION('',(1.,0.,-0.));
#1146 = DIRECTION('',(0.,-1.,0.));
#1147 = DEFINITIONAL_REPRESENTATION('',(#1148),#1152);
#1148 = LINE('',#1149,#1150);
#1149 = CARTESIAN_POINT('',(-3.,0.));
#1150 = VECTOR('',#1151,1.);
#1151 = DIRECTION('',(1.,0.));
#1152 = ( GEOMETRIC_REPRESENTATION_CONTEXT(2) 
PARAMETRIC_REPRESENTATION_CONTEXT() REPRESENTATION_CONTEXT('2D SPACE',''
  ) );
#1153 = ORIENTED_EDGE('',*,*,#1154,.T.);
#1154 = EDGE_CURVE('',#1127,#1155,#1157,.T.);
#1155 = VERTEX_POINT('',#1156);
#1156 = CARTESIAN_POINT('',(60.,152.,0.));
#1157 = SURFACE_CURVE('',#1158,(#1162,#1169),.PCURVE_S1.);
#1158 = LINE('',#1159,#1160);
#1159 = CARTESIAN_POINT('',(164.,152.,0.));
#1160 = VECTOR('',#1161,1.);
#1161 = DIRECTION('',(-1.,0.,0.));
#1162 = PCURVE('',#44,#1163);
#1163 = DEFINITIONAL_REPRESENTATION('',(#1164),#1168);
#1164 = LINE('',#1165,#1166);
#1165 = CARTESIAN_POINT('',(82.,76.));
#1166 = VECTOR('',#1167,1.);
#1167 = DIRECTION('',(-1.,0.));
#1168 = ( GEOMETRIC_REPRESENTATION_CONTEXT(2) 
PARAMETRIC_REPRESENTATION_CONTEXT() REPRESENTATION_CONTEXT('2D SPACE',''
  ) );
#1169 = PCURVE('',#389,#1170);
#1170 = DEFINITIONAL_REPRESENTATION('',(#1171),#1175);
#1171 = LINE('',#1172,#1173);
#1172 = CARTESIAN_POINT('',(-14.,-0.));
#1173 = VECTOR('',#1174,1.);
#1174 = DIRECTION('',(1.,0.));
#1175 = ( GEOMETRIC_REPRESENTATION_CONTEXT(2) 
PARAMETRIC_REPRESENTATION_CONTEXT() REPRESENTATION_CONTEXT('2D SPACE',''
  ) );
#1176 = ORIENTED_EDGE('',*,*,#1177,.T.);
#1177 = EDGE_CURVE('',#1155,#1178,#1180,.T.);
#1178 = VERTEX_POINT('',#1179);
#1179 = CARTESIAN_POINT('',(60.,161.,0.));
#1180 = SURFACE_CURVE('',#1181,(#1185,#1192),.PCURVE_S1.);
#1181 = LINE('',#1182,#1183);
#1182 = CARTESIAN_POINT('',(60.,148.,0.));
#1183 = VECTOR('',#1184,1.);
#1184 = DIRECTION('',(0.,1.,0.));
#1185 = PCURVE('',#44,#1186);
#1186 = DEFINITIONAL_REPRESENTATION('',(#1187),#1191);
#1187 = LINE('',#1188,#1189);
#1188 = CARTESIAN_POINT('',(-22.,72.));
#1189 = VECTOR('',#1190,1.);
#1190 = DIRECTION('',(0.,1.));
#1191 = ( GEOMETRIC_REPRESENTATION_CONTEXT(2) 
PARAMETRIC_REPRESENTATION_CONTEXT() REPRESENTATION_CONTEXT('2D SPACE',''
  ) );
#1192 = PCURVE('',#1193,#1198);
#1193 = PLANE('',#1194);
#1194 = AXIS2_PLACEMENT_3D('',#1195,#1196,#1197);
#1195 = CARTESIAN_POINT('',(60.,151.,0.));
#1196 = DIRECTION('',(-1.,0.,0.));
#1197 = DIRECTION('',(0.,1.,0.));
#1198 = DEFINITIONAL_REPRESENTATION('',(#1199),#1203);
#1199 = LINE('',#1200,#1201);
#1200 = CARTESIAN_POINT('',(-3.,0.));
#1201 = VECTOR('',#1202,1.);
#1202 = DIRECTION('',(1.,0.));
#1203 = ( GEOMETRIC_REPRESENTATION_CONTEXT(2) 
PARAMETRIC_REPRESENTATION_CONTEXT() REPRESENTATION_CONTEXT('2D SPACE',''
  ) );
#1204 = ORIENTED_EDGE('',*,*,#1205,.T.);
#1205 = EDGE_CURVE('',#1178,#1206,#1208,.T.);
#1206 = VERTEX_POINT('',#1207);
#1207 = CARTESIAN_POINT('',(57.,164.,0.));
#1208 = SURFACE_CURVE('',#1209,(#1214,#1221),.PCURVE_S1.);
#1209 = CIRCLE('',#1210,3.);
#1210 = AXIS2_PLACEMENT_3D('',#1211,#1212,#1213);
#1211 = CARTESIAN_POINT('',(57.,161.,0.));
#1212 = DIRECTION('',(0.,-0.,1.));
#1213 = DIRECTION('',(1.,0.,0.));
#1214 = PCURVE('',#44,#1215);
#1215 = DEFINITIONAL_REPRESENTATION('',(#1216),#1220);
#1216 = CIRCLE('',#1217,3.);
#1217 = AXIS2_PLACEMENT_2D('',#1218,#1219);
#1218 = CARTESIAN_POINT('',(-25.,85.));
#1219 = DIRECTION('',(1.,0.));
#1220 = ( GEOMETRIC_REPRESENTATION_CONTEXT(2) 
PARAMETRIC_REPRESENTATION_CONTEXT() REPRESENTATION_CONTEXT('2D SPACE',''
  ) );
#1221 = PCURVE('',#1222,#1227);
#1222 = CYLINDRICAL_SURFACE('',#1223,3.);
#1223 = AXIS2_PLACEMENT_3D('',#1224,#1225,#1226);
#1224 = CARTESIAN_POINT('',(57.,161.,0.));
#1225 = DIRECTION('',(-0.,0.,-1.));
#1226 = DIRECTION('',(1.,0.,0.));
#1227 = DEFINITIONAL_REPRESENTATION('',(#1228),#1232);
#1228 = LINE('',#1229,#1230);
#1229 = CARTESIAN_POINT('',(-0.,0.));
#1230 = VECTOR('',#1231,1.);
#1231 = DIRECTION('',(-1.,0.));
#1232 = ( GEOMETRIC_REPRESENTATION_CONTEXT(2) 
PARAMETRIC_REPRESENTATION_CONTEXT() REPRESENTATION_CONTEXT('2D SPACE',''
  ) );
#1233 = ORIENTED_EDGE('',*,*,#1234,.T.);
#1234 = EDGE_CURVE('',#1206,#1235,#1237,.T.);
#1235 = VERTEX_POINT('',#1236);
#1236 = CARTESIAN_POINT('',(43.,164.,0.));
#1237 = SURFACE_CURVE('',#1238,(#1242,#1249),.PCURVE_S1.);
#1238 = LINE('',#1239,#1240);
#1239 = CARTESIAN_POINT('',(60.,164.,0.));
#1240 = VECTOR('',#1241,1.);
#1241 = DIRECTION('',(-1.,0.,0.));
#1242 = PCURVE('',#44,#1243);
#1243 = DEFINITIONAL_REPRESENTATION('',(#1244),#1248);
#1244 = LINE('',#1245,#1246);
#1245 = CARTESIAN_POINT('',(-22.,88.));
#1246 = VECTOR('',#1247,1.);
#1247 = DIRECTION('',(-1.,0.));
#1248 = ( GEOMETRIC_REPRESENTATION_CONTEXT(2) 
PARAMETRIC_REPRESENTATION_CONTEXT() REPRESENTATION_CONTEXT('2D SPACE',''
  ) );
#1249 = PCURVE('',#1250,#1255);
#1250 = PLANE('',#1251);
#1251 = AXIS2_PLACEMENT_3D('',#1252,#1253,#1254);
#1252 = CARTESIAN_POINT('',(57.,164.,0.));
#1253 = DIRECTION('',(0.,-1.,0.));
#1254 = DIRECTION('',(-1.,0.,0.));
#1255 = DEFINITIONAL_REPRESENTATION('',(#1256),#1260);
#1256 = LINE('',#1257,#1258);
#1257 = CARTESIAN_POINT('',(-3.,-0.));
#1258 = VECTOR('',#1259,1.);
#1259 = DIRECTION('',(1.,0.));
#1260 = ( GEOMETRIC_REPRESENTATION_CONTEXT(2) 
PARAMETRIC_REPRESENTATION_CONTEXT() REPRESENTATION_CONTEXT('2D SPACE',''
  ) );
#1261 = ORIENTED_EDGE('',*,*,#1262,.T.);
#1262 = EDGE_CURVE('',#1235,#344,#1263,.T.);
#1263 = SURFACE_CURVE('',#1264,(#1269,#1276),.PCURVE_S1.);
#1264 = CIRCLE('',#1265,3.);
#1265 = AXIS2_PLACEMENT_3D('',#1266,#1267,#1268);
#1266 = CARTESIAN_POINT('',(43.,161.,0.));
#1267 = DIRECTION('',(0.,-0.,1.));
#1268 = DIRECTION('',(1.,0.,0.));
#1269 = PCURVE('',#44,#1270);
#1270 = DEFINITIONAL_REPRESENTATION('',(#1271),#1275);
#1271 = CIRCLE('',#1272,3.);
#1272 = AXIS2_PLACEMENT_2D('',#1273,#1274);
#1273 = CARTESIAN_POINT('',(-39.,85.));
#1274 = DIRECTION('',(1.,0.));
#1275 = ( GEOMETRIC_REPRESENTATION_CONTEXT(2) 
PARAMETRIC_REPRESENTATION_CONTEXT() REPRESENTATION_CONTEXT('2D SPACE',''
  ) );
#1276 = PCURVE('',#1277,#1282);
#1277 = CYLINDRICAL_SURFACE('',#1278,3.);
#1278 = AXIS2_PLACEMENT_3D('',#1279,#1280,#1281);
#1279 = CARTESIAN_POINT('',(43.,161.,0.));
#1280 = DIRECTION('',(-0.,0.,-1.));
#1281 = DIRECTION('',(1.,0.,0.));
#1282 = DEFINITIONAL_REPRESENTATION('',(#1283),#1287);
#1283 = LINE('',#1284,#1285);
#1284 = CARTESIAN_POINT('',(-0.,0.));
#1285 = VECTOR('',#1286,1.);
#1286 = DIRECTION('',(-1.,0.));
#1287 = ( GEOMETRIC_REPRESENTATION_CONTEXT(2) 
PARAMETRIC_REPRESENTATION_CONTEXT() REPRESENTATION_CONTEXT('2D SPACE',''
  ) );
#1288 = FACE_BOUND('',#1289,.F.);
#1289 = EDGE_LOOP('',(#1290));
#1290 = ORIENTED_EDGE('',*,*,#1291,.T.);
#1291 = EDGE_CURVE('',#1292,#1292,#1294,.T.);
#1292 = VERTEX_POINT('',#1293);
#1293 = CARTESIAN_POINT('',(52.25,-6.,0.));
#1294 = SURFACE_CURVE('',#1295,(#1300,#1311),.PCURVE_S1.);
#1295 = CIRCLE('',#1296,2.25);
#1296 = AXIS2_PLACEMENT_3D('',#1297,#1298,#1299);
#1297 = CARTESIAN_POINT('',(50.,-6.,0.));
#1298 = DIRECTION('',(0.,0.,-1.));
#1299 = DIRECTION('',(1.,0.,0.));
#1300 = PCURVE('',#44,#1301);
#1301 = DEFINITIONAL_REPRESENTATION('',(#1302),#1310);
#1302 = ( BOUNDED_CURVE() B_SPLINE_CURVE(2,(#1303,#1304,#1305,#1306,
#1307,#1308,#1309),.UNSPECIFIED.,.T.,.F.) B_SPLINE_CURVE_WITH_KNOTS((1,2
    ,2,2,2,1),(-2.094395102393,0.,2.094395102393,4.188790204786,
6.28318530718,8.377580409573),.UNSPECIFIED.) CURVE() 
GEOMETRIC_REPRESENTATION_ITEM() RATIONAL_B_SPLINE_CURVE((1.,0.5,1.,0.5,
1.,0.5,1.)) REPRESENTATION_ITEM('') );
#1303 = CARTESIAN_POINT('',(-29.75,-82.));
#1304 = CARTESIAN_POINT('',(-29.75,-85.89711431703));
#1305 = CARTESIAN_POINT('',(-33.125,-83.94855715851));
#1306 = CARTESIAN_POINT('',(-36.5,-82.));
#1307 = CARTESIAN_POINT('',(-33.125,-80.05144284148));
#1308 = CARTESIAN_POINT('',(-29.75,-78.10288568297));
#1309 = CARTESIAN_POINT('',(-29.75,-82.));
#1310 = ( GEOMETRIC_REPRESENTATION_CONTEXT(2) 
PARAMETRIC_REPRESENTATION_CONTEXT() REPRESENTATION_CONTEXT('2D SPACE',''
  ) );
#1311 = PCURVE('',#1312,#1317);
#1312 = CYLINDRICAL_SURFACE('',#1313,2.25);
#1313 = AXIS2_PLACEMENT_3D('',#1314,#1315,#1316);
#1314 = CARTESIAN_POINT('',(50.,-6.,-1.));
#1315 = DIRECTION('',(-0.,-0.,-1.));
#1316 = DIRECTION('',(1.,0.,0.));
#1317 = DEFINITIONAL_REPRESENTATION('',(#1318),#1322);
#1318 = LINE('',#1319,#1320);
#1319 = CARTESIAN_POINT('',(-6.28318530718,-1.));
#1320 = VECTOR('',#1321,1.);
#1321 = DIRECTION('',(1.,-0.));
#1322 = ( GEOMETRIC_REPRESENTATION_CONTEXT(2) 
PARAMETRIC_REPRESENTATION_CONTEXT() REPRESENTATION_CONTEXT('2D SPACE',''
  ) );
#1323 = FACE_BOUND('',#1324,.F.);
#1324 = EDGE_LOOP('',(#1325));
#1325 = ORIENTED_EDGE('',*,*,#1326,.T.);
#1326 = EDGE_CURVE('',#1327,#1327,#1329,.T.);
#1327 = VERTEX_POINT('',#1328);
#1328 = CARTESIAN_POINT('',(116.25,-6.,0.));
#1329 = SURFACE_CURVE('',#1330,(#1335,#1346),.PCURVE_S1.);
#1330 = CIRCLE('',#1331,2.25);
#1331 = AXIS2_PLACEMENT_3D('',#1332,#1333,#1334);
#1332 = CARTESIAN_POINT('',(114.,-6.,0.));
#1333 = DIRECTION('',(0.,0.,-1.));
#1334 = DIRECTION('',(1.,0.,0.));
#1335 = PCURVE('',#44,#1336);
#1336 = DEFINITIONAL_REPRESENTATION('',(#1337),#1345);
#1337 = ( BOUNDED_CURVE() B_SPLINE_CURVE(2,(#1338,#1339,#1340,#1341,
#1342,#1343,#1344),.UNSPECIFIED.,.T.,.F.) B_SPLINE_CURVE_WITH_KNOTS((1,2
    ,2,2,2,1),(-2.094395102393,0.,2.094395102393,4.188790204786,
6.28318530718,8.377580409573),.UNSPECIFIED.) CURVE() 
GEOMETRIC_REPRESENTATION_ITEM() RATIONAL_B_SPLINE_CURVE((1.,0.5,1.,0.5,
1.,0.5,1.)) REPRESENTATION_ITEM('') );
#1338 = CARTESIAN_POINT('',(34.25,-82.));
#1339 = CARTESIAN_POINT('',(34.25,-85.89711431703));
#1340 = CARTESIAN_POINT('',(30.875,-83.94855715851));
#1341 = CARTESIAN_POINT('',(27.5,-82.));
#1342 = CARTESIAN_POINT('',(30.875,-80.05144284148));
#1343 = CARTESIAN_POINT('',(34.25,-78.10288568297));
#1344 = CARTESIAN_POINT('',(34.25,-82.));
#1345 = ( GEOMETRIC_REPRESENTATION_CONTEXT(2) 
PARAMETRIC_REPRESENTATION_CONTEXT() REPRESENTATION_CONTEXT('2D SPACE',''
  ) );
#1346 = PCURVE('',#1347,#1352);
#1347 = CYLINDRICAL_SURFACE('',#1348,2.25);
#1348 = AXIS2_PLACEMENT_3D('',#1349,#1350,#1351);
#1349 = CARTESIAN_POINT('',(114.,-6.,-1.));
#1350 = DIRECTION('',(-0.,-0.,-1.));
#1351 = DIRECTION('',(1.,0.,0.));
#1352 = DEFINITIONAL_REPRESENTATION('',(#1353),#1357);
#1353 = LINE('',#1354,#1355);
#1354 = CARTESIAN_POINT('',(-6.28318530718,-1.));
#1355 = VECTOR('',#1356,1.);
#1356 = DIRECTION('',(1.,-0.));
#1357 = ( GEOMETRIC_REPRESENTATION_CONTEXT(2) 
PARAMETRIC_REPRESENTATION_CONTEXT() REPRESENTATION_CONTEXT('2D SPACE',''
  ) );
#1358 = FACE_BOUND('',#1359,.F.);
#1359 = EDGE_LOOP('',(#1360));
#1360 = ORIENTED_EDGE('',*,*,#1361,.T.);
#1361 = EDGE_CURVE('',#1362,#1362,#1364,.T.);
#1362 = VERTEX_POINT('',#1363);
#1363 = CARTESIAN_POINT('',(52.25,158.,0.));
#1364 = SURFACE_CURVE('',#1365,(#1370,#1381),.PCURVE_S1.);
#1365 = CIRCLE('',#1366,2.25);
#1366 = AXIS2_PLACEMENT_3D('',#1367,#1368,#1369);
#1367 = CARTESIAN_POINT('',(50.,158.,0.));
#1368 = DIRECTION('',(0.,0.,-1.));
#1369 = DIRECTION('',(1.,0.,0.));
#1370 = PCURVE('',#44,#1371);
#1371 = DEFINITIONAL_REPRESENTATION('',(#1372),#1380);
#1372 = ( BOUNDED_CURVE() B_SPLINE_CURVE(2,(#1373,#1374,#1375,#1376,
#1377,#1378,#1379),.UNSPECIFIED.,.T.,.F.) B_SPLINE_CURVE_WITH_KNOTS((1,2
    ,2,2,2,1),(-2.094395102393,0.,2.094395102393,4.188790204786,
6.28318530718,8.377580409573),.UNSPECIFIED.) CURVE() 
GEOMETRIC_REPRESENTATION_ITEM() RATIONAL_B_SPLINE_CURVE((1.,0.5,1.,0.5,
1.,0.5,1.)) REPRESENTATION_ITEM('') );
#1373 = CARTESIAN_POINT('',(-29.75,82.));
#1374 = CARTESIAN_POINT('',(-29.75,78.10288568297));
#1375 = CARTESIAN_POINT('',(-33.125,80.051442841485));
#1376 = CARTESIAN_POINT('',(-36.5,82.));
#1377 = CARTESIAN_POINT('',(-33.125,83.948557158515));
#1378 = CARTESIAN_POINT('',(-29.75,85.89711431703));
#1379 = CARTESIAN_POINT('',(-29.75,82.));
#1380 = ( GEOMETRIC_REPRESENTATION_CONTEXT(2) 
PARAMETRIC_REPRESENTATION_CONTEXT() REPRESENTATION_CONTEXT('2D SPACE',''
  ) );
#1381 = PCURVE('',#1382,#1387);
#1382 = CYLINDRICAL_SURFACE('',#1383,2.25);
#1383 = AXIS2_PLACEMENT_3D('',#1384,#1385,#1386);
#1384 = CARTESIAN_POINT('',(50.,158.,-1.));
#1385 = DIRECTION('',(-0.,-0.,-1.));
#1386 = DIRECTION('',(1.,0.,0.));
#1387 = DEFINITIONAL_REPRESENTATION('',(#1388),#1392);
#1388 = LINE('',#1389,#1390);
#1389 = CARTESIAN_POINT('',(-6.28318530718,-1.));
#1390 = VECTOR('',#1391,1.);
#1391 = DIRECTION('',(1.,-0.));
#1392 = ( GEOMETRIC_REPRESENTATION_CONTEXT(2) 
PARAMETRIC_REPRESENTATION_CONTEXT() REPRESENTATION_CONTEXT('2D SPACE',''
  ) );
#1393 = FACE_BOUND('',#1394,.F.);
#1394 = EDGE_LOOP('',(#1395));
#1395 = ORIENTED_EDGE('',*,*,#1396,.T.);
#1396 = EDGE_CURVE('',#1397,#1397,#1399,.T.);
#1397 = VERTEX_POINT('',#1398);
#1398 = CARTESIAN_POINT('',(116.25,158.,0.));
#1399 = SURFACE_CURVE('',#1400,(#1405,#1416),.PCURVE_S1.);
#1400 = CIRCLE('',#1401,2.25);
#1401 = AXIS2_PLACEMENT_3D('',#1402,#1403,#1404);
#1402 = CARTESIAN_POINT('',(114.,158.,0.));
#1403 = DIRECTION('',(0.,0.,-1.));
#1404 = DIRECTION('',(1.,0.,0.));
#1405 = PCURVE('',#44,#1406);
#1406 = DEFINITIONAL_REPRESENTATION('',(#1407),#1415);
#1407 = ( BOUNDED_CURVE() B_SPLINE_CURVE(2,(#1408,#1409,#1410,#1411,
#1412,#1413,#1414),.UNSPECIFIED.,.T.,.F.) B_SPLINE_CURVE_WITH_KNOTS((1,2
    ,2,2,2,1),(-2.094395102393,0.,2.094395102393,4.188790204786,
6.28318530718,8.377580409573),.UNSPECIFIED.) CURVE() 
GEOMETRIC_REPRESENTATION_ITEM() RATIONAL_B_SPLINE_CURVE((1.,0.5,1.,0.5,
1.,0.5,1.)) REPRESENTATION_ITEM('') );
#1408 = CARTESIAN_POINT('',(34.25,82.));
#1409 = CARTESIAN_POINT('',(34.25,78.10288568297));
#1410 = CARTESIAN_POINT('',(30.875,80.051442841485));
#1411 = CARTESIAN_POINT('',(27.5,82.));
#1412 = CARTESIAN_POINT('',(30.875,83.948557158515));
#1413 = CARTESIAN_POINT('',(34.25,85.89711431703));
#1414 = CARTESIAN_POINT('',(34.25,82.));
#1415 = ( GEOMETRIC_REPRESENTATION_CONTEXT(2) 
PARAMETRIC_REPRESENTATION_CONTEXT() REPRESENTATION_CONTEXT('2D SPACE',''
  ) );
#1416 = PCURVE('',#1417,#1422);
#1417 = CYLINDRICAL_SURFACE('',#1418,2.25);
#1418 = AXIS2_PLACEMENT_3D('',#1419,#1420,#1421);
#1419 = CARTESIAN_POINT('',(114.,158.,-1.));
#1420 = DIRECTION('',(-0.,-0.,-1.));
#1421 = DIRECTION('',(1.,0.,0.));
#1422 = DEFINITIONAL_REPRESENTATION('',(#1423),#1427);
#1423 = LINE('',#1424,#1425);
#1424 = CARTESIAN_POINT('',(-6.28318530718,-1.));
#1425 = VECTOR('',#1426,1.);
#1426 = DIRECTION('',(1.,-0.));
#1427 = ( GEOMETRIC_REPRESENTATION_CONTEXT(2) 
PARAMETRIC_REPRESENTATION_CONTEXT() REPRESENTATION_CONTEXT('2D SPACE',''
  ) );
#1428 = FACE_BOUND('',#1429,.F.);
#1429 = EDGE_LOOP('',(#1430,#1458,#1484,#1510,#1536,#1562));
#1430 = ORIENTED_EDGE('',*,*,#1431,.T.);
#1431 = EDGE_CURVE('',#1432,#1434,#1436,.T.);
#1432 = VERTEX_POINT('',#1433);
#1433 = CARTESIAN_POINT('',(169.32568421935,120.9,0.));
#1434 = VERTEX_POINT('',#1435);
#1435 = CARTESIAN_POINT('',(172.67431578065,120.9,0.));
#1436 = SURFACE_CURVE('',#1437,(#1441,#1447),.PCURVE_S1.);
#1437 = LINE('',#1438,#1439);
#1438 = CARTESIAN_POINT('',(127.33715789032,120.9,0.));
#1439 = VECTOR('',#1440,1.);
#1440 = DIRECTION('',(1.,-1.326181163023E-16,0.));
#1441 = PCURVE('',#44,#1442);
#1442 = DEFINITIONAL_REPRESENTATION('',(#1443),#1446);
#1443 = B_SPLINE_CURVE_WITH_KNOTS('',1,(#1444,#1445),.UNSPECIFIED.,.F.,
  .F.,(2,2),(41.988526329025,45.337157890325),.PIECEWISE_BEZIER_KNOTS.);
#1444 = CARTESIAN_POINT('',(87.32568421935,44.9));
#1445 = CARTESIAN_POINT('',(90.67431578065,44.9));
#1446 = ( GEOMETRIC_REPRESENTATION_CONTEXT(2) 
PARAMETRIC_REPRESENTATION_CONTEXT() REPRESENTATION_CONTEXT('2D SPACE',''
  ) );
#1447 = PCURVE('',#1448,#1453);
#1448 = PLANE('',#1449);
#1449 = AXIS2_PLACEMENT_3D('',#1450,#1451,#1452);
#1450 = CARTESIAN_POINT('',(172.67431578065,120.9,-0.1));
#1451 = DIRECTION('',(-1.326181163023E-16,-1.,0.));
#1452 = DIRECTION('',(-1.,1.326181163023E-16,0.));
#1453 = DEFINITIONAL_REPRESENTATION('',(#1454),#1457);
#1454 = B_SPLINE_CURVE_WITH_KNOTS('',1,(#1455,#1456),.UNSPECIFIED.,.F.,
  .F.,(2,2),(41.988526329025,45.337157890325),.PIECEWISE_BEZIER_KNOTS.);
#1455 = CARTESIAN_POINT('',(3.3486315613,-0.1));
#1456 = CARTESIAN_POINT('',(0.,-0.1));
#1457 = ( GEOMETRIC_REPRESENTATION_CONTEXT(2) 
PARAMETRIC_REPRESENTATION_CONTEXT() REPRESENTATION_CONTEXT('2D SPACE',''
  ) );
#1458 = ORIENTED_EDGE('',*,*,#1459,.T.);
#1459 = EDGE_CURVE('',#1434,#1460,#1462,.T.);
#1460 = VERTEX_POINT('',#1461);
#1461 = CARTESIAN_POINT('',(174.3486315613,118.,0.));
#1462 = SURFACE_CURVE('',#1463,(#1467,#1473),.PCURVE_S1.);
#1463 = LINE('',#1464,#1465);
#1464 = CARTESIAN_POINT('',(171.89831935587,122.2440652342,0.));
#1465 = VECTOR('',#1466,1.);
#1466 = DIRECTION('',(0.5,-0.866025403784,0.));
#1467 = PCURVE('',#44,#1468);
#1468 = DEFINITIONAL_REPRESENTATION('',(#1469),#1472);
#1469 = B_SPLINE_CURVE_WITH_KNOTS('',1,(#1470,#1471),.UNSPECIFIED.,.F.,
  .F.,(2,2),(1.551992849552,4.900624410852),.PIECEWISE_BEZIER_KNOTS.);
#1470 = CARTESIAN_POINT('',(90.67431578065,44.9));
#1471 = CARTESIAN_POINT('',(92.3486315613,42.));
#1472 = ( GEOMETRIC_REPRESENTATION_CONTEXT(2) 
PARAMETRIC_REPRESENTATION_CONTEXT() REPRESENTATION_CONTEXT('2D SPACE',''
  ) );
#1473 = PCURVE('',#1474,#1479);
#1474 = PLANE('',#1475);
#1475 = AXIS2_PLACEMENT_3D('',#1476,#1477,#1478);
#1476 = CARTESIAN_POINT('',(174.3486315613,118.,-0.1));
#1477 = DIRECTION('',(-0.866025403784,-0.5,0.));
#1478 = DIRECTION('',(-0.5,0.866025403784,0.));
#1479 = DEFINITIONAL_REPRESENTATION('',(#1480),#1483);
#1480 = B_SPLINE_CURVE_WITH_KNOTS('',1,(#1481,#1482),.UNSPECIFIED.,.F.,
  .F.,(2,2),(1.551992849552,4.900624410852),.PIECEWISE_BEZIER_KNOTS.);
#1481 = CARTESIAN_POINT('',(3.3486315613,-0.1));
#1482 = CARTESIAN_POINT('',(0.,-0.1));
#1483 = ( GEOMETRIC_REPRESENTATION_CONTEXT(2) 
PARAMETRIC_REPRESENTATION_CONTEXT() REPRESENTATION_CONTEXT('2D SPACE',''
  ) );
#1484 = ORIENTED_EDGE('',*,*,#1485,.T.);
#1485 = EDGE_CURVE('',#1460,#1486,#1488,.T.);
#1486 = VERTEX_POINT('',#1487);
#1487 = CARTESIAN_POINT('',(172.67431578065,115.1,0.));
#1488 = SURFACE_CURVE('',#1489,(#1493,#1499),.PCURVE_S1.);
#1489 = LINE('',#1490,#1491);
#1490 = CARTESIAN_POINT('',(152.87462798607,80.805934765796,0.));
#1491 = VECTOR('',#1492,1.);
#1492 = DIRECTION('',(-0.5,-0.866025403784,0.));
#1493 = PCURVE('',#44,#1494);
#1494 = DEFINITIONAL_REPRESENTATION('',(#1495),#1498);
#1495 = B_SPLINE_CURVE_WITH_KNOTS('',1,(#1496,#1497),.UNSPECIFIED.,.F.,
  .F.,(2,2),(-42.94800715044,-39.59937558914),.PIECEWISE_BEZIER_KNOTS.);
#1496 = CARTESIAN_POINT('',(92.3486315613,42.));
#1497 = CARTESIAN_POINT('',(90.67431578065,39.1));
#1498 = ( GEOMETRIC_REPRESENTATION_CONTEXT(2) 
PARAMETRIC_REPRESENTATION_CONTEXT() REPRESENTATION_CONTEXT('2D SPACE',''
  ) );
#1499 = PCURVE('',#1500,#1505);
#1500 = PLANE('',#1501);
#1501 = AXIS2_PLACEMENT_3D('',#1502,#1503,#1504);
#1502 = CARTESIAN_POINT('',(172.67431578065,115.1,-0.1));
#1503 = DIRECTION('',(-0.866025403784,0.5,0.));
#1504 = DIRECTION('',(0.5,0.866025403784,0.));
#1505 = DEFINITIONAL_REPRESENTATION('',(#1506),#1509);
#1506 = B_SPLINE_CURVE_WITH_KNOTS('',1,(#1507,#1508),.UNSPECIFIED.,.F.,
  .F.,(2,2),(-42.94800715044,-39.59937558914),.PIECEWISE_BEZIER_KNOTS.);
#1507 = CARTESIAN_POINT('',(3.3486315613,-0.1));
#1508 = CARTESIAN_POINT('',(0.,-0.1));
#1509 = ( GEOMETRIC_REPRESENTATION_CONTEXT(2) 
PARAMETRIC_REPRESENTATION_CONTEXT() REPRESENTATION_CONTEXT('2D SPACE',''
  ) );
#1510 = ORIENTED_EDGE('',*,*,#1511,.T.);
#1511 = EDGE_CURVE('',#1486,#1512,#1514,.T.);
#1512 = VERTEX_POINT('',#1513);
#1513 = CARTESIAN_POINT('',(169.32568421935,115.1,0.));
#1514 = SURFACE_CURVE('',#1515,(#1519,#1525),.PCURVE_S1.);
#1515 = LINE('',#1516,#1517);
#1516 = CARTESIAN_POINT('',(125.66284210967,115.1,0.));
#1517 = VECTOR('',#1518,1.);
#1518 = DIRECTION('',(-1.,6.630905815116E-16,0.));
#1519 = PCURVE('',#44,#1520);
#1520 = DEFINITIONAL_REPRESENTATION('',(#1521),#1524);
#1521 = B_SPLINE_CURVE_WITH_KNOTS('',1,(#1522,#1523),.UNSPECIFIED.,.F.,
  .F.,(2,2),(-47.01147367097,-43.66284210967),.PIECEWISE_BEZIER_KNOTS.);
#1522 = CARTESIAN_POINT('',(90.67431578065,39.1));
#1523 = CARTESIAN_POINT('',(87.32568421935,39.1));
#1524 = ( GEOMETRIC_REPRESENTATION_CONTEXT(2) 
PARAMETRIC_REPRESENTATION_CONTEXT() REPRESENTATION_CONTEXT('2D SPACE',''
  ) );
#1525 = PCURVE('',#1526,#1531);
#1526 = PLANE('',#1527);
#1527 = AXIS2_PLACEMENT_3D('',#1528,#1529,#1530);
#1528 = CARTESIAN_POINT('',(169.32568421935,115.1,-0.1));
#1529 = DIRECTION('',(6.630905815116E-16,1.,-0.));
#1530 = DIRECTION('',(1.,-6.630905815116E-16,0.));
#1531 = DEFINITIONAL_REPRESENTATION('',(#1532),#1535);
#1532 = B_SPLINE_CURVE_WITH_KNOTS('',1,(#1533,#1534),.UNSPECIFIED.,.F.,
  .F.,(2,2),(-47.01147367097,-43.66284210967),.PIECEWISE_BEZIER_KNOTS.);
#1533 = CARTESIAN_POINT('',(3.3486315613,-0.1));
#1534 = CARTESIAN_POINT('',(0.,-0.1));
#1535 = ( GEOMETRIC_REPRESENTATION_CONTEXT(2) 
PARAMETRIC_REPRESENTATION_CONTEXT() REPRESENTATION_CONTEXT('2D SPACE',''
  ) );
#1536 = ORIENTED_EDGE('',*,*,#1537,.T.);
#1537 = EDGE_CURVE('',#1512,#1538,#1540,.T.);
#1538 = VERTEX_POINT('',#1539);
#1539 = CARTESIAN_POINT('',(167.6513684387,118.,0.));
#1540 = SURFACE_CURVE('',#1541,(#1545,#1551),.PCURVE_S1.);
#1541 = LINE('',#1542,#1543);
#1542 = CARTESIAN_POINT('',(166.03821412359,120.7940652342,0.));
#1543 = VECTOR('',#1544,1.);
#1544 = DIRECTION('',(-0.5,0.866025403784,0.));
#1545 = PCURVE('',#44,#1546);
#1546 = DEFINITIONAL_REPRESENTATION('',(#1547),#1550);
#1547 = B_SPLINE_CURVE_WITH_KNOTS('',1,(#1548,#1549),.UNSPECIFIED.,.F.,
  .F.,(2,2),(-6.574940191502,-3.226308630202),.PIECEWISE_BEZIER_KNOTS.);
#1548 = CARTESIAN_POINT('',(87.32568421935,39.1));
#1549 = CARTESIAN_POINT('',(85.6513684387,42.));
#1550 = ( GEOMETRIC_REPRESENTATION_CONTEXT(2) 
PARAMETRIC_REPRESENTATION_CONTEXT() REPRESENTATION_CONTEXT('2D SPACE',''
  ) );
#1551 = PCURVE('',#1552,#1557);
#1552 = PLANE('',#1553);
#1553 = AXIS2_PLACEMENT_3D('',#1554,#1555,#1556);
#1554 = CARTESIAN_POINT('',(167.6513684387,118.,-0.1));
#1555 = DIRECTION('',(0.866025403784,0.5,-0.));
#1556 = DIRECTION('',(0.5,-0.866025403784,0.));
#1557 = DEFINITIONAL_REPRESENTATION('',(#1558),#1561);
#1558 = B_SPLINE_CURVE_WITH_KNOTS('',1,(#1559,#1560),.UNSPECIFIED.,.F.,
  .F.,(2,2),(-6.574940191502,-3.226308630202),.PIECEWISE_BEZIER_KNOTS.);
#1559 = CARTESIAN_POINT('',(3.3486315613,-0.1));
#1560 = CARTESIAN_POINT('',(0.,-0.1));
#1561 = ( GEOMETRIC_REPRESENTATION_CONTEXT(2) 
PARAMETRIC_REPRESENTATION_CONTEXT() REPRESENTATION_CONTEXT('2D SPACE',''
  ) );
#1562 = ORIENTED_EDGE('',*,*,#1563,.T.);
#1563 = EDGE_CURVE('',#1538,#1432,#1564,.T.);
#1564 = SURFACE_CURVE('',#1565,(#1569,#1575),.PCURVE_S1.);
#1565 = LINE('',#1566,#1567);
#1566 = CARTESIAN_POINT('',(148.68883853445,85.155934765796,
    1.110223024625E-17));
#1567 = VECTOR('',#1568,1.);
#1568 = DIRECTION('',(0.5,0.866025403784,-0.));
#1569 = PCURVE('',#44,#1570);
#1570 = DEFINITIONAL_REPRESENTATION('',(#1571),#1574);
#1571 = B_SPLINE_CURVE_WITH_KNOTS('',1,(#1572,#1573),.UNSPECIFIED.,.F.,
  .F.,(2,2),(37.925059808498,41.273691369798),.PIECEWISE_BEZIER_KNOTS.);
#1572 = CARTESIAN_POINT('',(85.6513684387,42.));
#1573 = CARTESIAN_POINT('',(87.32568421935,44.9));
#1574 = ( GEOMETRIC_REPRESENTATION_CONTEXT(2) 
PARAMETRIC_REPRESENTATION_CONTEXT() REPRESENTATION_CONTEXT('2D SPACE',''
  ) );
#1575 = PCURVE('',#1576,#1581);
#1576 = PLANE('',#1577);
#1577 = AXIS2_PLACEMENT_3D('',#1578,#1579,#1580);
#1578 = CARTESIAN_POINT('',(169.32568421935,120.9,-0.1));
#1579 = DIRECTION('',(0.866025403784,-0.5,0.));
#1580 = DIRECTION('',(-0.5,-0.866025403784,0.));
#1581 = DEFINITIONAL_REPRESENTATION('',(#1582),#1585);
#1582 = B_SPLINE_CURVE_WITH_KNOTS('',1,(#1583,#1584),.UNSPECIFIED.,.F.,
  .F.,(2,2),(37.925059808498,41.273691369798),.PIECEWISE_BEZIER_KNOTS.);
#1583 = CARTESIAN_POINT('',(3.3486315613,-0.1));
#1584 = CARTESIAN_POINT('',(0.,-0.1));
#1585 = ( GEOMETRIC_REPRESENTATION_CONTEXT(2) 
PARAMETRIC_REPRESENTATION_CONTEXT() REPRESENTATION_CONTEXT('2D SPACE',''
  ) );
#1586 = FACE_BOUND('',#1587,.F.);
#1587 = EDGE_LOOP('',(#1588,#1616,#1642,#1668,#1694,#1720));
#1588 = ORIENTED_EDGE('',*,*,#1589,.T.);
#1589 = EDGE_CURVE('',#1590,#1592,#1594,.T.);
#1590 = VERTEX_POINT('',#1591);
#1591 = CARTESIAN_POINT('',(181.32568421935,120.9,0.));
#1592 = VERTEX_POINT('',#1593);
#1593 = CARTESIAN_POINT('',(184.67431578065,120.9,0.));
#1594 = SURFACE_CURVE('',#1595,(#1599,#1605),.PCURVE_S1.);
#1595 = LINE('',#1596,#1597);
#1596 = CARTESIAN_POINT('',(133.33715789032,120.9,0.));
#1597 = VECTOR('',#1598,1.);
#1598 = DIRECTION('',(1.,-1.326181163023E-16,0.));
#1599 = PCURVE('',#44,#1600);
#1600 = DEFINITIONAL_REPRESENTATION('',(#1601),#1604);
#1601 = B_SPLINE_CURVE_WITH_KNOTS('',1,(#1602,#1603),.UNSPECIFIED.,.F.,
  .F.,(2,2),(47.988526329025,51.337157890325),.PIECEWISE_BEZIER_KNOTS.);
#1602 = CARTESIAN_POINT('',(99.32568421935,44.9));
#1603 = CARTESIAN_POINT('',(102.67431578065,44.9));
#1604 = ( GEOMETRIC_REPRESENTATION_CONTEXT(2) 
PARAMETRIC_REPRESENTATION_CONTEXT() REPRESENTATION_CONTEXT('2D SPACE',''
  ) );
#1605 = PCURVE('',#1606,#1611);
#1606 = PLANE('',#1607);
#1607 = AXIS2_PLACEMENT_3D('',#1608,#1609,#1610);
#1608 = CARTESIAN_POINT('',(184.67431578065,120.9,-0.1));
#1609 = DIRECTION('',(-1.326181163023E-16,-1.,0.));
#1610 = DIRECTION('',(-1.,1.326181163023E-16,0.));
#1611 = DEFINITIONAL_REPRESENTATION('',(#1612),#1615);
#1612 = B_SPLINE_CURVE_WITH_KNOTS('',1,(#1613,#1614),.UNSPECIFIED.,.F.,
  .F.,(2,2),(47.988526329025,51.337157890325),.PIECEWISE_BEZIER_KNOTS.);
#1613 = CARTESIAN_POINT('',(3.3486315613,-0.1));
#1614 = CARTESIAN_POINT('',(0.,-0.1));
#1615 = ( GEOMETRIC_REPRESENTATION_CONTEXT(2) 
PARAMETRIC_REPRESENTATION_CONTEXT() REPRESENTATION_CONTEXT('2D SPACE',''
  ) );
#1616 = ORIENTED_EDGE('',*,*,#1617,.T.);
#1617 = EDGE_CURVE('',#1592,#1618,#1620,.T.);
#1618 = VERTEX_POINT('',#1619);
#1619 = CARTESIAN_POINT('',(186.3486315613,118.,0.));
#1620 = SURFACE_CURVE('',#1621,(#1625,#1631),.PCURVE_S1.);
#1621 = LINE('',#1622,#1623);
#1622 = CARTESIAN_POINT('',(182.39831935587,124.84214144555,0.));
#1623 = VECTOR('',#1624,1.);
#1624 = DIRECTION('',(0.5,-0.866025403784,0.));
#1625 = PCURVE('',#44,#1626);
#1626 = DEFINITIONAL_REPRESENTATION('',(#1627),#1630);
#1627 = B_SPLINE_CURVE_WITH_KNOTS('',1,(#1628,#1629),.UNSPECIFIED.,.F.,
  .F.,(2,2),(4.551992849552,7.900624410852),.PIECEWISE_BEZIER_KNOTS.);
#1628 = CARTESIAN_POINT('',(102.67431578065,44.9));
#1629 = CARTESIAN_POINT('',(104.3486315613,42.));
#1630 = ( GEOMETRIC_REPRESENTATION_CONTEXT(2) 
PARAMETRIC_REPRESENTATION_CONTEXT() REPRESENTATION_CONTEXT('2D SPACE',''
  ) );
#1631 = PCURVE('',#1632,#1637);
#1632 = PLANE('',#1633);
#1633 = AXIS2_PLACEMENT_3D('',#1634,#1635,#1636);
#1634 = CARTESIAN_POINT('',(186.3486315613,118.,-0.1));
#1635 = DIRECTION('',(-0.866025403784,-0.5,0.));
#1636 = DIRECTION('',(-0.5,0.866025403784,0.));
#1637 = DEFINITIONAL_REPRESENTATION('',(#1638),#1641);
#1638 = B_SPLINE_CURVE_WITH_KNOTS('',1,(#1639,#1640),.UNSPECIFIED.,.F.,
  .F.,(2,2),(4.551992849552,7.900624410852),.PIECEWISE_BEZIER_KNOTS.);
#1639 = CARTESIAN_POINT('',(3.3486315613,-0.1));
#1640 = CARTESIAN_POINT('',(0.,-0.1));
#1641 = ( GEOMETRIC_REPRESENTATION_CONTEXT(2) 
PARAMETRIC_REPRESENTATION_CONTEXT() REPRESENTATION_CONTEXT('2D SPACE',''
  ) );
#1642 = ORIENTED_EDGE('',*,*,#1643,.T.);
#1643 = EDGE_CURVE('',#1618,#1644,#1646,.T.);
#1644 = VERTEX_POINT('',#1645);
#1645 = CARTESIAN_POINT('',(184.67431578065,115.1,0.));
#1646 = SURFACE_CURVE('',#1647,(#1651,#1657),.PCURVE_S1.);
#1647 = LINE('',#1648,#1649);
#1648 = CARTESIAN_POINT('',(163.37462798607,78.207858554443,0.));
#1649 = VECTOR('',#1650,1.);
#1650 = DIRECTION('',(-0.5,-0.866025403784,0.));
#1651 = PCURVE('',#44,#1652);
#1652 = DEFINITIONAL_REPRESENTATION('',(#1653),#1656);
#1653 = B_SPLINE_CURVE_WITH_KNOTS('',1,(#1654,#1655),.UNSPECIFIED.,.F.,
  .F.,(2,2),(-45.94800715044,-42.59937558914),.PIECEWISE_BEZIER_KNOTS.);
#1654 = CARTESIAN_POINT('',(104.3486315613,42.));
#1655 = CARTESIAN_POINT('',(102.67431578065,39.1));
#1656 = ( GEOMETRIC_REPRESENTATION_CONTEXT(2) 
PARAMETRIC_REPRESENTATION_CONTEXT() REPRESENTATION_CONTEXT('2D SPACE',''
  ) );
#1657 = PCURVE('',#1658,#1663);
#1658 = PLANE('',#1659);
#1659 = AXIS2_PLACEMENT_3D('',#1660,#1661,#1662);
#1660 = CARTESIAN_POINT('',(184.67431578065,115.1,-0.1));
#1661 = DIRECTION('',(-0.866025403784,0.5,0.));
#1662 = DIRECTION('',(0.5,0.866025403784,0.));
#1663 = DEFINITIONAL_REPRESENTATION('',(#1664),#1667);
#1664 = B_SPLINE_CURVE_WITH_KNOTS('',1,(#1665,#1666),.UNSPECIFIED.,.F.,
  .F.,(2,2),(-45.94800715044,-42.59937558914),.PIECEWISE_BEZIER_KNOTS.);
#1665 = CARTESIAN_POINT('',(3.3486315613,-0.1));
#1666 = CARTESIAN_POINT('',(0.,-0.1));
#1667 = ( GEOMETRIC_REPRESENTATION_CONTEXT(2) 
PARAMETRIC_REPRESENTATION_CONTEXT() REPRESENTATION_CONTEXT('2D SPACE',''
  ) );
#1668 = ORIENTED_EDGE('',*,*,#1669,.T.);
#1669 = EDGE_CURVE('',#1644,#1670,#1672,.T.);
#1670 = VERTEX_POINT('',#1671);
#1671 = CARTESIAN_POINT('',(181.32568421935,115.1,0.));
#1672 = SURFACE_CURVE('',#1673,(#1677,#1683),.PCURVE_S1.);
#1673 = LINE('',#1674,#1675);
#1674 = CARTESIAN_POINT('',(131.66284210967,115.1,0.));
#1675 = VECTOR('',#1676,1.);
#1676 = DIRECTION('',(-1.,6.630905815116E-16,0.));
#1677 = PCURVE('',#44,#1678);
#1678 = DEFINITIONAL_REPRESENTATION('',(#1679),#1682);
#1679 = B_SPLINE_CURVE_WITH_KNOTS('',1,(#1680,#1681),.UNSPECIFIED.,.F.,
  .F.,(2,2),(-53.01147367097,-49.66284210967),.PIECEWISE_BEZIER_KNOTS.);
#1680 = CARTESIAN_POINT('',(102.67431578065,39.1));
#1681 = CARTESIAN_POINT('',(99.32568421935,39.1));
#1682 = ( GEOMETRIC_REPRESENTATION_CONTEXT(2) 
PARAMETRIC_REPRESENTATION_CONTEXT() REPRESENTATION_CONTEXT('2D SPACE',''
  ) );
#1683 = PCURVE('',#1684,#1689);
#1684 = PLANE('',#1685);
#1685 = AXIS2_PLACEMENT_3D('',#1686,#1687,#1688);
#1686 = CARTESIAN_POINT('',(181.32568421935,115.1,-0.1));
#1687 = DIRECTION('',(6.630905815116E-16,1.,-0.));
#1688 = DIRECTION('',(1.,-6.630905815116E-16,0.));
#1689 = DEFINITIONAL_REPRESENTATION('',(#1690),#1693);
#1690 = B_SPLINE_CURVE_WITH_KNOTS('',1,(#1691,#1692),.UNSPECIFIED.,.F.,
  .F.,(2,2),(-53.01147367097,-49.66284210967),.PIECEWISE_BEZIER_KNOTS.);
#1691 = CARTESIAN_POINT('',(3.3486315613,-0.1));
#1692 = CARTESIAN_POINT('',(0.,-0.1));
#1693 = ( GEOMETRIC_REPRESENTATION_CONTEXT(2) 
PARAMETRIC_REPRESENTATION_CONTEXT() REPRESENTATION_CONTEXT('2D SPACE',''
  ) );
#1694 = ORIENTED_EDGE('',*,*,#1695,.T.);
#1695 = EDGE_CURVE('',#1670,#1696,#1698,.T.);
#1696 = VERTEX_POINT('',#1697);
#1697 = CARTESIAN_POINT('',(179.6513684387,118.,0.));
#1698 = SURFACE_CURVE('',#1699,(#1703,#1709),.PCURVE_S1.);
#1699 = LINE('',#1700,#1701);
#1700 = CARTESIAN_POINT('',(176.53821412359,123.39214144555,0.));
#1701 = VECTOR('',#1702,1.);
#1702 = DIRECTION('',(-0.5,0.866025403784,0.));
#1703 = PCURVE('',#44,#1704);
#1704 = DEFINITIONAL_REPRESENTATION('',(#1705),#1708);
#1705 = B_SPLINE_CURVE_WITH_KNOTS('',1,(#1706,#1707),.UNSPECIFIED.,.F.,
  .F.,(2,2),(-9.574940191502,-6.226308630202),.PIECEWISE_BEZIER_KNOTS.);
#1706 = CARTESIAN_POINT('',(99.32568421935,39.1));
#1707 = CARTESIAN_POINT('',(97.6513684387,42.));
#1708 = ( GEOMETRIC_REPRESENTATION_CONTEXT(2) 
PARAMETRIC_REPRESENTATION_CONTEXT() REPRESENTATION_CONTEXT('2D SPACE',''
  ) );
#1709 = PCURVE('',#1710,#1715);
#1710 = PLANE('',#1711);
#1711 = AXIS2_PLACEMENT_3D('',#1712,#1713,#1714);
#1712 = CARTESIAN_POINT('',(179.6513684387,118.,-0.1));
#1713 = DIRECTION('',(0.866025403784,0.5,-0.));
#1714 = DIRECTION('',(0.5,-0.866025403784,0.));
#1715 = DEFINITIONAL_REPRESENTATION('',(#1716),#1719);
#1716 = B_SPLINE_CURVE_WITH_KNOTS('',1,(#1717,#1718),.UNSPECIFIED.,.F.,
  .F.,(2,2),(-9.574940191502,-6.226308630202),.PIECEWISE_BEZIER_KNOTS.);
#1717 = CARTESIAN_POINT('',(3.3486315613,-0.1));
#1718 = CARTESIAN_POINT('',(0.,-0.1));
#1719 = ( GEOMETRIC_REPRESENTATION_CONTEXT(2) 
PARAMETRIC_REPRESENTATION_CONTEXT() REPRESENTATION_CONTEXT('2D SPACE',''
  ) );
#1720 = ORIENTED_EDGE('',*,*,#1721,.T.);
#1721 = EDGE_CURVE('',#1696,#1590,#1722,.T.);
#1722 = SURFACE_CURVE('',#1723,(#1727,#1733),.PCURVE_S1.);
#1723 = LINE('',#1724,#1725);
#1724 = CARTESIAN_POINT('',(159.18883853445,82.557858554443,
    1.110223024625E-17));
#1725 = VECTOR('',#1726,1.);
#1726 = DIRECTION('',(0.5,0.866025403784,-0.));
#1727 = PCURVE('',#44,#1728);
#1728 = DEFINITIONAL_REPRESENTATION('',(#1729),#1732);
#1729 = B_SPLINE_CURVE_WITH_KNOTS('',1,(#1730,#1731),.UNSPECIFIED.,.F.,
  .F.,(2,2),(40.925059808498,44.273691369798),.PIECEWISE_BEZIER_KNOTS.);
#1730 = CARTESIAN_POINT('',(97.6513684387,42.));
#1731 = CARTESIAN_POINT('',(99.32568421935,44.9));
#1732 = ( GEOMETRIC_REPRESENTATION_CONTEXT(2) 
PARAMETRIC_REPRESENTATION_CONTEXT() REPRESENTATION_CONTEXT('2D SPACE',''
  ) );
#1733 = PCURVE('',#1734,#1739);
#1734 = PLANE('',#1735);
#1735 = AXIS2_PLACEMENT_3D('',#1736,#1737,#1738);
#1736 = CARTESIAN_POINT('',(181.32568421935,120.9,-0.1));
#1737 = DIRECTION('',(0.866025403784,-0.5,0.));
#1738 = DIRECTION('',(-0.5,-0.866025403784,0.));
#1739 = DEFINITIONAL_REPRESENTATION('',(#1740),#1743);
#1740 = B_SPLINE_CURVE_WITH_KNOTS('',1,(#1741,#1742),.UNSPECIFIED.,.F.,
  .F.,(2,2),(40.925059808498,44.273691369798),.PIECEWISE_BEZIER_KNOTS.);
#1741 = CARTESIAN_POINT('',(3.3486315613,-0.1));
#1742 = CARTESIAN_POINT('',(0.,-0.1));
#1743 = ( GEOMETRIC_REPRESENTATION_CONTEXT(2) 
PARAMETRIC_REPRESENTATION_CONTEXT() REPRESENTATION_CONTEXT('2D SPACE',''
  ) );
#1744 = ADVANCED_FACE('',(#1745),#329,.F.);
#1745 = FACE_BOUND('',#1746,.F.);
#1746 = EDGE_LOOP('',(#1747,#1748,#1749,#1772));
#1747 = ORIENTED_EDGE('',*,*,#481,.F.);
#1748 = ORIENTED_EDGE('',*,*,#316,.F.);
#1749 = ORIENTED_EDGE('',*,*,#1750,.T.);
#1750 = EDGE_CURVE('',#291,#1751,#1753,.T.);
#1751 = VERTEX_POINT('',#1752);
#1752 = CARTESIAN_POINT('',(40.,-9.,5.));
#1753 = SURFACE_CURVE('',#1754,(#1758,#1765),.PCURVE_S1.);
#1754 = LINE('',#1755,#1756);
#1755 = CARTESIAN_POINT('',(40.,4.,5.));
#1756 = VECTOR('',#1757,1.);
#1757 = DIRECTION('',(0.,-1.,0.));
#1758 = PCURVE('',#329,#1759);
#1759 = DEFINITIONAL_REPRESENTATION('',(#1760),#1764);
#1760 = LINE('',#1761,#1762);
#1761 = CARTESIAN_POINT('',(-3.,-5.));
#1762 = VECTOR('',#1763,1.);
#1763 = DIRECTION('',(1.,0.));
#1764 = ( GEOMETRIC_REPRESENTATION_CONTEXT(2) 
PARAMETRIC_REPRESENTATION_CONTEXT() REPRESENTATION_CONTEXT('2D SPACE',''
  ) );
#1765 = PCURVE('',#305,#1766);
#1766 = DEFINITIONAL_REPRESENTATION('',(#1767),#1771);
#1767 = LINE('',#1768,#1769);
#1768 = CARTESIAN_POINT('',(-10.,8.));
#1769 = VECTOR('',#1770,1.);
#1770 = DIRECTION('',(0.,-1.));
#1771 = ( GEOMETRIC_REPRESENTATION_CONTEXT(2) 
PARAMETRIC_REPRESENTATION_CONTEXT() REPRESENTATION_CONTEXT('2D SPACE',''
  ) );
#1772 = ORIENTED_EDGE('',*,*,#1773,.F.);
#1773 = EDGE_CURVE('',#482,#1751,#1774,.T.);
#1774 = SURFACE_CURVE('',#1775,(#1779,#1786),.PCURVE_S1.);
#1775 = LINE('',#1776,#1777);
#1776 = CARTESIAN_POINT('',(40.,-9.,0.));
#1777 = VECTOR('',#1778,1.);
#1778 = DIRECTION('',(0.,0.,1.));
#1779 = PCURVE('',#329,#1780);
#1780 = DEFINITIONAL_REPRESENTATION('',(#1781),#1785);
#1781 = LINE('',#1782,#1783);
#1782 = CARTESIAN_POINT('',(10.,0.));
#1783 = VECTOR('',#1784,1.);
#1784 = DIRECTION('',(0.,-1.));
#1785 = ( GEOMETRIC_REPRESENTATION_CONTEXT(2) 
PARAMETRIC_REPRESENTATION_CONTEXT() REPRESENTATION_CONTEXT('2D SPACE',''
  ) );
#1786 = PCURVE('',#521,#1787);
#1787 = DEFINITIONAL_REPRESENTATION('',(#1788),#1792);
#1788 = LINE('',#1789,#1790);
#1789 = CARTESIAN_POINT('',(-3.14159265359,0.));
#1790 = VECTOR('',#1791,1.);
#1791 = DIRECTION('',(-0.,-1.));
#1792 = ( GEOMETRIC_REPRESENTATION_CONTEXT(2) 
PARAMETRIC_REPRESENTATION_CONTEXT() REPRESENTATION_CONTEXT('2D SPACE',''
  ) );
#1793 = ADVANCED_FACE('',(#1794,#1890),#305,.T.);
#1794 = FACE_BOUND('',#1795,.T.);
#1795 = EDGE_LOOP('',(#1796,#1820,#1843,#1867,#1888,#1889));
#1796 = ORIENTED_EDGE('',*,*,#1797,.T.);
#1797 = EDGE_CURVE('',#1751,#1798,#1800,.T.);
#1798 = VERTEX_POINT('',#1799);
#1799 = CARTESIAN_POINT('',(43.,-12.,5.));
#1800 = SURFACE_CURVE('',#1801,(#1806,#1813),.PCURVE_S1.);
#1801 = CIRCLE('',#1802,3.);
#1802 = AXIS2_PLACEMENT_3D('',#1803,#1804,#1805);
#1803 = CARTESIAN_POINT('',(43.,-9.,5.));
#1804 = DIRECTION('',(0.,-0.,1.));
#1805 = DIRECTION('',(1.,0.,0.));
#1806 = PCURVE('',#305,#1807);
#1807 = DEFINITIONAL_REPRESENTATION('',(#1808),#1812);
#1808 = CIRCLE('',#1809,3.);
#1809 = AXIS2_PLACEMENT_2D('',#1810,#1811);
#1810 = CARTESIAN_POINT('',(-7.,-5.));
#1811 = DIRECTION('',(1.,0.));
#1812 = ( GEOMETRIC_REPRESENTATION_CONTEXT(2) 
PARAMETRIC_REPRESENTATION_CONTEXT() REPRESENTATION_CONTEXT('2D SPACE',''
  ) );
#1813 = PCURVE('',#521,#1814);
#1814 = DEFINITIONAL_REPRESENTATION('',(#1815),#1819);
#1815 = LINE('',#1816,#1817);
#1816 = CARTESIAN_POINT('',(-0.,-5.));
#1817 = VECTOR('',#1818,1.);
#1818 = DIRECTION('',(-1.,0.));
#1819 = ( GEOMETRIC_REPRESENTATION_CONTEXT(2) 
PARAMETRIC_REPRESENTATION_CONTEXT() REPRESENTATION_CONTEXT('2D SPACE',''
  ) );
#1820 = ORIENTED_EDGE('',*,*,#1821,.T.);
#1821 = EDGE_CURVE('',#1798,#1822,#1824,.T.);
#1822 = VERTEX_POINT('',#1823);
#1823 = CARTESIAN_POINT('',(57.,-12.,5.));
#1824 = SURFACE_CURVE('',#1825,(#1829,#1836),.PCURVE_S1.);
#1825 = LINE('',#1826,#1827);
#1826 = CARTESIAN_POINT('',(40.,-12.,5.));
#1827 = VECTOR('',#1828,1.);
#1828 = DIRECTION('',(1.,0.,0.));
#1829 = PCURVE('',#305,#1830);
#1830 = DEFINITIONAL_REPRESENTATION('',(#1831),#1835);
#1831 = LINE('',#1832,#1833);
#1832 = CARTESIAN_POINT('',(-10.,-8.));
#1833 = VECTOR('',#1834,1.);
#1834 = DIRECTION('',(1.,0.));
#1835 = ( GEOMETRIC_REPRESENTATION_CONTEXT(2) 
PARAMETRIC_REPRESENTATION_CONTEXT() REPRESENTATION_CONTEXT('2D SPACE',''
  ) );
#1836 = PCURVE('',#549,#1837);
#1837 = DEFINITIONAL_REPRESENTATION('',(#1838),#1842);
#1838 = LINE('',#1839,#1840);
#1839 = CARTESIAN_POINT('',(-3.,-5.));
#1840 = VECTOR('',#1841,1.);
#1841 = DIRECTION('',(1.,0.));
#1842 = ( GEOMETRIC_REPRESENTATION_CONTEXT(2) 
PARAMETRIC_REPRESENTATION_CONTEXT() REPRESENTATION_CONTEXT('2D SPACE',''
  ) );
#1843 = ORIENTED_EDGE('',*,*,#1844,.T.);
#1844 = EDGE_CURVE('',#1822,#1845,#1847,.T.);
#1845 = VERTEX_POINT('',#1846);
#1846 = CARTESIAN_POINT('',(60.,-9.,5.));
#1847 = SURFACE_CURVE('',#1848,(#1853,#1860),.PCURVE_S1.);
#1848 = CIRCLE('',#1849,3.);
#1849 = AXIS2_PLACEMENT_3D('',#1850,#1851,#1852);
#1850 = CARTESIAN_POINT('',(57.,-9.,5.));
#1851 = DIRECTION('',(0.,-0.,1.));
#1852 = DIRECTION('',(1.,0.,0.));
#1853 = PCURVE('',#305,#1854);
#1854 = DEFINITIONAL_REPRESENTATION('',(#1855),#1859);
#1855 = CIRCLE('',#1856,3.);
#1856 = AXIS2_PLACEMENT_2D('',#1857,#1858);
#1857 = CARTESIAN_POINT('',(7.,-5.));
#1858 = DIRECTION('',(1.,0.));
#1859 = ( GEOMETRIC_REPRESENTATION_CONTEXT(2) 
PARAMETRIC_REPRESENTATION_CONTEXT() REPRESENTATION_CONTEXT('2D SPACE',''
  ) );
#1860 = PCURVE('',#578,#1861);
#1861 = DEFINITIONAL_REPRESENTATION('',(#1862),#1866);
#1862 = LINE('',#1863,#1864);
#1863 = CARTESIAN_POINT('',(-0.,-5.));
#1864 = VECTOR('',#1865,1.);
#1865 = DIRECTION('',(-1.,0.));
#1866 = ( GEOMETRIC_REPRESENTATION_CONTEXT(2) 
PARAMETRIC_REPRESENTATION_CONTEXT() REPRESENTATION_CONTEXT('2D SPACE',''
  ) );
#1867 = ORIENTED_EDGE('',*,*,#1868,.T.);
#1868 = EDGE_CURVE('',#1845,#265,#1869,.T.);
#1869 = SURFACE_CURVE('',#1870,(#1874,#1881),.PCURVE_S1.);
#1870 = LINE('',#1871,#1872);
#1871 = CARTESIAN_POINT('',(60.,-12.,5.));
#1872 = VECTOR('',#1873,1.);
#1873 = DIRECTION('',(0.,1.,0.));
#1874 = PCURVE('',#305,#1875);
#1875 = DEFINITIONAL_REPRESENTATION('',(#1876),#1880);
#1876 = LINE('',#1877,#1878);
#1877 = CARTESIAN_POINT('',(10.,-8.));
#1878 = VECTOR('',#1879,1.);
#1879 = DIRECTION('',(0.,1.));
#1880 = ( GEOMETRIC_REPRESENTATION_CONTEXT(2) 
PARAMETRIC_REPRESENTATION_CONTEXT() REPRESENTATION_CONTEXT('2D SPACE',''
  ) );
#1881 = PCURVE('',#279,#1882);
#1882 = DEFINITIONAL_REPRESENTATION('',(#1883),#1887);
#1883 = LINE('',#1884,#1885);
#1884 = CARTESIAN_POINT('',(-3.,-5.));
#1885 = VECTOR('',#1886,1.);
#1886 = DIRECTION('',(1.,0.));
#1887 = ( GEOMETRIC_REPRESENTATION_CONTEXT(2) 
PARAMETRIC_REPRESENTATION_CONTEXT() REPRESENTATION_CONTEXT('2D SPACE',''
  ) );
#1888 = ORIENTED_EDGE('',*,*,#290,.F.);
#1889 = ORIENTED_EDGE('',*,*,#1750,.T.);
#1890 = FACE_BOUND('',#1891,.T.);
#1891 = EDGE_LOOP('',(#1892));
#1892 = ORIENTED_EDGE('',*,*,#1893,.T.);
#1893 = EDGE_CURVE('',#1894,#1894,#1896,.T.);
#1894 = VERTEX_POINT('',#1895);
#1895 = CARTESIAN_POINT('',(52.25,-6.,5.));
#1896 = SURFACE_CURVE('',#1897,(#1902,#1913),.PCURVE_S1.);
#1897 = CIRCLE('',#1898,2.25);
#1898 = AXIS2_PLACEMENT_3D('',#1899,#1900,#1901);
#1899 = CARTESIAN_POINT('',(50.,-6.,5.));
#1900 = DIRECTION('',(0.,0.,-1.));
#1901 = DIRECTION('',(1.,0.,0.));
#1902 = PCURVE('',#305,#1903);
#1903 = DEFINITIONAL_REPRESENTATION('',(#1904),#1912);
#1904 = ( BOUNDED_CURVE() B_SPLINE_CURVE(2,(#1905,#1906,#1907,#1908,
#1909,#1910,#1911),.UNSPECIFIED.,.T.,.F.) B_SPLINE_CURVE_WITH_KNOTS((1,2
    ,2,2,2,1),(-2.094395102393,0.,2.094395102393,4.188790204786,
6.28318530718,8.377580409573),.UNSPECIFIED.) CURVE() 
GEOMETRIC_REPRESENTATION_ITEM() RATIONAL_B_SPLINE_CURVE((1.,0.5,1.,0.5,
1.,0.5,1.)) REPRESENTATION_ITEM('') );
#1905 = CARTESIAN_POINT('',(2.25,-2.));
#1906 = CARTESIAN_POINT('',(2.25,-5.89711431703));
#1907 = CARTESIAN_POINT('',(-1.125,-3.948557158515));
#1908 = CARTESIAN_POINT('',(-4.5,-2.));
#1909 = CARTESIAN_POINT('',(-1.125,-5.144284148501E-02));
#1910 = CARTESIAN_POINT('',(2.25,1.89711431703));
#1911 = CARTESIAN_POINT('',(2.25,-2.));
#1912 = ( GEOMETRIC_REPRESENTATION_CONTEXT(2) 
PARAMETRIC_REPRESENTATION_CONTEXT() REPRESENTATION_CONTEXT('2D SPACE',''
  ) );
#1913 = PCURVE('',#1312,#1914);
#1914 = DEFINITIONAL_REPRESENTATION('',(#1915),#1919);
#1915 = LINE('',#1916,#1917);
#1916 = CARTESIAN_POINT('',(-6.28318530718,-6.));
#1917 = VECTOR('',#1918,1.);
#1918 = DIRECTION('',(1.,-0.));
#1919 = ( GEOMETRIC_REPRESENTATION_CONTEXT(2) 
PARAMETRIC_REPRESENTATION_CONTEXT() REPRESENTATION_CONTEXT('2D SPACE',''
  ) );
#1920 = ADVANCED_FACE('',(#1921),#279,.F.);
#1921 = FACE_BOUND('',#1922,.F.);
#1922 = EDGE_LOOP('',(#1923,#1924,#1945,#1946));
#1923 = ORIENTED_EDGE('',*,*,#590,.F.);
#1924 = ORIENTED_EDGE('',*,*,#1925,.T.);
#1925 = EDGE_CURVE('',#562,#1845,#1926,.T.);
#1926 = SURFACE_CURVE('',#1927,(#1931,#1938),.PCURVE_S1.);
#1927 = LINE('',#1928,#1929);
#1928 = CARTESIAN_POINT('',(60.,-9.,0.));
#1929 = VECTOR('',#1930,1.);
#1930 = DIRECTION('',(0.,0.,1.));
#1931 = PCURVE('',#279,#1932);
#1932 = DEFINITIONAL_REPRESENTATION('',(#1933),#1937);
#1933 = LINE('',#1934,#1935);
#1934 = CARTESIAN_POINT('',(0.,0.));
#1935 = VECTOR('',#1936,1.);
#1936 = DIRECTION('',(0.,-1.));
#1937 = ( GEOMETRIC_REPRESENTATION_CONTEXT(2) 
PARAMETRIC_REPRESENTATION_CONTEXT() REPRESENTATION_CONTEXT('2D SPACE',''
  ) );
#1938 = PCURVE('',#578,#1939);
#1939 = DEFINITIONAL_REPRESENTATION('',(#1940),#1944);
#1940 = LINE('',#1941,#1942);
#1941 = CARTESIAN_POINT('',(-6.28318530718,0.));
#1942 = VECTOR('',#1943,1.);
#1943 = DIRECTION('',(-0.,-1.));
#1944 = ( GEOMETRIC_REPRESENTATION_CONTEXT(2) 
PARAMETRIC_REPRESENTATION_CONTEXT() REPRESENTATION_CONTEXT('2D SPACE',''
  ) );
#1945 = ORIENTED_EDGE('',*,*,#1868,.T.);
#1946 = ORIENTED_EDGE('',*,*,#264,.F.);
#1947 = ADVANCED_FACE('',(#1948),#230,.F.);
#1948 = FACE_BOUND('',#1949,.F.);
#1949 = EDGE_LOOP('',(#1950,#1951,#1952,#1975));
#1950 = ORIENTED_EDGE('',*,*,#612,.F.);
#1951 = ORIENTED_EDGE('',*,*,#215,.F.);
#1952 = ORIENTED_EDGE('',*,*,#1953,.T.);
#1953 = EDGE_CURVE('',#190,#1954,#1956,.T.);
#1954 = VERTEX_POINT('',#1955);
#1955 = CARTESIAN_POINT('',(104.,-9.,5.));
#1956 = SURFACE_CURVE('',#1957,(#1961,#1968),.PCURVE_S1.);
#1957 = LINE('',#1958,#1959);
#1958 = CARTESIAN_POINT('',(104.,4.,5.));
#1959 = VECTOR('',#1960,1.);
#1960 = DIRECTION('',(0.,-1.,0.));
#1961 = PCURVE('',#230,#1962);
#1962 = DEFINITIONAL_REPRESENTATION('',(#1963),#1967);
#1963 = LINE('',#1964,#1965);
#1964 = CARTESIAN_POINT('',(-3.,-5.));
#1965 = VECTOR('',#1966,1.);
#1966 = DIRECTION('',(1.,0.));
#1967 = ( GEOMETRIC_REPRESENTATION_CONTEXT(2) 
PARAMETRIC_REPRESENTATION_CONTEXT() REPRESENTATION_CONTEXT('2D SPACE',''
  ) );
#1968 = PCURVE('',#204,#1969);
#1969 = DEFINITIONAL_REPRESENTATION('',(#1970),#1974);
#1970 = LINE('',#1971,#1972);
#1971 = CARTESIAN_POINT('',(-10.,8.));
#1972 = VECTOR('',#1973,1.);
#1973 = DIRECTION('',(0.,-1.));
#1974 = ( GEOMETRIC_REPRESENTATION_CONTEXT(2) 
PARAMETRIC_REPRESENTATION_CONTEXT() REPRESENTATION_CONTEXT('2D SPACE',''
  ) );
#1975 = ORIENTED_EDGE('',*,*,#1976,.F.);
#1976 = EDGE_CURVE('',#613,#1954,#1977,.T.);
#1977 = SURFACE_CURVE('',#1978,(#1982,#1989),.PCURVE_S1.);
#1978 = LINE('',#1979,#1980);
#1979 = CARTESIAN_POINT('',(104.,-9.,0.));
#1980 = VECTOR('',#1981,1.);
#1981 = DIRECTION('',(0.,0.,1.));
#1982 = PCURVE('',#230,#1983);
#1983 = DEFINITIONAL_REPRESENTATION('',(#1984),#1988);
#1984 = LINE('',#1985,#1986);
#1985 = CARTESIAN_POINT('',(10.,0.));
#1986 = VECTOR('',#1987,1.);
#1987 = DIRECTION('',(0.,-1.));
#1988 = ( GEOMETRIC_REPRESENTATION_CONTEXT(2) 
PARAMETRIC_REPRESENTATION_CONTEXT() REPRESENTATION_CONTEXT('2D SPACE',''
  ) );
#1989 = PCURVE('',#652,#1990);
#1990 = DEFINITIONAL_REPRESENTATION('',(#1991),#1995);
#1991 = LINE('',#1992,#1993);
#1992 = CARTESIAN_POINT('',(-3.14159265359,0.));
#1993 = VECTOR('',#1994,1.);
#1994 = DIRECTION('',(-0.,-1.));
#1995 = ( GEOMETRIC_REPRESENTATION_CONTEXT(2) 
PARAMETRIC_REPRESENTATION_CONTEXT() REPRESENTATION_CONTEXT('2D SPACE',''
  ) );
#1996 = ADVANCED_FACE('',(#1997,#2093),#204,.T.);
#1997 = FACE_BOUND('',#1998,.T.);
#1998 = EDGE_LOOP('',(#1999,#2023,#2046,#2070,#2091,#2092));
#1999 = ORIENTED_EDGE('',*,*,#2000,.T.);
#2000 = EDGE_CURVE('',#1954,#2001,#2003,.T.);
#2001 = VERTEX_POINT('',#2002);
#2002 = CARTESIAN_POINT('',(107.,-12.,5.));
#2003 = SURFACE_CURVE('',#2004,(#2009,#2016),.PCURVE_S1.);
#2004 = CIRCLE('',#2005,3.);
#2005 = AXIS2_PLACEMENT_3D('',#2006,#2007,#2008);
#2006 = CARTESIAN_POINT('',(107.,-9.,5.));
#2007 = DIRECTION('',(0.,-0.,1.));
#2008 = DIRECTION('',(1.,0.,0.));
#2009 = PCURVE('',#204,#2010);
#2010 = DEFINITIONAL_REPRESENTATION('',(#2011),#2015);
#2011 = CIRCLE('',#2012,3.);
#2012 = AXIS2_PLACEMENT_2D('',#2013,#2014);
#2013 = CARTESIAN_POINT('',(-7.,-5.));
#2014 = DIRECTION('',(1.,0.));
#2015 = ( GEOMETRIC_REPRESENTATION_CONTEXT(2) 
PARAMETRIC_REPRESENTATION_CONTEXT() REPRESENTATION_CONTEXT('2D SPACE',''
  ) );
#2016 = PCURVE('',#652,#2017);
#2017 = DEFINITIONAL_REPRESENTATION('',(#2018),#2022);
#2018 = LINE('',#2019,#2020);
#2019 = CARTESIAN_POINT('',(-0.,-5.));
#2020 = VECTOR('',#2021,1.);
#2021 = DIRECTION('',(-1.,0.));
#2022 = ( GEOMETRIC_REPRESENTATION_CONTEXT(2) 
PARAMETRIC_REPRESENTATION_CONTEXT() REPRESENTATION_CONTEXT('2D SPACE',''
  ) );
#2023 = ORIENTED_EDGE('',*,*,#2024,.T.);
#2024 = EDGE_CURVE('',#2001,#2025,#2027,.T.);
#2025 = VERTEX_POINT('',#2026);
#2026 = CARTESIAN_POINT('',(121.,-12.,5.));
#2027 = SURFACE_CURVE('',#2028,(#2032,#2039),.PCURVE_S1.);
#2028 = LINE('',#2029,#2030);
#2029 = CARTESIAN_POINT('',(104.,-12.,5.));
#2030 = VECTOR('',#2031,1.);
#2031 = DIRECTION('',(1.,0.,0.));
#2032 = PCURVE('',#204,#2033);
#2033 = DEFINITIONAL_REPRESENTATION('',(#2034),#2038);
#2034 = LINE('',#2035,#2036);
#2035 = CARTESIAN_POINT('',(-10.,-8.));
#2036 = VECTOR('',#2037,1.);
#2037 = DIRECTION('',(1.,0.));
#2038 = ( GEOMETRIC_REPRESENTATION_CONTEXT(2) 
PARAMETRIC_REPRESENTATION_CONTEXT() REPRESENTATION_CONTEXT('2D SPACE',''
  ) );
#2039 = PCURVE('',#680,#2040);
#2040 = DEFINITIONAL_REPRESENTATION('',(#2041),#2045);
#2041 = LINE('',#2042,#2043);
#2042 = CARTESIAN_POINT('',(-3.,-5.));
#2043 = VECTOR('',#2044,1.);
#2044 = DIRECTION('',(1.,0.));
#2045 = ( GEOMETRIC_REPRESENTATION_CONTEXT(2) 
PARAMETRIC_REPRESENTATION_CONTEXT() REPRESENTATION_CONTEXT('2D SPACE',''
  ) );
#2046 = ORIENTED_EDGE('',*,*,#2047,.T.);
#2047 = EDGE_CURVE('',#2025,#2048,#2050,.T.);
#2048 = VERTEX_POINT('',#2049);
#2049 = CARTESIAN_POINT('',(124.,-9.,5.));
#2050 = SURFACE_CURVE('',#2051,(#2056,#2063),.PCURVE_S1.);
#2051 = CIRCLE('',#2052,3.);
#2052 = AXIS2_PLACEMENT_3D('',#2053,#2054,#2055);
#2053 = CARTESIAN_POINT('',(121.,-9.,5.));
#2054 = DIRECTION('',(0.,-0.,1.));
#2055 = DIRECTION('',(1.,0.,0.));
#2056 = PCURVE('',#204,#2057);
#2057 = DEFINITIONAL_REPRESENTATION('',(#2058),#2062);
#2058 = CIRCLE('',#2059,3.);
#2059 = AXIS2_PLACEMENT_2D('',#2060,#2061);
#2060 = CARTESIAN_POINT('',(7.,-5.));
#2061 = DIRECTION('',(1.,0.));
#2062 = ( GEOMETRIC_REPRESENTATION_CONTEXT(2) 
PARAMETRIC_REPRESENTATION_CONTEXT() REPRESENTATION_CONTEXT('2D SPACE',''
  ) );
#2063 = PCURVE('',#709,#2064);
#2064 = DEFINITIONAL_REPRESENTATION('',(#2065),#2069);
#2065 = LINE('',#2066,#2067);
#2066 = CARTESIAN_POINT('',(-0.,-5.));
#2067 = VECTOR('',#2068,1.);
#2068 = DIRECTION('',(-1.,0.));
#2069 = ( GEOMETRIC_REPRESENTATION_CONTEXT(2) 
PARAMETRIC_REPRESENTATION_CONTEXT() REPRESENTATION_CONTEXT('2D SPACE',''
  ) );
#2070 = ORIENTED_EDGE('',*,*,#2071,.T.);
#2071 = EDGE_CURVE('',#2048,#164,#2072,.T.);
#2072 = SURFACE_CURVE('',#2073,(#2077,#2084),.PCURVE_S1.);
#2073 = LINE('',#2074,#2075);
#2074 = CARTESIAN_POINT('',(124.,-12.,5.));
#2075 = VECTOR('',#2076,1.);
#2076 = DIRECTION('',(0.,1.,0.));
#2077 = PCURVE('',#204,#2078);
#2078 = DEFINITIONAL_REPRESENTATION('',(#2079),#2083);
#2079 = LINE('',#2080,#2081);
#2080 = CARTESIAN_POINT('',(10.,-8.));
#2081 = VECTOR('',#2082,1.);
#2082 = DIRECTION('',(0.,1.));
#2083 = ( GEOMETRIC_REPRESENTATION_CONTEXT(2) 
PARAMETRIC_REPRESENTATION_CONTEXT() REPRESENTATION_CONTEXT('2D SPACE',''
  ) );
#2084 = PCURVE('',#178,#2085);
#2085 = DEFINITIONAL_REPRESENTATION('',(#2086),#2090);
#2086 = LINE('',#2087,#2088);
#2087 = CARTESIAN_POINT('',(-3.,-5.));
#2088 = VECTOR('',#2089,1.);
#2089 = DIRECTION('',(1.,0.));
#2090 = ( GEOMETRIC_REPRESENTATION_CONTEXT(2) 
PARAMETRIC_REPRESENTATION_CONTEXT() REPRESENTATION_CONTEXT('2D SPACE',''
  ) );
#2091 = ORIENTED_EDGE('',*,*,#189,.F.);
#2092 = ORIENTED_EDGE('',*,*,#1953,.T.);
#2093 = FACE_BOUND('',#2094,.T.);
#2094 = EDGE_LOOP('',(#2095));
#2095 = ORIENTED_EDGE('',*,*,#2096,.T.);
#2096 = EDGE_CURVE('',#2097,#2097,#2099,.T.);
#2097 = VERTEX_POINT('',#2098);
#2098 = CARTESIAN_POINT('',(116.25,-6.,5.));
#2099 = SURFACE_CURVE('',#2100,(#2105,#2116),.PCURVE_S1.);
#2100 = CIRCLE('',#2101,2.25);
#2101 = AXIS2_PLACEMENT_3D('',#2102,#2103,#2104);
#2102 = CARTESIAN_POINT('',(114.,-6.,5.));
#2103 = DIRECTION('',(0.,0.,-1.));
#2104 = DIRECTION('',(1.,0.,0.));
#2105 = PCURVE('',#204,#2106);
#2106 = DEFINITIONAL_REPRESENTATION('',(#2107),#2115);
#2107 = ( BOUNDED_CURVE() B_SPLINE_CURVE(2,(#2108,#2109,#2110,#2111,
#2112,#2113,#2114),.UNSPECIFIED.,.T.,.F.) B_SPLINE_CURVE_WITH_KNOTS((1,2
    ,2,2,2,1),(-2.094395102393,0.,2.094395102393,4.188790204786,
6.28318530718,8.377580409573),.UNSPECIFIED.) CURVE() 
GEOMETRIC_REPRESENTATION_ITEM() RATIONAL_B_SPLINE_CURVE((1.,0.5,1.,0.5,
1.,0.5,1.)) REPRESENTATION_ITEM('') );
#2108 = CARTESIAN_POINT('',(2.25,-2.));
#2109 = CARTESIAN_POINT('',(2.25,-5.89711431703));
#2110 = CARTESIAN_POINT('',(-1.125,-3.948557158515));
#2111 = CARTESIAN_POINT('',(-4.5,-2.));
#2112 = CARTESIAN_POINT('',(-1.125,-5.144284148501E-02));
#2113 = CARTESIAN_POINT('',(2.25,1.89711431703));
#2114 = CARTESIAN_POINT('',(2.25,-2.));
#2115 = ( GEOMETRIC_REPRESENTATION_CONTEXT(2) 
PARAMETRIC_REPRESENTATION_CONTEXT() REPRESENTATION_CONTEXT('2D SPACE',''
  ) );
#2116 = PCURVE('',#1347,#2117);
#2117 = DEFINITIONAL_REPRESENTATION('',(#2118),#2122);
#2118 = LINE('',#2119,#2120);
#2119 = CARTESIAN_POINT('',(-6.28318530718,-6.));
#2120 = VECTOR('',#2121,1.);
#2121 = DIRECTION('',(1.,-0.));
#2122 = ( GEOMETRIC_REPRESENTATION_CONTEXT(2) 
PARAMETRIC_REPRESENTATION_CONTEXT() REPRESENTATION_CONTEXT('2D SPACE',''
  ) );
#2123 = ADVANCED_FACE('',(#2124),#178,.F.);
#2124 = FACE_BOUND('',#2125,.F.);
#2125 = EDGE_LOOP('',(#2126,#2127,#2148,#2149));
#2126 = ORIENTED_EDGE('',*,*,#721,.F.);
#2127 = ORIENTED_EDGE('',*,*,#2128,.T.);
#2128 = EDGE_CURVE('',#693,#2048,#2129,.T.);
#2129 = SURFACE_CURVE('',#2130,(#2134,#2141),.PCURVE_S1.);
#2130 = LINE('',#2131,#2132);
#2131 = CARTESIAN_POINT('',(124.,-9.,0.));
#2132 = VECTOR('',#2133,1.);
#2133 = DIRECTION('',(0.,0.,1.));
#2134 = PCURVE('',#178,#2135);
#2135 = DEFINITIONAL_REPRESENTATION('',(#2136),#2140);
#2136 = LINE('',#2137,#2138);
#2137 = CARTESIAN_POINT('',(0.,0.));
#2138 = VECTOR('',#2139,1.);
#2139 = DIRECTION('',(0.,-1.));
#2140 = ( GEOMETRIC_REPRESENTATION_CONTEXT(2) 
PARAMETRIC_REPRESENTATION_CONTEXT() REPRESENTATION_CONTEXT('2D SPACE',''
  ) );
#2141 = PCURVE('',#709,#2142);
#2142 = DEFINITIONAL_REPRESENTATION('',(#2143),#2147);
#2143 = LINE('',#2144,#2145);
#2144 = CARTESIAN_POINT('',(-6.28318530718,0.));
#2145 = VECTOR('',#2146,1.);
#2146 = DIRECTION('',(-0.,-1.));
#2147 = ( GEOMETRIC_REPRESENTATION_CONTEXT(2) 
PARAMETRIC_REPRESENTATION_CONTEXT() REPRESENTATION_CONTEXT('2D SPACE',''
  ) );
#2148 = ORIENTED_EDGE('',*,*,#2071,.T.);
#2149 = ORIENTED_EDGE('',*,*,#163,.F.);
#2150 = ADVANCED_FACE('',(#2151,#2200),#128,.T.);
#2151 = FACE_BOUND('',#2152,.F.);
#2152 = EDGE_LOOP('',(#2153,#2154,#2178,#2199));
#2153 = ORIENTED_EDGE('',*,*,#112,.T.);
#2154 = ORIENTED_EDGE('',*,*,#2155,.T.);
#2155 = EDGE_CURVE('',#85,#2156,#2158,.T.);
#2156 = VERTEX_POINT('',#2157);
#2157 = CARTESIAN_POINT('',(164.,14.,42.));
#2158 = SURFACE_CURVE('',#2159,(#2164,#2171),.PCURVE_S1.);
#2159 = CIRCLE('',#2160,14.);
#2160 = AXIS2_PLACEMENT_3D('',#2161,#2162,#2163);
#2161 = CARTESIAN_POINT('',(150.,14.,42.));
#2162 = DIRECTION('',(0.,-0.,1.));
#2163 = DIRECTION('',(1.,0.,0.));
#2164 = PCURVE('',#128,#2165);
#2165 = DEFINITIONAL_REPRESENTATION('',(#2166),#2170);
#2166 = LINE('',#2167,#2168);
#2167 = CARTESIAN_POINT('',(-0.,-42.));
#2168 = VECTOR('',#2169,1.);
#2169 = DIRECTION('',(-1.,0.));
#2170 = ( GEOMETRIC_REPRESENTATION_CONTEXT(2) 
PARAMETRIC_REPRESENTATION_CONTEXT() REPRESENTATION_CONTEXT('2D SPACE',''
  ) );
#2171 = PCURVE('',#100,#2172);
#2172 = DEFINITIONAL_REPRESENTATION('',(#2173),#2177);
#2173 = CIRCLE('',#2174,14.);
#2174 = AXIS2_PLACEMENT_2D('',#2175,#2176);
#2175 = CARTESIAN_POINT('',(68.,-62.));
#2176 = DIRECTION('',(1.,0.));
#2177 = ( GEOMETRIC_REPRESENTATION_CONTEXT(2) 
PARAMETRIC_REPRESENTATION_CONTEXT() REPRESENTATION_CONTEXT('2D SPACE',''
  ) );
#2178 = ORIENTED_EDGE('',*,*,#2179,.F.);
#2179 = EDGE_CURVE('',#744,#2156,#2180,.T.);
#2180 = SURFACE_CURVE('',#2181,(#2185,#2192),.PCURVE_S1.);
#2181 = LINE('',#2182,#2183);
#2182 = CARTESIAN_POINT('',(164.,14.,0.));
#2183 = VECTOR('',#2184,1.);
#2184 = DIRECTION('',(0.,0.,1.));
#2185 = PCURVE('',#128,#2186);
#2186 = DEFINITIONAL_REPRESENTATION('',(#2187),#2191);
#2187 = LINE('',#2188,#2189);
#2188 = CARTESIAN_POINT('',(-6.28318530718,0.));
#2189 = VECTOR('',#2190,1.);
#2190 = DIRECTION('',(-0.,-1.));
#2191 = ( GEOMETRIC_REPRESENTATION_CONTEXT(2) 
PARAMETRIC_REPRESENTATION_CONTEXT() REPRESENTATION_CONTEXT('2D SPACE',''
  ) );
#2192 = PCURVE('',#783,#2193);
#2193 = DEFINITIONAL_REPRESENTATION('',(#2194),#2198);
#2194 = LINE('',#2195,#2196);
#2195 = CARTESIAN_POINT('',(0.,0.));
#2196 = VECTOR('',#2197,1.);
#2197 = DIRECTION('',(0.,-1.));
#2198 = ( GEOMETRIC_REPRESENTATION_CONTEXT(2) 
PARAMETRIC_REPRESENTATION_CONTEXT() REPRESENTATION_CONTEXT('2D SPACE',''
  ) );
#2199 = ORIENTED_EDGE('',*,*,#743,.F.);
#2200 = FACE_BOUND('',#2201,.F.);
#2201 = EDGE_LOOP('',(#2202,#2237,#2264,#2297));
#2202 = ORIENTED_EDGE('',*,*,#2203,.T.);
#2203 = EDGE_CURVE('',#2204,#2206,#2208,.T.);
#2204 = VERTEX_POINT('',#2205);
#2205 = CARTESIAN_POINT('',(163.95671881209,12.9,38.));
#2206 = VERTEX_POINT('',#2207);
#2207 = CARTESIAN_POINT('',(162.18154341616,7.1,38.));
#2208 = SURFACE_CURVE('',#2209,(#2214,#2221),.PCURVE_S1.);
#2209 = CIRCLE('',#2210,14.);
#2210 = AXIS2_PLACEMENT_3D('',#2211,#2212,#2213);
#2211 = CARTESIAN_POINT('',(150.,14.,38.));
#2212 = DIRECTION('',(0.,0.,-1.));
#2213 = DIRECTION('',(1.,0.,0.));
#2214 = PCURVE('',#128,#2215);
#2215 = DEFINITIONAL_REPRESENTATION('',(#2216),#2220);
#2216 = LINE('',#2217,#2218);
#2217 = CARTESIAN_POINT('',(-6.28318530718,-38.));
#2218 = VECTOR('',#2219,1.);
#2219 = DIRECTION('',(1.,-0.));
#2220 = ( GEOMETRIC_REPRESENTATION_CONTEXT(2) 
PARAMETRIC_REPRESENTATION_CONTEXT() REPRESENTATION_CONTEXT('2D SPACE',''
  ) );
#2221 = PCURVE('',#2222,#2227);
#2222 = PLANE('',#2223);
#2223 = AXIS2_PLACEMENT_3D('',#2224,#2225,#2226);
#2224 = CARTESIAN_POINT('',(154.,7.1,38.));
#2225 = DIRECTION('',(0.,0.,1.));
#2226 = DIRECTION('',(1.,0.,0.));
#2227 = DEFINITIONAL_REPRESENTATION('',(#2228),#2236);
#2228 = ( BOUNDED_CURVE() B_SPLINE_CURVE(2,(#2229,#2230,#2231,#2232,
#2233,#2234,#2235),.UNSPECIFIED.,.T.,.F.) B_SPLINE_CURVE_WITH_KNOTS((1,2
    ,2,2,2,1),(-2.094395102393,0.,2.094395102393,4.188790204786,
6.28318530718,8.377580409573),.UNSPECIFIED.) CURVE() 
GEOMETRIC_REPRESENTATION_ITEM() RATIONAL_B_SPLINE_CURVE((1.,0.5,1.,0.5,
1.,0.5,1.)) REPRESENTATION_ITEM('') );
#2229 = CARTESIAN_POINT('',(10.,6.9));
#2230 = CARTESIAN_POINT('',(10.,-17.34871130596));
#2231 = CARTESIAN_POINT('',(-11.,-5.224355652982));
#2232 = CARTESIAN_POINT('',(-32.,6.9));
#2233 = CARTESIAN_POINT('',(-11.,19.024355652982));
#2234 = CARTESIAN_POINT('',(10.,31.148711305964));
#2235 = CARTESIAN_POINT('',(10.,6.9));
#2236 = ( GEOMETRIC_REPRESENTATION_CONTEXT(2) 
PARAMETRIC_REPRESENTATION_CONTEXT() REPRESENTATION_CONTEXT('2D SPACE',''
  ) );
#2237 = ORIENTED_EDGE('',*,*,#2238,.T.);
#2238 = EDGE_CURVE('',#2206,#2239,#2241,.T.);
#2239 = VERTEX_POINT('',#2240);
#2240 = CARTESIAN_POINT('',(162.18154341616,7.1,35.2));
#2241 = SURFACE_CURVE('',#2242,(#2246,#2252),.PCURVE_S1.);
#2242 = LINE('',#2243,#2244);
#2243 = CARTESIAN_POINT('',(162.18154341616,7.1,0.));
#2244 = VECTOR('',#2245,1.);
#2245 = DIRECTION('',(-0.,0.,-1.));
#2246 = PCURVE('',#128,#2247);
#2247 = DEFINITIONAL_REPRESENTATION('',(#2248),#2251);
#2248 = B_SPLINE_CURVE_WITH_KNOTS('',1,(#2249,#2250),.UNSPECIFIED.,.F.,
  .F.,(2,2),(-38.28,-34.92),.PIECEWISE_BEZIER_KNOTS.);
#2249 = CARTESIAN_POINT('',(-5.767814940289,-38.28));
#2250 = CARTESIAN_POINT('',(-5.767814940289,-34.92));
#2251 = ( GEOMETRIC_REPRESENTATION_CONTEXT(2) 
PARAMETRIC_REPRESENTATION_CONTEXT() REPRESENTATION_CONTEXT('2D SPACE',''
  ) );
#2252 = PCURVE('',#2253,#2258);
#2253 = PLANE('',#2254);
#2254 = AXIS2_PLACEMENT_3D('',#2255,#2256,#2257);
#2255 = CARTESIAN_POINT('',(154.,7.1,35.2));
#2256 = DIRECTION('',(0.,1.,0.));
#2257 = DIRECTION('',(0.,0.,1.));
#2258 = DEFINITIONAL_REPRESENTATION('',(#2259),#2263);
#2259 = LINE('',#2260,#2261);
#2260 = CARTESIAN_POINT('',(-35.2,8.181543416169));
#2261 = VECTOR('',#2262,1.);
#2262 = DIRECTION('',(-1.,0.));
#2263 = ( GEOMETRIC_REPRESENTATION_CONTEXT(2) 
PARAMETRIC_REPRESENTATION_CONTEXT() REPRESENTATION_CONTEXT('2D SPACE',''
  ) );
#2264 = ORIENTED_EDGE('',*,*,#2265,.F.);
#2265 = EDGE_CURVE('',#2266,#2239,#2268,.T.);
#2266 = VERTEX_POINT('',#2267);
#2267 = CARTESIAN_POINT('',(163.95671881209,12.9,35.2));
#2268 = SURFACE_CURVE('',#2269,(#2274,#2281),.PCURVE_S1.);
#2269 = CIRCLE('',#2270,14.);
#2270 = AXIS2_PLACEMENT_3D('',#2271,#2272,#2273);
#2271 = CARTESIAN_POINT('',(150.,14.,35.2));
#2272 = DIRECTION('',(0.,0.,-1.));
#2273 = DIRECTION('',(1.,0.,0.));
#2274 = PCURVE('',#128,#2275);
#2275 = DEFINITIONAL_REPRESENTATION('',(#2276),#2280);
#2276 = LINE('',#2277,#2278);
#2277 = CARTESIAN_POINT('',(-6.28318530718,-35.2));
#2278 = VECTOR('',#2279,1.);
#2279 = DIRECTION('',(1.,-0.));
#2280 = ( GEOMETRIC_REPRESENTATION_CONTEXT(2) 
PARAMETRIC_REPRESENTATION_CONTEXT() REPRESENTATION_CONTEXT('2D SPACE',''
  ) );
#2281 = PCURVE('',#2282,#2287);
#2282 = PLANE('',#2283);
#2283 = AXIS2_PLACEMENT_3D('',#2284,#2285,#2286);
#2284 = CARTESIAN_POINT('',(154.,7.1,35.2));
#2285 = DIRECTION('',(0.,0.,1.));
#2286 = DIRECTION('',(1.,0.,0.));
#2287 = DEFINITIONAL_REPRESENTATION('',(#2288),#2296);
#2288 = ( BOUNDED_CURVE() B_SPLINE_CURVE(2,(#2289,#2290,#2291,#2292,
#2293,#2294,#2295),.UNSPECIFIED.,.T.,.F.) B_SPLINE_CURVE_WITH_KNOTS((1,2
    ,2,2,2,1),(-2.094395102393,0.,2.094395102393,4.188790204786,
6.28318530718,8.377580409573),.UNSPECIFIED.) CURVE() 
GEOMETRIC_REPRESENTATION_ITEM() RATIONAL_B_SPLINE_CURVE((1.,0.5,1.,0.5,
1.,0.5,1.)) REPRESENTATION_ITEM('') );
#2289 = CARTESIAN_POINT('',(10.,6.9));
#2290 = CARTESIAN_POINT('',(10.,-17.34871130596));
#2291 = CARTESIAN_POINT('',(-11.,-5.224355652982));
#2292 = CARTESIAN_POINT('',(-32.,6.9));
#2293 = CARTESIAN_POINT('',(-11.,19.024355652982));
#2294 = CARTESIAN_POINT('',(10.,31.148711305964));
#2295 = CARTESIAN_POINT('',(10.,6.9));
#2296 = ( GEOMETRIC_REPRESENTATION_CONTEXT(2) 
PARAMETRIC_REPRESENTATION_CONTEXT() REPRESENTATION_CONTEXT('2D SPACE',''
  ) );
#2297 = ORIENTED_EDGE('',*,*,#2298,.F.);
#2298 = EDGE_CURVE('',#2204,#2266,#2299,.T.);
#2299 = SURFACE_CURVE('',#2300,(#2304,#2310),.PCURVE_S1.);
#2300 = LINE('',#2301,#2302);
#2301 = CARTESIAN_POINT('',(163.95671881209,12.9,0.));
#2302 = VECTOR('',#2303,1.);
#2303 = DIRECTION('',(-0.,0.,-1.));
#2304 = PCURVE('',#128,#2305);
#2305 = DEFINITIONAL_REPRESENTATION('',(#2306),#2309);
#2306 = B_SPLINE_CURVE_WITH_KNOTS('',1,(#2307,#2308),.UNSPECIFIED.,.F.,
  .F.,(2,2),(-38.28,-34.92),.PIECEWISE_BEZIER_KNOTS.);
#2307 = CARTESIAN_POINT('',(-6.204532810141,-38.28));
#2308 = CARTESIAN_POINT('',(-6.204532810141,-34.92));
#2309 = ( GEOMETRIC_REPRESENTATION_CONTEXT(2) 
PARAMETRIC_REPRESENTATION_CONTEXT() REPRESENTATION_CONTEXT('2D SPACE',''
  ) );
#2310 = PCURVE('',#2311,#2316);
#2311 = PLANE('',#2312);
#2312 = AXIS2_PLACEMENT_3D('',#2313,#2314,#2315);
#2313 = CARTESIAN_POINT('',(154.,12.9,35.2));
#2314 = DIRECTION('',(0.,1.,0.));
#2315 = DIRECTION('',(0.,0.,1.));
#2316 = DEFINITIONAL_REPRESENTATION('',(#2317),#2321);
#2317 = LINE('',#2318,#2319);
#2318 = CARTESIAN_POINT('',(-35.2,9.956718812099));
#2319 = VECTOR('',#2320,1.);
#2320 = DIRECTION('',(-1.,0.));
#2321 = ( GEOMETRIC_REPRESENTATION_CONTEXT(2) 
PARAMETRIC_REPRESENTATION_CONTEXT() REPRESENTATION_CONTEXT('2D SPACE',''
  ) );
#2322 = ADVANCED_FACE('',(#2323,#2466,#2501,#2536,#2571,#2606,#2844,
    #2879),#100,.T.);
#2323 = FACE_BOUND('',#2324,.T.);
#2324 = EDGE_LOOP('',(#2325,#2326,#2327,#2350,#2374,#2397,#2421,#2444));
#2325 = ORIENTED_EDGE('',*,*,#84,.T.);
#2326 = ORIENTED_EDGE('',*,*,#2155,.T.);
#2327 = ORIENTED_EDGE('',*,*,#2328,.T.);
#2328 = EDGE_CURVE('',#2156,#2329,#2331,.T.);
#2329 = VERTEX_POINT('',#2330);
#2330 = CARTESIAN_POINT('',(164.,138.,42.));
#2331 = SURFACE_CURVE('',#2332,(#2336,#2343),.PCURVE_S1.);
#2332 = LINE('',#2333,#2334);
#2333 = CARTESIAN_POINT('',(164.,0.,42.));
#2334 = VECTOR('',#2335,1.);
#2335 = DIRECTION('',(0.,1.,0.));
#2336 = PCURVE('',#100,#2337);
#2337 = DEFINITIONAL_REPRESENTATION('',(#2338),#2342);
#2338 = LINE('',#2339,#2340);
#2339 = CARTESIAN_POINT('',(82.,-76.));
#2340 = VECTOR('',#2341,1.);
#2341 = DIRECTION('',(0.,1.));
#2342 = ( GEOMETRIC_REPRESENTATION_CONTEXT(2) 
PARAMETRIC_REPRESENTATION_CONTEXT() REPRESENTATION_CONTEXT('2D SPACE',''
  ) );
#2343 = PCURVE('',#783,#2344);
#2344 = DEFINITIONAL_REPRESENTATION('',(#2345),#2349);
#2345 = LINE('',#2346,#2347);
#2346 = CARTESIAN_POINT('',(-14.,-42.));
#2347 = VECTOR('',#2348,1.);
#2348 = DIRECTION('',(1.,0.));
#2349 = ( GEOMETRIC_REPRESENTATION_CONTEXT(2) 
PARAMETRIC_REPRESENTATION_CONTEXT() REPRESENTATION_CONTEXT('2D SPACE',''
  ) );
#2350 = ORIENTED_EDGE('',*,*,#2351,.T.);
#2351 = EDGE_CURVE('',#2329,#2352,#2354,.T.);
#2352 = VERTEX_POINT('',#2353);
#2353 = CARTESIAN_POINT('',(150.,152.,42.));
#2354 = SURFACE_CURVE('',#2355,(#2360,#2367),.PCURVE_S1.);
#2355 = CIRCLE('',#2356,14.);
#2356 = AXIS2_PLACEMENT_3D('',#2357,#2358,#2359);
#2357 = CARTESIAN_POINT('',(150.,138.,42.));
#2358 = DIRECTION('',(0.,-0.,1.));
#2359 = DIRECTION('',(1.,0.,0.));
#2360 = PCURVE('',#100,#2361);
#2361 = DEFINITIONAL_REPRESENTATION('',(#2362),#2366);
#2362 = CIRCLE('',#2363,14.);
#2363 = AXIS2_PLACEMENT_2D('',#2364,#2365);
#2364 = CARTESIAN_POINT('',(68.,62.));
#2365 = DIRECTION('',(1.,0.));
#2366 = ( GEOMETRIC_REPRESENTATION_CONTEXT(2) 
PARAMETRIC_REPRESENTATION_CONTEXT() REPRESENTATION_CONTEXT('2D SPACE',''
  ) );
#2367 = PCURVE('',#977,#2368);
#2368 = DEFINITIONAL_REPRESENTATION('',(#2369),#2373);
#2369 = LINE('',#2370,#2371);
#2370 = CARTESIAN_POINT('',(-0.,-42.));
#2371 = VECTOR('',#2372,1.);
#2372 = DIRECTION('',(-1.,0.));
#2373 = ( GEOMETRIC_REPRESENTATION_CONTEXT(2) 
PARAMETRIC_REPRESENTATION_CONTEXT() REPRESENTATION_CONTEXT('2D SPACE',''
  ) );
#2374 = ORIENTED_EDGE('',*,*,#2375,.T.);
#2375 = EDGE_CURVE('',#2352,#2376,#2378,.T.);
#2376 = VERTEX_POINT('',#2377);
#2377 = CARTESIAN_POINT('',(14.,152.,42.));
#2378 = SURFACE_CURVE('',#2379,(#2383,#2390),.PCURVE_S1.);
#2379 = LINE('',#2380,#2381);
#2380 = CARTESIAN_POINT('',(164.,152.,42.));
#2381 = VECTOR('',#2382,1.);
#2382 = DIRECTION('',(-1.,0.,0.));
#2383 = PCURVE('',#100,#2384);
#2384 = DEFINITIONAL_REPRESENTATION('',(#2385),#2389);
#2385 = LINE('',#2386,#2387);
#2386 = CARTESIAN_POINT('',(82.,76.));
#2387 = VECTOR('',#2388,1.);
#2388 = DIRECTION('',(-1.,0.));
#2389 = ( GEOMETRIC_REPRESENTATION_CONTEXT(2) 
PARAMETRIC_REPRESENTATION_CONTEXT() REPRESENTATION_CONTEXT('2D SPACE',''
  ) );
#2390 = PCURVE('',#389,#2391);
#2391 = DEFINITIONAL_REPRESENTATION('',(#2392),#2396);
#2392 = LINE('',#2393,#2394);
#2393 = CARTESIAN_POINT('',(-14.,-42.));
#2394 = VECTOR('',#2395,1.);
#2395 = DIRECTION('',(1.,0.));
#2396 = ( GEOMETRIC_REPRESENTATION_CONTEXT(2) 
PARAMETRIC_REPRESENTATION_CONTEXT() REPRESENTATION_CONTEXT('2D SPACE',''
  ) );
#2397 = ORIENTED_EDGE('',*,*,#2398,.T.);
#2398 = EDGE_CURVE('',#2376,#2399,#2401,.T.);
#2399 = VERTEX_POINT('',#2400);
#2400 = CARTESIAN_POINT('',(0.,138.,42.));
#2401 = SURFACE_CURVE('',#2402,(#2407,#2414),.PCURVE_S1.);
#2402 = CIRCLE('',#2403,14.);
#2403 = AXIS2_PLACEMENT_3D('',#2404,#2405,#2406);
#2404 = CARTESIAN_POINT('',(14.,138.,42.));
#2405 = DIRECTION('',(0.,-0.,1.));
#2406 = DIRECTION('',(1.,0.,0.));
#2407 = PCURVE('',#100,#2408);
#2408 = DEFINITIONAL_REPRESENTATION('',(#2409),#2413);
#2409 = CIRCLE('',#2410,14.);
#2410 = AXIS2_PLACEMENT_2D('',#2411,#2412);
#2411 = CARTESIAN_POINT('',(-68.,62.));
#2412 = DIRECTION('',(1.,0.));
#2413 = ( GEOMETRIC_REPRESENTATION_CONTEXT(2) 
PARAMETRIC_REPRESENTATION_CONTEXT() REPRESENTATION_CONTEXT('2D SPACE',''
  ) );
#2414 = PCURVE('',#418,#2415);
#2415 = DEFINITIONAL_REPRESENTATION('',(#2416),#2420);
#2416 = LINE('',#2417,#2418);
#2417 = CARTESIAN_POINT('',(-0.,-42.));
#2418 = VECTOR('',#2419,1.);
#2419 = DIRECTION('',(-1.,0.));
#2420 = ( GEOMETRIC_REPRESENTATION_CONTEXT(2) 
PARAMETRIC_REPRESENTATION_CONTEXT() REPRESENTATION_CONTEXT('2D SPACE',''
  ) );
#2421 = ORIENTED_EDGE('',*,*,#2422,.T.);
#2422 = EDGE_CURVE('',#2399,#2423,#2425,.T.);
#2423 = VERTEX_POINT('',#2424);
#2424 = CARTESIAN_POINT('',(0.,14.,42.));
#2425 = SURFACE_CURVE('',#2426,(#2430,#2437),.PCURVE_S1.);
#2426 = LINE('',#2427,#2428);
#2427 = CARTESIAN_POINT('',(0.,152.,42.));
#2428 = VECTOR('',#2429,1.);
#2429 = DIRECTION('',(0.,-1.,0.));
#2430 = PCURVE('',#100,#2431);
#2431 = DEFINITIONAL_REPRESENTATION('',(#2432),#2436);
#2432 = LINE('',#2433,#2434);
#2433 = CARTESIAN_POINT('',(-82.,76.));
#2434 = VECTOR('',#2435,1.);
#2435 = DIRECTION('',(0.,-1.));
#2436 = ( GEOMETRIC_REPRESENTATION_CONTEXT(2) 
PARAMETRIC_REPRESENTATION_CONTEXT() REPRESENTATION_CONTEXT('2D SPACE',''
  ) );
#2437 = PCURVE('',#446,#2438);
#2438 = DEFINITIONAL_REPRESENTATION('',(#2439),#2443);
#2439 = LINE('',#2440,#2441);
#2440 = CARTESIAN_POINT('',(-14.,-42.));
#2441 = VECTOR('',#2442,1.);
#2442 = DIRECTION('',(1.,0.));
#2443 = ( GEOMETRIC_REPRESENTATION_CONTEXT(2) 
PARAMETRIC_REPRESENTATION_CONTEXT() REPRESENTATION_CONTEXT('2D SPACE',''
  ) );
#2444 = ORIENTED_EDGE('',*,*,#2445,.T.);
#2445 = EDGE_CURVE('',#2423,#57,#2446,.T.);
#2446 = SURFACE_CURVE('',#2447,(#2452,#2459),.PCURVE_S1.);
#2447 = CIRCLE('',#2448,14.);
#2448 = AXIS2_PLACEMENT_3D('',#2449,#2450,#2451);
#2449 = CARTESIAN_POINT('',(14.,14.,42.));
#2450 = DIRECTION('',(0.,-0.,1.));
#2451 = DIRECTION('',(1.,0.,0.));
#2452 = PCURVE('',#100,#2453);
#2453 = DEFINITIONAL_REPRESENTATION('',(#2454),#2458);
#2454 = CIRCLE('',#2455,14.);
#2455 = AXIS2_PLACEMENT_2D('',#2456,#2457);
#2456 = CARTESIAN_POINT('',(-68.,-62.));
#2457 = DIRECTION('',(1.,0.));
#2458 = ( GEOMETRIC_REPRESENTATION_CONTEXT(2) 
PARAMETRIC_REPRESENTATION_CONTEXT() REPRESENTATION_CONTEXT('2D SPACE',''
  ) );
#2459 = PCURVE('',#72,#2460);
#2460 = DEFINITIONAL_REPRESENTATION('',(#2461),#2465);
#2461 = LINE('',#2462,#2463);
#2462 = CARTESIAN_POINT('',(-0.,-42.));
#2463 = VECTOR('',#2464,1.);
#2464 = DIRECTION('',(-1.,0.));
#2465 = ( GEOMETRIC_REPRESENTATION_CONTEXT(2) 
PARAMETRIC_REPRESENTATION_CONTEXT() REPRESENTATION_CONTEXT('2D SPACE',''
  ) );
#2466 = FACE_BOUND('',#2467,.T.);
#2467 = EDGE_LOOP('',(#2468));
#2468 = ORIENTED_EDGE('',*,*,#2469,.T.);
#2469 = EDGE_CURVE('',#2470,#2470,#2472,.T.);
#2470 = VERTEX_POINT('',#2471);
#2471 = CARTESIAN_POINT('',(11.7,10.,42.));
#2472 = SURFACE_CURVE('',#2473,(#2478,#2489),.PCURVE_S1.);
#2473 = CIRCLE('',#2474,1.7);
#2474 = AXIS2_PLACEMENT_3D('',#2475,#2476,#2477);
#2475 = CARTESIAN_POINT('',(10.,10.,42.));
#2476 = DIRECTION('',(0.,0.,-1.));
#2477 = DIRECTION('',(1.,0.,0.));
#2478 = PCURVE('',#100,#2479);
#2479 = DEFINITIONAL_REPRESENTATION('',(#2480),#2488);
#2480 = ( BOUNDED_CURVE() B_SPLINE_CURVE(2,(#2481,#2482,#2483,#2484,
#2485,#2486,#2487),.UNSPECIFIED.,.T.,.F.) B_SPLINE_CURVE_WITH_KNOTS((1,2
    ,2,2,2,1),(-2.094395102393,0.,2.094395102393,4.188790204786,
6.28318530718,8.377580409573),.UNSPECIFIED.) CURVE() 
GEOMETRIC_REPRESENTATION_ITEM() RATIONAL_B_SPLINE_CURVE((1.,0.5,1.,0.5,
1.,0.5,1.)) REPRESENTATION_ITEM('') );
#2481 = CARTESIAN_POINT('',(-70.3,-66.));
#2482 = CARTESIAN_POINT('',(-70.3,-68.94448637286));
#2483 = CARTESIAN_POINT('',(-72.85,-67.47224318643));
#2484 = CARTESIAN_POINT('',(-75.4,-66.));
#2485 = CARTESIAN_POINT('',(-72.85,-64.52775681356));
#2486 = CARTESIAN_POINT('',(-70.3,-63.05551362713));
#2487 = CARTESIAN_POINT('',(-70.3,-66.));
#2488 = ( GEOMETRIC_REPRESENTATION_CONTEXT(2) 
PARAMETRIC_REPRESENTATION_CONTEXT() REPRESENTATION_CONTEXT('2D SPACE',''
  ) );
#2489 = PCURVE('',#2490,#2495);
#2490 = CYLINDRICAL_SURFACE('',#2491,1.7);
#2491 = AXIS2_PLACEMENT_3D('',#2492,#2493,#2494);
#2492 = CARTESIAN_POINT('',(10.,10.,29.));
#2493 = DIRECTION('',(-0.,-0.,-1.));
#2494 = DIRECTION('',(1.,0.,0.));
#2495 = DEFINITIONAL_REPRESENTATION('',(#2496),#2500);
#2496 = LINE('',#2497,#2498);
#2497 = CARTESIAN_POINT('',(-6.28318530718,-13.));
#2498 = VECTOR('',#2499,1.);
#2499 = DIRECTION('',(1.,-0.));
#2500 = ( GEOMETRIC_REPRESENTATION_CONTEXT(2) 
PARAMETRIC_REPRESENTATION_CONTEXT() REPRESENTATION_CONTEXT('2D SPACE',''
  ) );
#2501 = FACE_BOUND('',#2502,.T.);
#2502 = EDGE_LOOP('',(#2503));
#2503 = ORIENTED_EDGE('',*,*,#2504,.T.);
#2504 = EDGE_CURVE('',#2505,#2505,#2507,.T.);
#2505 = VERTEX_POINT('',#2506);
#2506 = CARTESIAN_POINT('',(155.7,10.,42.));
#2507 = SURFACE_CURVE('',#2508,(#2513,#2524),.PCURVE_S1.);
#2508 = CIRCLE('',#2509,1.7);
#2509 = AXIS2_PLACEMENT_3D('',#2510,#2511,#2512);
#2510 = CARTESIAN_POINT('',(154.,10.,42.));
#2511 = DIRECTION('',(0.,0.,-1.));
#2512 = DIRECTION('',(1.,0.,0.));
#2513 = PCURVE('',#100,#2514);
#2514 = DEFINITIONAL_REPRESENTATION('',(#2515),#2523);
#2515 = ( BOUNDED_CURVE() B_SPLINE_CURVE(2,(#2516,#2517,#2518,#2519,
#2520,#2521,#2522),.UNSPECIFIED.,.T.,.F.) B_SPLINE_CURVE_WITH_KNOTS((1,2
    ,2,2,2,1),(-2.094395102393,0.,2.094395102393,4.188790204786,
6.28318530718,8.377580409573),.UNSPECIFIED.) CURVE() 
GEOMETRIC_REPRESENTATION_ITEM() RATIONAL_B_SPLINE_CURVE((1.,0.5,1.,0.5,
1.,0.5,1.)) REPRESENTATION_ITEM('') );
#2516 = CARTESIAN_POINT('',(73.7,-66.));
#2517 = CARTESIAN_POINT('',(73.7,-68.94448637286));
#2518 = CARTESIAN_POINT('',(71.15,-67.47224318643));
#2519 = CARTESIAN_POINT('',(68.6,-66.));
#2520 = CARTESIAN_POINT('',(71.15,-64.52775681356));
#2521 = CARTESIAN_POINT('',(73.7,-63.05551362713));
#2522 = CARTESIAN_POINT('',(73.7,-66.));
#2523 = ( GEOMETRIC_REPRESENTATION_CONTEXT(2) 
PARAMETRIC_REPRESENTATION_CONTEXT() REPRESENTATION_CONTEXT('2D SPACE',''
  ) );
#2524 = PCURVE('',#2525,#2530);
#2525 = CYLINDRICAL_SURFACE('',#2526,1.7);
#2526 = AXIS2_PLACEMENT_3D('',#2527,#2528,#2529);
#2527 = CARTESIAN_POINT('',(154.,10.,29.));
#2528 = DIRECTION('',(-0.,-0.,-1.));
#2529 = DIRECTION('',(1.,0.,0.));
#2530 = DEFINITIONAL_REPRESENTATION('',(#2531),#2535);
#2531 = LINE('',#2532,#2533);
#2532 = CARTESIAN_POINT('',(-6.28318530718,-13.));
#2533 = VECTOR('',#2534,1.);
#2534 = DIRECTION('',(1.,-0.));
#2535 = ( GEOMETRIC_REPRESENTATION_CONTEXT(2) 
PARAMETRIC_REPRESENTATION_CONTEXT() REPRESENTATION_CONTEXT('2D SPACE',''
  ) );
#2536 = FACE_BOUND('',#2537,.T.);
#2537 = EDGE_LOOP('',(#2538));
#2538 = ORIENTED_EDGE('',*,*,#2539,.T.);
#2539 = EDGE_CURVE('',#2540,#2540,#2542,.T.);
#2540 = VERTEX_POINT('',#2541);
#2541 = CARTESIAN_POINT('',(6.7,76.,42.));
#2542 = SURFACE_CURVE('',#2543,(#2548,#2559),.PCURVE_S1.);
#2543 = CIRCLE('',#2544,1.7);
#2544 = AXIS2_PLACEMENT_3D('',#2545,#2546,#2547);
#2545 = CARTESIAN_POINT('',(5.,76.,42.));
#2546 = DIRECTION('',(0.,0.,-1.));
#2547 = DIRECTION('',(1.,0.,0.));
#2548 = PCURVE('',#100,#2549);
#2549 = DEFINITIONAL_REPRESENTATION('',(#2550),#2558);
#2550 = ( BOUNDED_CURVE() B_SPLINE_CURVE(2,(#2551,#2552,#2553,#2554,
#2555,#2556,#2557),.UNSPECIFIED.,.T.,.F.) B_SPLINE_CURVE_WITH_KNOTS((1,2
    ,2,2,2,1),(-2.094395102393,0.,2.094395102393,4.188790204786,
6.28318530718,8.377580409573),.UNSPECIFIED.) CURVE() 
GEOMETRIC_REPRESENTATION_ITEM() RATIONAL_B_SPLINE_CURVE((1.,0.5,1.,0.5,
1.,0.5,1.)) REPRESENTATION_ITEM('') );
#2551 = CARTESIAN_POINT('',(-75.3,-1.42108547152E-14));
#2552 = CARTESIAN_POINT('',(-75.3,-2.944486372867));
#2553 = CARTESIAN_POINT('',(-77.85,-1.472243186434));
#2554 = CARTESIAN_POINT('',(-80.4,-1.462723462691E-14));
#2555 = CARTESIAN_POINT('',(-77.85,1.472243186434));
#2556 = CARTESIAN_POINT('',(-75.3,2.944486372867));
#2557 = CARTESIAN_POINT('',(-75.3,-1.42108547152E-14));
#2558 = ( GEOMETRIC_REPRESENTATION_CONTEXT(2) 
PARAMETRIC_REPRESENTATION_CONTEXT() REPRESENTATION_CONTEXT('2D SPACE',''
  ) );
#2559 = PCURVE('',#2560,#2565);
#2560 = CYLINDRICAL_SURFACE('',#2561,1.7);
#2561 = AXIS2_PLACEMENT_3D('',#2562,#2563,#2564);
#2562 = CARTESIAN_POINT('',(5.,76.,29.));
#2563 = DIRECTION('',(-0.,-0.,-1.));
#2564 = DIRECTION('',(1.,0.,0.));
#2565 = DEFINITIONAL_REPRESENTATION('',(#2566),#2570);
#2566 = LINE('',#2567,#2568);
#2567 = CARTESIAN_POINT('',(-6.28318530718,-13.));
#2568 = VECTOR('',#2569,1.);
#2569 = DIRECTION('',(1.,-0.));
#2570 = ( GEOMETRIC_REPRESENTATION_CONTEXT(2) 
PARAMETRIC_REPRESENTATION_CONTEXT() REPRESENTATION_CONTEXT('2D SPACE',''
  ) );
#2571 = FACE_BOUND('',#2572,.T.);
#2572 = EDGE_LOOP('',(#2573));
#2573 = ORIENTED_EDGE('',*,*,#2574,.T.);
#2574 = EDGE_CURVE('',#2575,#2575,#2577,.T.);
#2575 = VERTEX_POINT('',#2576);
#2576 = CARTESIAN_POINT('',(11.7,142.,42.));
#2577 = SURFACE_CURVE('',#2578,(#2583,#2594),.PCURVE_S1.);
#2578 = CIRCLE('',#2579,1.7);
#2579 = AXIS2_PLACEMENT_3D('',#2580,#2581,#2582);
#2580 = CARTESIAN_POINT('',(10.,142.,42.));
#2581 = DIRECTION('',(0.,0.,-1.));
#2582 = DIRECTION('',(1.,0.,0.));
#2583 = PCURVE('',#100,#2584);
#2584 = DEFINITIONAL_REPRESENTATION('',(#2585),#2593);
#2585 = ( BOUNDED_CURVE() B_SPLINE_CURVE(2,(#2586,#2587,#2588,#2589,
#2590,#2591,#2592),.UNSPECIFIED.,.T.,.F.) B_SPLINE_CURVE_WITH_KNOTS((1,2
    ,2,2,2,1),(-2.094395102393,0.,2.094395102393,4.188790204786,
6.28318530718,8.377580409573),.UNSPECIFIED.) CURVE() 
GEOMETRIC_REPRESENTATION_ITEM() RATIONAL_B_SPLINE_CURVE((1.,0.5,1.,0.5,
1.,0.5,1.)) REPRESENTATION_ITEM('') );
#2586 = CARTESIAN_POINT('',(-70.3,66.));
#2587 = CARTESIAN_POINT('',(-70.3,63.055513627133));
#2588 = CARTESIAN_POINT('',(-72.85,64.527756813566));
#2589 = CARTESIAN_POINT('',(-75.4,66.));
#2590 = CARTESIAN_POINT('',(-72.85,67.472243186434));
#2591 = CARTESIAN_POINT('',(-70.3,68.944486372867));
#2592 = CARTESIAN_POINT('',(-70.3,66.));
#2593 = ( GEOMETRIC_REPRESENTATION_CONTEXT(2) 
PARAMETRIC_REPRESENTATION_CONTEXT() REPRESENTATION_CONTEXT('2D SPACE',''
  ) );
#2594 = PCURVE('',#2595,#2600);
#2595 = CYLINDRICAL_SURFACE('',#2596,1.7);
#2596 = AXIS2_PLACEMENT_3D('',#2597,#2598,#2599);
#2597 = CARTESIAN_POINT('',(10.,142.,29.));
#2598 = DIRECTION('',(-0.,-0.,-1.));
#2599 = DIRECTION('',(1.,0.,0.));
#2600 = DEFINITIONAL_REPRESENTATION('',(#2601),#2605);
#2601 = LINE('',#2602,#2603);
#2602 = CARTESIAN_POINT('',(-6.28318530718,-13.));
#2603 = VECTOR('',#2604,1.);
#2604 = DIRECTION('',(1.,-0.));
#2605 = ( GEOMETRIC_REPRESENTATION_CONTEXT(2) 
PARAMETRIC_REPRESENTATION_CONTEXT() REPRESENTATION_CONTEXT('2D SPACE',''
  ) );
#2606 = FACE_BOUND('',#2607,.T.);
#2607 = EDGE_LOOP('',(#2608,#2643,#2669,#2702,#2728,#2761,#2787,#2820));
#2608 = ORIENTED_EDGE('',*,*,#2609,.T.);
#2609 = EDGE_CURVE('',#2610,#2612,#2614,.T.);
#2610 = VERTEX_POINT('',#2611);
#2611 = CARTESIAN_POINT('',(155.9,32.,42.));
#2612 = VERTEX_POINT('',#2613);
#2613 = CARTESIAN_POINT('',(132.,8.1,42.));
#2614 = SURFACE_CURVE('',#2615,(#2620,#2631),.PCURVE_S1.);
#2615 = CIRCLE('',#2616,23.9);
#2616 = AXIS2_PLACEMENT_3D('',#2617,#2618,#2619);
#2617 = CARTESIAN_POINT('',(132.,32.,42.));
#2618 = DIRECTION('',(0.,0.,-1.));
#2619 = DIRECTION('',(1.,0.,0.));
#2620 = PCURVE('',#100,#2621);
#2621 = DEFINITIONAL_REPRESENTATION('',(#2622),#2630);
#2622 = ( BOUNDED_CURVE() B_SPLINE_CURVE(2,(#2623,#2624,#2625,#2626,
#2627,#2628,#2629),.UNSPECIFIED.,.T.,.F.) B_SPLINE_CURVE_WITH_KNOTS((1,2
    ,2,2,2,1),(-2.094395102393,0.,2.094395102393,4.188790204786,
6.28318530718,8.377580409573),.UNSPECIFIED.) CURVE() 
GEOMETRIC_REPRESENTATION_ITEM() RATIONAL_B_SPLINE_CURVE((1.,0.5,1.,0.5,
1.,0.5,1.)) REPRESENTATION_ITEM('') );
#2623 = CARTESIAN_POINT('',(73.9,-44.));
#2624 = CARTESIAN_POINT('',(73.9,-85.39601430089));
#2625 = CARTESIAN_POINT('',(38.05,-64.69800715044));
#2626 = CARTESIAN_POINT('',(2.2,-44.));
#2627 = CARTESIAN_POINT('',(38.05,-23.30199284955));
#2628 = CARTESIAN_POINT('',(73.9,-2.603985699104));
#2629 = CARTESIAN_POINT('',(73.9,-44.));
#2630 = ( GEOMETRIC_REPRESENTATION_CONTEXT(2) 
PARAMETRIC_REPRESENTATION_CONTEXT() REPRESENTATION_CONTEXT('2D SPACE',''
  ) );
#2631 = PCURVE('',#2632,#2637);
#2632 = CYLINDRICAL_SURFACE('',#2633,23.9);
#2633 = AXIS2_PLACEMENT_3D('',#2634,#2635,#2636);
#2634 = CARTESIAN_POINT('',(132.,32.,40.));
#2635 = DIRECTION('',(-0.,0.,-1.));
#2636 = DIRECTION('',(1.,0.,0.));
#2637 = DEFINITIONAL_REPRESENTATION('',(#2638),#2642);
#2638 = LINE('',#2639,#2640);
#2639 = CARTESIAN_POINT('',(-6.28318530718,-2.));
#2640 = VECTOR('',#2641,1.);
#2641 = DIRECTION('',(1.,-0.));
#2642 = ( GEOMETRIC_REPRESENTATION_CONTEXT(2) 
PARAMETRIC_REPRESENTATION_CONTEXT() REPRESENTATION_CONTEXT('2D SPACE',''
  ) );
#2643 = ORIENTED_EDGE('',*,*,#2644,.T.);
#2644 = EDGE_CURVE('',#2612,#2645,#2647,.T.);
#2645 = VERTEX_POINT('',#2646);
#2646 = CARTESIAN_POINT('',(32.,8.1,42.));
#2647 = SURFACE_CURVE('',#2648,(#2652,#2658),.PCURVE_S1.);
#2648 = LINE('',#2649,#2650);
#2649 = CARTESIAN_POINT('',(57.,8.1,42.));
#2650 = VECTOR('',#2651,1.);
#2651 = DIRECTION('',(-1.,0.,0.));
#2652 = PCURVE('',#100,#2653);
#2653 = DEFINITIONAL_REPRESENTATION('',(#2654),#2657);
#2654 = B_SPLINE_CURVE_WITH_KNOTS('',1,(#2655,#2656),.UNSPECIFIED.,.F.,
  .F.,(2,2),(-75.,25.),.PIECEWISE_BEZIER_KNOTS.);
#2655 = CARTESIAN_POINT('',(50.,-67.9));
#2656 = CARTESIAN_POINT('',(-50.,-67.9));
#2657 = ( GEOMETRIC_REPRESENTATION_CONTEXT(2) 
PARAMETRIC_REPRESENTATION_CONTEXT() REPRESENTATION_CONTEXT('2D SPACE',''
  ) );
#2658 = PCURVE('',#2659,#2664);
#2659 = PLANE('',#2660);
#2660 = AXIS2_PLACEMENT_3D('',#2661,#2662,#2663);
#2661 = CARTESIAN_POINT('',(32.,8.1,40.));
#2662 = DIRECTION('',(0.,1.,0.));
#2663 = DIRECTION('',(1.,0.,0.));
#2664 = DEFINITIONAL_REPRESENTATION('',(#2665),#2668);
#2665 = B_SPLINE_CURVE_WITH_KNOTS('',1,(#2666,#2667),.UNSPECIFIED.,.F.,
  .F.,(2,2),(-75.,25.),.PIECEWISE_BEZIER_KNOTS.);
#2666 = CARTESIAN_POINT('',(100.,-2.));
#2667 = CARTESIAN_POINT('',(0.,-2.));
#2668 = ( GEOMETRIC_REPRESENTATION_CONTEXT(2) 
PARAMETRIC_REPRESENTATION_CONTEXT() REPRESENTATION_CONTEXT('2D SPACE',''
  ) );
#2669 = ORIENTED_EDGE('',*,*,#2670,.T.);
#2670 = EDGE_CURVE('',#2645,#2671,#2673,.T.);
#2671 = VERTEX_POINT('',#2672);
#2672 = CARTESIAN_POINT('',(8.1,32.,42.));
#2673 = SURFACE_CURVE('',#2674,(#2679,#2690),.PCURVE_S1.);
#2674 = CIRCLE('',#2675,23.9);
#2675 = AXIS2_PLACEMENT_3D('',#2676,#2677,#2678);
#2676 = CARTESIAN_POINT('',(32.,32.,42.));
#2677 = DIRECTION('',(0.,0.,-1.));
#2678 = DIRECTION('',(1.,0.,0.));
#2679 = PCURVE('',#100,#2680);
#2680 = DEFINITIONAL_REPRESENTATION('',(#2681),#2689);
#2681 = ( BOUNDED_CURVE() B_SPLINE_CURVE(2,(#2682,#2683,#2684,#2685,
#2686,#2687,#2688),.UNSPECIFIED.,.T.,.F.) B_SPLINE_CURVE_WITH_KNOTS((1,2
    ,2,2,2,1),(-2.094395102393,0.,2.094395102393,4.188790204786,
6.28318530718,8.377580409573),.UNSPECIFIED.) CURVE() 
GEOMETRIC_REPRESENTATION_ITEM() RATIONAL_B_SPLINE_CURVE((1.,0.5,1.,0.5,
1.,0.5,1.)) REPRESENTATION_ITEM('') );
#2682 = CARTESIAN_POINT('',(-26.1,-44.));
#2683 = CARTESIAN_POINT('',(-26.1,-85.39601430089));
#2684 = CARTESIAN_POINT('',(-61.95,-64.69800715044));
#2685 = CARTESIAN_POINT('',(-97.8,-44.));
#2686 = CARTESIAN_POINT('',(-61.95,-23.30199284955));
#2687 = CARTESIAN_POINT('',(-26.1,-2.603985699104));
#2688 = CARTESIAN_POINT('',(-26.1,-44.));
#2689 = ( GEOMETRIC_REPRESENTATION_CONTEXT(2) 
PARAMETRIC_REPRESENTATION_CONTEXT() REPRESENTATION_CONTEXT('2D SPACE',''
  ) );
#2690 = PCURVE('',#2691,#2696);
#2691 = CYLINDRICAL_SURFACE('',#2692,23.9);
#2692 = AXIS2_PLACEMENT_3D('',#2693,#2694,#2695);
#2693 = CARTESIAN_POINT('',(32.,32.,40.));
#2694 = DIRECTION('',(-0.,0.,-1.));
#2695 = DIRECTION('',(1.,0.,0.));
#2696 = DEFINITIONAL_REPRESENTATION('',(#2697),#2701);
#2697 = LINE('',#2698,#2699);
#2698 = CARTESIAN_POINT('',(-6.28318530718,-2.));
#2699 = VECTOR('',#2700,1.);
#2700 = DIRECTION('',(1.,-0.));
#2701 = ( GEOMETRIC_REPRESENTATION_CONTEXT(2) 
PARAMETRIC_REPRESENTATION_CONTEXT() REPRESENTATION_CONTEXT('2D SPACE',''
  ) );
#2702 = ORIENTED_EDGE('',*,*,#2703,.T.);
#2703 = EDGE_CURVE('',#2671,#2704,#2706,.T.);
#2704 = VERTEX_POINT('',#2705);
#2705 = CARTESIAN_POINT('',(8.1,120.,42.));
#2706 = SURFACE_CURVE('',#2707,(#2711,#2717),.PCURVE_S1.);
#2707 = LINE('',#2708,#2709);
#2708 = CARTESIAN_POINT('',(8.1,98.,42.));
#2709 = VECTOR('',#2710,1.);
#2710 = DIRECTION('',(-0.,1.,0.));
#2711 = PCURVE('',#100,#2712);
#2712 = DEFINITIONAL_REPRESENTATION('',(#2713),#2716);
#2713 = B_SPLINE_CURVE_WITH_KNOTS('',1,(#2714,#2715),.UNSPECIFIED.,.F.,
  .F.,(2,2),(-66.,22.),.PIECEWISE_BEZIER_KNOTS.);
#2714 = CARTESIAN_POINT('',(-73.9,-44.));
#2715 = CARTESIAN_POINT('',(-73.9,44.));
#2716 = ( GEOMETRIC_REPRESENTATION_CONTEXT(2) 
PARAMETRIC_REPRESENTATION_CONTEXT() REPRESENTATION_CONTEXT('2D SPACE',''
  ) );
#2717 = PCURVE('',#2718,#2723);
#2718 = PLANE('',#2719);
#2719 = AXIS2_PLACEMENT_3D('',#2720,#2721,#2722);
#2720 = CARTESIAN_POINT('',(8.1,120.,40.));
#2721 = DIRECTION('',(1.,0.,-0.));
#2722 = DIRECTION('',(0.,-1.,0.));
#2723 = DEFINITIONAL_REPRESENTATION('',(#2724),#2727);
#2724 = B_SPLINE_CURVE_WITH_KNOTS('',1,(#2725,#2726),.UNSPECIFIED.,.F.,
  .F.,(2,2),(-66.,22.),.PIECEWISE_BEZIER_KNOTS.);
#2725 = CARTESIAN_POINT('',(88.,-2.));
#2726 = CARTESIAN_POINT('',(-7.105427357601E-15,-2.));
#2727 = ( GEOMETRIC_REPRESENTATION_CONTEXT(2) 
PARAMETRIC_REPRESENTATION_CONTEXT() REPRESENTATION_CONTEXT('2D SPACE',''
  ) );
#2728 = ORIENTED_EDGE('',*,*,#2729,.T.);
#2729 = EDGE_CURVE('',#2704,#2730,#2732,.T.);
#2730 = VERTEX_POINT('',#2731);
#2731 = CARTESIAN_POINT('',(32.,143.9,42.));
#2732 = SURFACE_CURVE('',#2733,(#2738,#2749),.PCURVE_S1.);
#2733 = CIRCLE('',#2734,23.9);
#2734 = AXIS2_PLACEMENT_3D('',#2735,#2736,#2737);
#2735 = CARTESIAN_POINT('',(32.,120.,42.));
#2736 = DIRECTION('',(0.,0.,-1.));
#2737 = DIRECTION('',(1.,0.,0.));
#2738 = PCURVE('',#100,#2739);
#2739 = DEFINITIONAL_REPRESENTATION('',(#2740),#2748);
#2740 = ( BOUNDED_CURVE() B_SPLINE_CURVE(2,(#2741,#2742,#2743,#2744,
#2745,#2746,#2747),.UNSPECIFIED.,.T.,.F.) B_SPLINE_CURVE_WITH_KNOTS((1,2
    ,2,2,2,1),(-2.094395102393,0.,2.094395102393,4.188790204786,
6.28318530718,8.377580409573),.UNSPECIFIED.) CURVE() 
GEOMETRIC_REPRESENTATION_ITEM() RATIONAL_B_SPLINE_CURVE((1.,0.5,1.,0.5,
1.,0.5,1.)) REPRESENTATION_ITEM('') );
#2741 = CARTESIAN_POINT('',(-26.1,44.));
#2742 = CARTESIAN_POINT('',(-26.1,2.603985699104));
#2743 = CARTESIAN_POINT('',(-61.95,23.301992849552));
#2744 = CARTESIAN_POINT('',(-97.8,44.));
#2745 = CARTESIAN_POINT('',(-61.95,64.698007150448));
#2746 = CARTESIAN_POINT('',(-26.1,85.396014300896));
#2747 = CARTESIAN_POINT('',(-26.1,44.));
#2748 = ( GEOMETRIC_REPRESENTATION_CONTEXT(2) 
PARAMETRIC_REPRESENTATION_CONTEXT() REPRESENTATION_CONTEXT('2D SPACE',''
  ) );
#2749 = PCURVE('',#2750,#2755);
#2750 = CYLINDRICAL_SURFACE('',#2751,23.9);
#2751 = AXIS2_PLACEMENT_3D('',#2752,#2753,#2754);
#2752 = CARTESIAN_POINT('',(32.,120.,40.));
#2753 = DIRECTION('',(-0.,0.,-1.));
#2754 = DIRECTION('',(1.,0.,0.));
#2755 = DEFINITIONAL_REPRESENTATION('',(#2756),#2760);
#2756 = LINE('',#2757,#2758);
#2757 = CARTESIAN_POINT('',(-6.28318530718,-2.));
#2758 = VECTOR('',#2759,1.);
#2759 = DIRECTION('',(1.,-0.));
#2760 = ( GEOMETRIC_REPRESENTATION_CONTEXT(2) 
PARAMETRIC_REPRESENTATION_CONTEXT() REPRESENTATION_CONTEXT('2D SPACE',''
  ) );
#2761 = ORIENTED_EDGE('',*,*,#2762,.T.);
#2762 = EDGE_CURVE('',#2730,#2763,#2765,.T.);
#2763 = VERTEX_POINT('',#2764);
#2764 = CARTESIAN_POINT('',(132.,143.9,42.));
#2765 = SURFACE_CURVE('',#2766,(#2770,#2776),.PCURVE_S1.);
#2766 = LINE('',#2767,#2768);
#2767 = CARTESIAN_POINT('',(107.,143.9,42.));
#2768 = VECTOR('',#2769,1.);
#2769 = DIRECTION('',(1.,0.,-0.));
#2770 = PCURVE('',#100,#2771);
#2771 = DEFINITIONAL_REPRESENTATION('',(#2772),#2775);
#2772 = B_SPLINE_CURVE_WITH_KNOTS('',1,(#2773,#2774),.UNSPECIFIED.,.F.,
  .F.,(2,2),(-75.,25.),.PIECEWISE_BEZIER_KNOTS.);
#2773 = CARTESIAN_POINT('',(-50.,67.9));
#2774 = CARTESIAN_POINT('',(50.,67.9));
#2775 = ( GEOMETRIC_REPRESENTATION_CONTEXT(2) 
PARAMETRIC_REPRESENTATION_CONTEXT() REPRESENTATION_CONTEXT('2D SPACE',''
  ) );
#2776 = PCURVE('',#2777,#2782);
#2777 = PLANE('',#2778);
#2778 = AXIS2_PLACEMENT_3D('',#2779,#2780,#2781);
#2779 = CARTESIAN_POINT('',(132.,143.9,40.));
#2780 = DIRECTION('',(0.,-1.,0.));
#2781 = DIRECTION('',(-1.,0.,0.));
#2782 = DEFINITIONAL_REPRESENTATION('',(#2783),#2786);
#2783 = B_SPLINE_CURVE_WITH_KNOTS('',1,(#2784,#2785),.UNSPECIFIED.,.F.,
  .F.,(2,2),(-75.,25.),.PIECEWISE_BEZIER_KNOTS.);
#2784 = CARTESIAN_POINT('',(100.,-2.));
#2785 = CARTESIAN_POINT('',(-7.105427357601E-15,-2.));
#2786 = ( GEOMETRIC_REPRESENTATION_CONTEXT(2) 
PARAMETRIC_REPRESENTATION_CONTEXT() REPRESENTATION_CONTEXT('2D SPACE',''
  ) );
#2787 = ORIENTED_EDGE('',*,*,#2788,.T.);
#2788 = EDGE_CURVE('',#2763,#2789,#2791,.T.);
#2789 = VERTEX_POINT('',#2790);
#2790 = CARTESIAN_POINT('',(155.9,120.,42.));
#2791 = SURFACE_CURVE('',#2792,(#2797,#2808),.PCURVE_S1.);
#2792 = CIRCLE('',#2793,23.9);
#2793 = AXIS2_PLACEMENT_3D('',#2794,#2795,#2796);
#2794 = CARTESIAN_POINT('',(132.,120.,42.));
#2795 = DIRECTION('',(0.,0.,-1.));
#2796 = DIRECTION('',(1.,0.,0.));
#2797 = PCURVE('',#100,#2798);
#2798 = DEFINITIONAL_REPRESENTATION('',(#2799),#2807);
#2799 = ( BOUNDED_CURVE() B_SPLINE_CURVE(2,(#2800,#2801,#2802,#2803,
#2804,#2805,#2806),.UNSPECIFIED.,.T.,.F.) B_SPLINE_CURVE_WITH_KNOTS((1,2
    ,2,2,2,1),(-2.094395102393,0.,2.094395102393,4.188790204786,
6.28318530718,8.377580409573),.UNSPECIFIED.) CURVE() 
GEOMETRIC_REPRESENTATION_ITEM() RATIONAL_B_SPLINE_CURVE((1.,0.5,1.,0.5,
1.,0.5,1.)) REPRESENTATION_ITEM('') );
#2800 = CARTESIAN_POINT('',(73.9,44.));
#2801 = CARTESIAN_POINT('',(73.9,2.603985699104));
#2802 = CARTESIAN_POINT('',(38.05,23.301992849552));
#2803 = CARTESIAN_POINT('',(2.2,44.));
#2804 = CARTESIAN_POINT('',(38.05,64.698007150448));
#2805 = CARTESIAN_POINT('',(73.9,85.396014300896));
#2806 = CARTESIAN_POINT('',(73.9,44.));
#2807 = ( GEOMETRIC_REPRESENTATION_CONTEXT(2) 
PARAMETRIC_REPRESENTATION_CONTEXT() REPRESENTATION_CONTEXT('2D SPACE',''
  ) );
#2808 = PCURVE('',#2809,#2814);
#2809 = CYLINDRICAL_SURFACE('',#2810,23.9);
#2810 = AXIS2_PLACEMENT_3D('',#2811,#2812,#2813);
#2811 = CARTESIAN_POINT('',(132.,120.,40.));
#2812 = DIRECTION('',(-0.,0.,-1.));
#2813 = DIRECTION('',(1.,0.,0.));
#2814 = DEFINITIONAL_REPRESENTATION('',(#2815),#2819);
#2815 = LINE('',#2816,#2817);
#2816 = CARTESIAN_POINT('',(-6.28318530718,-2.));
#2817 = VECTOR('',#2818,1.);
#2818 = DIRECTION('',(1.,-0.));
#2819 = ( GEOMETRIC_REPRESENTATION_CONTEXT(2) 
PARAMETRIC_REPRESENTATION_CONTEXT() REPRESENTATION_CONTEXT('2D SPACE',''
  ) );
#2820 = ORIENTED_EDGE('',*,*,#2821,.T.);
#2821 = EDGE_CURVE('',#2789,#2610,#2822,.T.);
#2822 = SURFACE_CURVE('',#2823,(#2827,#2833),.PCURVE_S1.);
#2823 = LINE('',#2824,#2825);
#2824 = CARTESIAN_POINT('',(155.9,54.,42.));
#2825 = VECTOR('',#2826,1.);
#2826 = DIRECTION('',(0.,-1.,0.));
#2827 = PCURVE('',#100,#2828);
#2828 = DEFINITIONAL_REPRESENTATION('',(#2829),#2832);
#2829 = B_SPLINE_CURVE_WITH_KNOTS('',1,(#2830,#2831),.UNSPECIFIED.,.F.,
  .F.,(2,2),(-66.,22.),.PIECEWISE_BEZIER_KNOTS.);
#2830 = CARTESIAN_POINT('',(73.9,44.));
#2831 = CARTESIAN_POINT('',(73.9,-44.));
#2832 = ( GEOMETRIC_REPRESENTATION_CONTEXT(2) 
PARAMETRIC_REPRESENTATION_CONTEXT() REPRESENTATION_CONTEXT('2D SPACE',''
  ) );
#2833 = PCURVE('',#2834,#2839);
#2834 = PLANE('',#2835);
#2835 = AXIS2_PLACEMENT_3D('',#2836,#2837,#2838);
#2836 = CARTESIAN_POINT('',(155.9,32.,40.));
#2837 = DIRECTION('',(-1.,0.,0.));
#2838 = DIRECTION('',(0.,1.,0.));
#2839 = DEFINITIONAL_REPRESENTATION('',(#2840),#2843);
#2840 = B_SPLINE_CURVE_WITH_KNOTS('',1,(#2841,#2842),.UNSPECIFIED.,.F.,
  .F.,(2,2),(-66.,22.),.PIECEWISE_BEZIER_KNOTS.);
#2841 = CARTESIAN_POINT('',(88.,-2.));
#2842 = CARTESIAN_POINT('',(0.,-2.));
#2843 = ( GEOMETRIC_REPRESENTATION_CONTEXT(2) 
PARAMETRIC_REPRESENTATION_CONTEXT() REPRESENTATION_CONTEXT('2D SPACE',''
  ) );
#2844 = FACE_BOUND('',#2845,.T.);
#2845 = EDGE_LOOP('',(#2846));
#2846 = ORIENTED_EDGE('',*,*,#2847,.T.);
#2847 = EDGE_CURVE('',#2848,#2848,#2850,.T.);
#2848 = VERTEX_POINT('',#2849);
#2849 = CARTESIAN_POINT('',(160.7,76.,42.));
#2850 = SURFACE_CURVE('',#2851,(#2856,#2867),.PCURVE_S1.);
#2851 = CIRCLE('',#2852,1.7);
#2852 = AXIS2_PLACEMENT_3D('',#2853,#2854,#2855);
#2853 = CARTESIAN_POINT('',(159.,76.,42.));
#2854 = DIRECTION('',(0.,0.,-1.));
#2855 = DIRECTION('',(1.,0.,0.));
#2856 = PCURVE('',#100,#2857);
#2857 = DEFINITIONAL_REPRESENTATION('',(#2858),#2866);
#2858 = ( BOUNDED_CURVE() B_SPLINE_CURVE(2,(#2859,#2860,#2861,#2862,
#2863,#2864,#2865),.UNSPECIFIED.,.T.,.F.) B_SPLINE_CURVE_WITH_KNOTS((1,2
    ,2,2,2,1),(-2.094395102393,0.,2.094395102393,4.188790204786,
6.28318530718,8.377580409573),.UNSPECIFIED.) CURVE() 
GEOMETRIC_REPRESENTATION_ITEM() RATIONAL_B_SPLINE_CURVE((1.,0.5,1.,0.5,
1.,0.5,1.)) REPRESENTATION_ITEM('') );
#2859 = CARTESIAN_POINT('',(78.7,-1.42108547152E-14));
#2860 = CARTESIAN_POINT('',(78.7,-2.944486372867));
#2861 = CARTESIAN_POINT('',(76.15,-1.472243186434));
#2862 = CARTESIAN_POINT('',(73.6,-1.462723462691E-14));
#2863 = CARTESIAN_POINT('',(76.15,1.472243186434));
#2864 = CARTESIAN_POINT('',(78.7,2.944486372867));
#2865 = CARTESIAN_POINT('',(78.7,-1.42108547152E-14));
#2866 = ( GEOMETRIC_REPRESENTATION_CONTEXT(2) 
PARAMETRIC_REPRESENTATION_CONTEXT() REPRESENTATION_CONTEXT('2D SPACE',''
  ) );
#2867 = PCURVE('',#2868,#2873);
#2868 = CYLINDRICAL_SURFACE('',#2869,1.7);
#2869 = AXIS2_PLACEMENT_3D('',#2870,#2871,#2872);
#2870 = CARTESIAN_POINT('',(159.,76.,29.));
#2871 = DIRECTION('',(-0.,-0.,-1.));
#2872 = DIRECTION('',(1.,0.,0.));
#2873 = DEFINITIONAL_REPRESENTATION('',(#2874),#2878);
#2874 = LINE('',#2875,#2876);
#2875 = CARTESIAN_POINT('',(-6.28318530718,-13.));
#2876 = VECTOR('',#2877,1.);
#2877 = DIRECTION('',(1.,-0.));
#2878 = ( GEOMETRIC_REPRESENTATION_CONTEXT(2) 
PARAMETRIC_REPRESENTATION_CONTEXT() REPRESENTATION_CONTEXT('2D SPACE',''
  ) );
#2879 = FACE_BOUND('',#2880,.T.);
#2880 = EDGE_LOOP('',(#2881));
#2881 = ORIENTED_EDGE('',*,*,#2882,.T.);
#2882 = EDGE_CURVE('',#2883,#2883,#2885,.T.);
#2883 = VERTEX_POINT('',#2884);
#2884 = CARTESIAN_POINT('',(155.7,142.,42.));
#2885 = SURFACE_CURVE('',#2886,(#2891,#2902),.PCURVE_S1.);
#2886 = CIRCLE('',#2887,1.7);
#2887 = AXIS2_PLACEMENT_3D('',#2888,#2889,#2890);
#2888 = CARTESIAN_POINT('',(154.,142.,42.));
#2889 = DIRECTION('',(0.,0.,-1.));
#2890 = DIRECTION('',(1.,0.,0.));
#2891 = PCURVE('',#100,#2892);
#2892 = DEFINITIONAL_REPRESENTATION('',(#2893),#2901);
#2893 = ( BOUNDED_CURVE() B_SPLINE_CURVE(2,(#2894,#2895,#2896,#2897,
#2898,#2899,#2900),.UNSPECIFIED.,.T.,.F.) B_SPLINE_CURVE_WITH_KNOTS((1,2
    ,2,2,2,1),(-2.094395102393,0.,2.094395102393,4.188790204786,
6.28318530718,8.377580409573),.UNSPECIFIED.) CURVE() 
GEOMETRIC_REPRESENTATION_ITEM() RATIONAL_B_SPLINE_CURVE((1.,0.5,1.,0.5,
1.,0.5,1.)) REPRESENTATION_ITEM('') );
#2894 = CARTESIAN_POINT('',(73.7,66.));
#2895 = CARTESIAN_POINT('',(73.7,63.055513627133));
#2896 = CARTESIAN_POINT('',(71.15,64.527756813566));
#2897 = CARTESIAN_POINT('',(68.6,66.));
#2898 = CARTESIAN_POINT('',(71.15,67.472243186434));
#2899 = CARTESIAN_POINT('',(73.7,68.944486372867));
#2900 = CARTESIAN_POINT('',(73.7,66.));
#2901 = ( GEOMETRIC_REPRESENTATION_CONTEXT(2) 
PARAMETRIC_REPRESENTATION_CONTEXT() REPRESENTATION_CONTEXT('2D SPACE',''
  ) );
#2902 = PCURVE('',#2903,#2908);
#2903 = CYLINDRICAL_SURFACE('',#2904,1.7);
#2904 = AXIS2_PLACEMENT_3D('',#2905,#2906,#2907);
#2905 = CARTESIAN_POINT('',(154.,142.,29.));
#2906 = DIRECTION('',(-0.,-0.,-1.));
#2907 = DIRECTION('',(1.,0.,0.));
#2908 = DEFINITIONAL_REPRESENTATION('',(#2909),#2913);
#2909 = LINE('',#2910,#2911);
#2910 = CARTESIAN_POINT('',(-6.28318530718,-13.));
#2911 = VECTOR('',#2912,1.);
#2912 = DIRECTION('',(1.,-0.));
#2913 = ( GEOMETRIC_REPRESENTATION_CONTEXT(2) 
PARAMETRIC_REPRESENTATION_CONTEXT() REPRESENTATION_CONTEXT('2D SPACE',''
  ) );
#2914 = ADVANCED_FACE('',(#2915,#2941),#72,.T.);
#2915 = FACE_BOUND('',#2916,.F.);
#2916 = EDGE_LOOP('',(#2917,#2938,#2939,#2940));
#2917 = ORIENTED_EDGE('',*,*,#2918,.T.);
#2918 = EDGE_CURVE('',#431,#2423,#2919,.T.);
#2919 = SURFACE_CURVE('',#2920,(#2924,#2931),.PCURVE_S1.);
#2920 = LINE('',#2921,#2922);
#2921 = CARTESIAN_POINT('',(0.,14.,0.));
#2922 = VECTOR('',#2923,1.);
#2923 = DIRECTION('',(0.,0.,1.));
#2924 = PCURVE('',#72,#2925);
#2925 = DEFINITIONAL_REPRESENTATION('',(#2926),#2930);
#2926 = LINE('',#2927,#2928);
#2927 = CARTESIAN_POINT('',(-3.14159265359,0.));
#2928 = VECTOR('',#2929,1.);
#2929 = DIRECTION('',(-0.,-1.));
#2930 = ( GEOMETRIC_REPRESENTATION_CONTEXT(2) 
PARAMETRIC_REPRESENTATION_CONTEXT() REPRESENTATION_CONTEXT('2D SPACE',''
  ) );
#2931 = PCURVE('',#446,#2932);
#2932 = DEFINITIONAL_REPRESENTATION('',(#2933),#2937);
#2933 = LINE('',#2934,#2935);
#2934 = CARTESIAN_POINT('',(124.,0.));
#2935 = VECTOR('',#2936,1.);
#2936 = DIRECTION('',(0.,-1.));
#2937 = ( GEOMETRIC_REPRESENTATION_CONTEXT(2) 
PARAMETRIC_REPRESENTATION_CONTEXT() REPRESENTATION_CONTEXT('2D SPACE',''
  ) );
#2938 = ORIENTED_EDGE('',*,*,#2445,.T.);
#2939 = ORIENTED_EDGE('',*,*,#56,.F.);
#2940 = ORIENTED_EDGE('',*,*,#458,.F.);
#2941 = FACE_BOUND('',#2942,.F.);
#2942 = EDGE_LOOP('',(#2943,#2972,#3005,#3032));
#2943 = ORIENTED_EDGE('',*,*,#2944,.F.);
#2944 = EDGE_CURVE('',#2945,#2947,#2949,.T.);
#2945 = VERTEX_POINT('',#2946);
#2946 = CARTESIAN_POINT('',(1.818456583831,7.1,38.));
#2947 = VERTEX_POINT('',#2948);
#2948 = CARTESIAN_POINT('',(1.818456583831,7.1,35.2));
#2949 = SURFACE_CURVE('',#2950,(#2954,#2960),.PCURVE_S1.);
#2950 = LINE('',#2951,#2952);
#2951 = CARTESIAN_POINT('',(1.818456583831,7.1,0.));
#2952 = VECTOR('',#2953,1.);
#2953 = DIRECTION('',(-0.,0.,-1.));
#2954 = PCURVE('',#72,#2955);
#2955 = DEFINITIONAL_REPRESENTATION('',(#2956),#2959);
#2956 = B_SPLINE_CURVE_WITH_KNOTS('',1,(#2957,#2958),.UNSPECIFIED.,.F.,
  .F.,(2,2),(-38.28,-34.92),.PIECEWISE_BEZIER_KNOTS.);
#2957 = CARTESIAN_POINT('',(-3.65696302048,-38.28));
#2958 = CARTESIAN_POINT('',(-3.65696302048,-34.92));
#2959 = ( GEOMETRIC_REPRESENTATION_CONTEXT(2) 
PARAMETRIC_REPRESENTATION_CONTEXT() REPRESENTATION_CONTEXT('2D SPACE',''
  ) );
#2960 = PCURVE('',#2961,#2966);
#2961 = PLANE('',#2962);
#2962 = AXIS2_PLACEMENT_3D('',#2963,#2964,#2965);
#2963 = CARTESIAN_POINT('',(-1.,7.1,35.2));
#2964 = DIRECTION('',(0.,1.,0.));
#2965 = DIRECTION('',(0.,0.,1.));
#2966 = DEFINITIONAL_REPRESENTATION('',(#2967),#2971);
#2967 = LINE('',#2968,#2969);
#2968 = CARTESIAN_POINT('',(-35.2,2.818456583831));
#2969 = VECTOR('',#2970,1.);
#2970 = DIRECTION('',(-1.,0.));
#2971 = ( GEOMETRIC_REPRESENTATION_CONTEXT(2) 
PARAMETRIC_REPRESENTATION_CONTEXT() REPRESENTATION_CONTEXT('2D SPACE',''
  ) );
#2972 = ORIENTED_EDGE('',*,*,#2973,.T.);
#2973 = EDGE_CURVE('',#2945,#2974,#2976,.T.);
#2974 = VERTEX_POINT('',#2975);
#2975 = CARTESIAN_POINT('',(4.328118790093E-02,12.9,38.));
#2976 = SURFACE_CURVE('',#2977,(#2982,#2989),.PCURVE_S1.);
#2977 = CIRCLE('',#2978,14.);
#2978 = AXIS2_PLACEMENT_3D('',#2979,#2980,#2981);
#2979 = CARTESIAN_POINT('',(14.,14.,38.));
#2980 = DIRECTION('',(0.,0.,-1.));
#2981 = DIRECTION('',(1.,0.,0.));
#2982 = PCURVE('',#72,#2983);
#2983 = DEFINITIONAL_REPRESENTATION('',(#2984),#2988);
#2984 = LINE('',#2985,#2986);
#2985 = CARTESIAN_POINT('',(-6.28318530718,-38.));
#2986 = VECTOR('',#2987,1.);
#2987 = DIRECTION('',(1.,-0.));
#2988 = ( GEOMETRIC_REPRESENTATION_CONTEXT(2) 
PARAMETRIC_REPRESENTATION_CONTEXT() REPRESENTATION_CONTEXT('2D SPACE',''
  ) );
#2989 = PCURVE('',#2990,#2995);
#2990 = PLANE('',#2991);
#2991 = AXIS2_PLACEMENT_3D('',#2992,#2993,#2994);
#2992 = CARTESIAN_POINT('',(-1.,7.1,38.));
#2993 = DIRECTION('',(0.,0.,1.));
#2994 = DIRECTION('',(1.,0.,0.));
#2995 = DEFINITIONAL_REPRESENTATION('',(#2996),#3004);
#2996 = ( BOUNDED_CURVE() B_SPLINE_CURVE(2,(#2997,#2998,#2999,#3000,
#3001,#3002,#3003),.UNSPECIFIED.,.T.,.F.) B_SPLINE_CURVE_WITH_KNOTS((1,2
    ,2,2,2,1),(-2.094395102393,0.,2.094395102393,4.188790204786,
6.28318530718,8.377580409573),.UNSPECIFIED.) CURVE() 
GEOMETRIC_REPRESENTATION_ITEM() RATIONAL_B_SPLINE_CURVE((1.,0.5,1.,0.5,
1.,0.5,1.)) REPRESENTATION_ITEM('') );
#2997 = CARTESIAN_POINT('',(29.,6.9));
#2998 = CARTESIAN_POINT('',(29.,-17.34871130596));
#2999 = CARTESIAN_POINT('',(8.,-5.224355652982));
#3000 = CARTESIAN_POINT('',(-13.,6.9));
#3001 = CARTESIAN_POINT('',(8.,19.024355652982));
#3002 = CARTESIAN_POINT('',(29.,31.148711305964));
#3003 = CARTESIAN_POINT('',(29.,6.9));
#3004 = ( GEOMETRIC_REPRESENTATION_CONTEXT(2) 
PARAMETRIC_REPRESENTATION_CONTEXT() REPRESENTATION_CONTEXT('2D SPACE',''
  ) );
#3005 = ORIENTED_EDGE('',*,*,#3006,.T.);
#3006 = EDGE_CURVE('',#2974,#3007,#3009,.T.);
#3007 = VERTEX_POINT('',#3008);
#3008 = CARTESIAN_POINT('',(4.328118790093E-02,12.9,35.2));
#3009 = SURFACE_CURVE('',#3010,(#3014,#3020),.PCURVE_S1.);
#3010 = LINE('',#3011,#3012);
#3011 = CARTESIAN_POINT('',(4.328118790093E-02,12.9,0.));
#3012 = VECTOR('',#3013,1.);
#3013 = DIRECTION('',(-0.,0.,-1.));
#3014 = PCURVE('',#72,#3015);
#3015 = DEFINITIONAL_REPRESENTATION('',(#3016),#3019);
#3016 = B_SPLINE_CURVE_WITH_KNOTS('',1,(#3017,#3018),.UNSPECIFIED.,.F.,
  .F.,(2,2),(-38.28,-34.92),.PIECEWISE_BEZIER_KNOTS.);
#3017 = CARTESIAN_POINT('',(-3.220245150628,-38.28));
#3018 = CARTESIAN_POINT('',(-3.220245150628,-34.92));
#3019 = ( GEOMETRIC_REPRESENTATION_CONTEXT(2) 
PARAMETRIC_REPRESENTATION_CONTEXT() REPRESENTATION_CONTEXT('2D SPACE',''
  ) );
#3020 = PCURVE('',#3021,#3026);
#3021 = PLANE('',#3022);
#3022 = AXIS2_PLACEMENT_3D('',#3023,#3024,#3025);
#3023 = CARTESIAN_POINT('',(-1.,12.9,35.2));
#3024 = DIRECTION('',(0.,1.,0.));
#3025 = DIRECTION('',(0.,0.,1.));
#3026 = DEFINITIONAL_REPRESENTATION('',(#3027),#3031);
#3027 = LINE('',#3028,#3029);
#3028 = CARTESIAN_POINT('',(-35.2,1.043281187901));
#3029 = VECTOR('',#3030,1.);
#3030 = DIRECTION('',(-1.,0.));
#3031 = ( GEOMETRIC_REPRESENTATION_CONTEXT(2) 
PARAMETRIC_REPRESENTATION_CONTEXT() REPRESENTATION_CONTEXT('2D SPACE',''
  ) );
#3032 = ORIENTED_EDGE('',*,*,#3033,.F.);
#3033 = EDGE_CURVE('',#2947,#3007,#3034,.T.);
#3034 = SURFACE_CURVE('',#3035,(#3040,#3047),.PCURVE_S1.);
#3035 = CIRCLE('',#3036,14.);
#3036 = AXIS2_PLACEMENT_3D('',#3037,#3038,#3039);
#3037 = CARTESIAN_POINT('',(14.,14.,35.2));
#3038 = DIRECTION('',(0.,0.,-1.));
#3039 = DIRECTION('',(1.,0.,0.));
#3040 = PCURVE('',#72,#3041);
#3041 = DEFINITIONAL_REPRESENTATION('',(#3042),#3046);
#3042 = LINE('',#3043,#3044);
#3043 = CARTESIAN_POINT('',(-6.28318530718,-35.2));
#3044 = VECTOR('',#3045,1.);
#3045 = DIRECTION('',(1.,-0.));
#3046 = ( GEOMETRIC_REPRESENTATION_CONTEXT(2) 
PARAMETRIC_REPRESENTATION_CONTEXT() REPRESENTATION_CONTEXT('2D SPACE',''
  ) );
#3047 = PCURVE('',#3048,#3053);
#3048 = PLANE('',#3049);
#3049 = AXIS2_PLACEMENT_3D('',#3050,#3051,#3052);
#3050 = CARTESIAN_POINT('',(-1.,7.1,35.2));
#3051 = DIRECTION('',(0.,0.,1.));
#3052 = DIRECTION('',(1.,0.,0.));
#3053 = DEFINITIONAL_REPRESENTATION('',(#3054),#3062);
#3054 = ( BOUNDED_CURVE() B_SPLINE_CURVE(2,(#3055,#3056,#3057,#3058,
#3059,#3060,#3061),.UNSPECIFIED.,.T.,.F.) B_SPLINE_CURVE_WITH_KNOTS((1,2
    ,2,2,2,1),(-2.094395102393,0.,2.094395102393,4.188790204786,
6.28318530718,8.377580409573),.UNSPECIFIED.) CURVE() 
GEOMETRIC_REPRESENTATION_ITEM() RATIONAL_B_SPLINE_CURVE((1.,0.5,1.,0.5,
1.,0.5,1.)) REPRESENTATION_ITEM('') );
#3055 = CARTESIAN_POINT('',(29.,6.9));
#3056 = CARTESIAN_POINT('',(29.,-17.34871130596));
#3057 = CARTESIAN_POINT('',(8.,-5.224355652982));
#3058 = CARTESIAN_POINT('',(-13.,6.9));
#3059 = CARTESIAN_POINT('',(8.,19.024355652982));
#3060 = CARTESIAN_POINT('',(29.,31.148711305964));
#3061 = CARTESIAN_POINT('',(29.,6.9));
#3062 = ( GEOMETRIC_REPRESENTATION_CONTEXT(2) 
PARAMETRIC_REPRESENTATION_CONTEXT() REPRESENTATION_CONTEXT('2D SPACE',''
  ) );
#3063 = ADVANCED_FACE('',(#3064),#361,.F.);
#3064 = FACE_BOUND('',#3065,.F.);
#3065 = EDGE_LOOP('',(#3066,#3067,#3090,#3118));
#3066 = ORIENTED_EDGE('',*,*,#343,.F.);
#3067 = ORIENTED_EDGE('',*,*,#3068,.T.);
#3068 = EDGE_CURVE('',#344,#3069,#3071,.T.);
#3069 = VERTEX_POINT('',#3070);
#3070 = CARTESIAN_POINT('',(40.,161.,5.));
#3071 = SURFACE_CURVE('',#3072,(#3076,#3083),.PCURVE_S1.);
#3072 = LINE('',#3073,#3074);
#3073 = CARTESIAN_POINT('',(40.,161.,0.));
#3074 = VECTOR('',#3075,1.);
#3075 = DIRECTION('',(0.,0.,1.));
#3076 = PCURVE('',#361,#3077);
#3077 = DEFINITIONAL_REPRESENTATION('',(#3078),#3082);
#3078 = LINE('',#3079,#3080);
#3079 = CARTESIAN_POINT('',(0.,0.));
#3080 = VECTOR('',#3081,1.);
#3081 = DIRECTION('',(0.,-1.));
#3082 = ( GEOMETRIC_REPRESENTATION_CONTEXT(2) 
PARAMETRIC_REPRESENTATION_CONTEXT() REPRESENTATION_CONTEXT('2D SPACE',''
  ) );
#3083 = PCURVE('',#1277,#3084);
#3084 = DEFINITIONAL_REPRESENTATION('',(#3085),#3089);
#3085 = LINE('',#3086,#3087);
#3086 = CARTESIAN_POINT('',(-3.14159265359,0.));
#3087 = VECTOR('',#3088,1.);
#3088 = DIRECTION('',(-0.,-1.));
#3089 = ( GEOMETRIC_REPRESENTATION_CONTEXT(2) 
PARAMETRIC_REPRESENTATION_CONTEXT() REPRESENTATION_CONTEXT('2D SPACE',''
  ) );
#3090 = ORIENTED_EDGE('',*,*,#3091,.T.);
#3091 = EDGE_CURVE('',#3069,#3092,#3094,.T.);
#3092 = VERTEX_POINT('',#3093);
#3093 = CARTESIAN_POINT('',(40.,152.,5.));
#3094 = SURFACE_CURVE('',#3095,(#3099,#3106),.PCURVE_S1.);
#3095 = LINE('',#3096,#3097);
#3096 = CARTESIAN_POINT('',(40.,164.,5.));
#3097 = VECTOR('',#3098,1.);
#3098 = DIRECTION('',(0.,-1.,0.));
#3099 = PCURVE('',#361,#3100);
#3100 = DEFINITIONAL_REPRESENTATION('',(#3101),#3105);
#3101 = LINE('',#3102,#3103);
#3102 = CARTESIAN_POINT('',(-3.,-5.));
#3103 = VECTOR('',#3104,1.);
#3104 = DIRECTION('',(1.,0.));
#3105 = ( GEOMETRIC_REPRESENTATION_CONTEXT(2) 
PARAMETRIC_REPRESENTATION_CONTEXT() REPRESENTATION_CONTEXT('2D SPACE',''
  ) );
#3106 = PCURVE('',#3107,#3112);
#3107 = PLANE('',#3108);
#3108 = AXIS2_PLACEMENT_3D('',#3109,#3110,#3111);
#3109 = CARTESIAN_POINT('',(50.,156.,5.));
#3110 = DIRECTION('',(0.,0.,1.));
#3111 = DIRECTION('',(1.,0.,-0.));
#3112 = DEFINITIONAL_REPRESENTATION('',(#3113),#3117);
#3113 = LINE('',#3114,#3115);
#3114 = CARTESIAN_POINT('',(-10.,8.));
#3115 = VECTOR('',#3116,1.);
#3116 = DIRECTION('',(0.,-1.));
#3117 = ( GEOMETRIC_REPRESENTATION_CONTEXT(2) 
PARAMETRIC_REPRESENTATION_CONTEXT() REPRESENTATION_CONTEXT('2D SPACE',''
  ) );
#3118 = ORIENTED_EDGE('',*,*,#3119,.F.);
#3119 = EDGE_CURVE('',#346,#3092,#3120,.T.);
#3120 = SURFACE_CURVE('',#3121,(#3125,#3131),.PCURVE_S1.);
#3121 = LINE('',#3122,#3123);
#3122 = CARTESIAN_POINT('',(40.,152.,0.));
#3123 = VECTOR('',#3124,1.);
#3124 = DIRECTION('',(0.,0.,1.));
#3125 = PCURVE('',#361,#3126);
#3126 = DEFINITIONAL_REPRESENTATION('',(#3127),#3130);
#3127 = B_SPLINE_CURVE_WITH_KNOTS('',1,(#3128,#3129),.UNSPECIFIED.,.F.,
  .F.,(2,2),(0.,5.),.PIECEWISE_BEZIER_KNOTS.);
#3128 = CARTESIAN_POINT('',(9.,0.));
#3129 = CARTESIAN_POINT('',(9.,-5.));
#3130 = ( GEOMETRIC_REPRESENTATION_CONTEXT(2) 
PARAMETRIC_REPRESENTATION_CONTEXT() REPRESENTATION_CONTEXT('2D SPACE',''
  ) );
#3131 = PCURVE('',#389,#3132);
#3132 = DEFINITIONAL_REPRESENTATION('',(#3133),#3136);
#3133 = B_SPLINE_CURVE_WITH_KNOTS('',1,(#3134,#3135),.UNSPECIFIED.,.F.,
  .F.,(2,2),(0.,5.),.PIECEWISE_BEZIER_KNOTS.);
#3134 = CARTESIAN_POINT('',(110.,0.));
#3135 = CARTESIAN_POINT('',(110.,-5.));
#3136 = ( GEOMETRIC_REPRESENTATION_CONTEXT(2) 
PARAMETRIC_REPRESENTATION_CONTEXT() REPRESENTATION_CONTEXT('2D SPACE',''
  ) );
#3137 = ADVANCED_FACE('',(#3138),#1277,.T.);
#3138 = FACE_BOUND('',#3139,.F.);
#3139 = EDGE_LOOP('',(#3140,#3163,#3185,#3186));
#3140 = ORIENTED_EDGE('',*,*,#3141,.T.);
#3141 = EDGE_CURVE('',#1235,#3142,#3144,.T.);
#3142 = VERTEX_POINT('',#3143);
#3143 = CARTESIAN_POINT('',(43.,164.,5.));
#3144 = SURFACE_CURVE('',#3145,(#3149,#3156),.PCURVE_S1.);
#3145 = LINE('',#3146,#3147);
#3146 = CARTESIAN_POINT('',(43.,164.,0.));
#3147 = VECTOR('',#3148,1.);
#3148 = DIRECTION('',(0.,0.,1.));
#3149 = PCURVE('',#1277,#3150);
#3150 = DEFINITIONAL_REPRESENTATION('',(#3151),#3155);
#3151 = LINE('',#3152,#3153);
#3152 = CARTESIAN_POINT('',(-1.570796326795,0.));
#3153 = VECTOR('',#3154,1.);
#3154 = DIRECTION('',(-0.,-1.));
#3155 = ( GEOMETRIC_REPRESENTATION_CONTEXT(2) 
PARAMETRIC_REPRESENTATION_CONTEXT() REPRESENTATION_CONTEXT('2D SPACE',''
  ) );
#3156 = PCURVE('',#1250,#3157);
#3157 = DEFINITIONAL_REPRESENTATION('',(#3158),#3162);
#3158 = LINE('',#3159,#3160);
#3159 = CARTESIAN_POINT('',(14.,0.));
#3160 = VECTOR('',#3161,1.);
#3161 = DIRECTION('',(0.,-1.));
#3162 = ( GEOMETRIC_REPRESENTATION_CONTEXT(2) 
PARAMETRIC_REPRESENTATION_CONTEXT() REPRESENTATION_CONTEXT('2D SPACE',''
  ) );
#3163 = ORIENTED_EDGE('',*,*,#3164,.T.);
#3164 = EDGE_CURVE('',#3142,#3069,#3165,.T.);
#3165 = SURFACE_CURVE('',#3166,(#3171,#3178),.PCURVE_S1.);
#3166 = CIRCLE('',#3167,3.);
#3167 = AXIS2_PLACEMENT_3D('',#3168,#3169,#3170);
#3168 = CARTESIAN_POINT('',(43.,161.,5.));
#3169 = DIRECTION('',(0.,-0.,1.));
#3170 = DIRECTION('',(1.,0.,0.));
#3171 = PCURVE('',#1277,#3172);
#3172 = DEFINITIONAL_REPRESENTATION('',(#3173),#3177);
#3173 = LINE('',#3174,#3175);
#3174 = CARTESIAN_POINT('',(-0.,-5.));
#3175 = VECTOR('',#3176,1.);
#3176 = DIRECTION('',(-1.,0.));
#3177 = ( GEOMETRIC_REPRESENTATION_CONTEXT(2) 
PARAMETRIC_REPRESENTATION_CONTEXT() REPRESENTATION_CONTEXT('2D SPACE',''
  ) );
#3178 = PCURVE('',#3107,#3179);
#3179 = DEFINITIONAL_REPRESENTATION('',(#3180),#3184);
#3180 = CIRCLE('',#3181,3.);
#3181 = AXIS2_PLACEMENT_2D('',#3182,#3183);
#3182 = CARTESIAN_POINT('',(-7.,5.));
#3183 = DIRECTION('',(1.,0.));
#3184 = ( GEOMETRIC_REPRESENTATION_CONTEXT(2) 
PARAMETRIC_REPRESENTATION_CONTEXT() REPRESENTATION_CONTEXT('2D SPACE',''
  ) );
#3185 = ORIENTED_EDGE('',*,*,#3068,.F.);
#3186 = ORIENTED_EDGE('',*,*,#1262,.F.);
#3187 = ADVANCED_FACE('',(#3188),#389,.F.);
#3188 = FACE_BOUND('',#3189,.F.);
#3189 = EDGE_LOOP('',(#3190,#3191,#3212,#3213,#3234,#3235,#3236,#3257,
    #3276,#3277,#3298,#3324));
#3190 = ORIENTED_EDGE('',*,*,#989,.F.);
#3191 = ORIENTED_EDGE('',*,*,#3192,.T.);
#3192 = EDGE_CURVE('',#961,#2352,#3193,.T.);
#3193 = SURFACE_CURVE('',#3194,(#3198,#3205),.PCURVE_S1.);
#3194 = LINE('',#3195,#3196);
#3195 = CARTESIAN_POINT('',(150.,152.,0.));
#3196 = VECTOR('',#3197,1.);
#3197 = DIRECTION('',(0.,0.,1.));
#3198 = PCURVE('',#389,#3199);
#3199 = DEFINITIONAL_REPRESENTATION('',(#3200),#3204);
#3200 = LINE('',#3201,#3202);
#3201 = CARTESIAN_POINT('',(0.,-0.));
#3202 = VECTOR('',#3203,1.);
#3203 = DIRECTION('',(0.,-1.));
#3204 = ( GEOMETRIC_REPRESENTATION_CONTEXT(2) 
PARAMETRIC_REPRESENTATION_CONTEXT() REPRESENTATION_CONTEXT('2D SPACE',''
  ) );
#3205 = PCURVE('',#977,#3206);
#3206 = DEFINITIONAL_REPRESENTATION('',(#3207),#3211);
#3207 = LINE('',#3208,#3209);
#3208 = CARTESIAN_POINT('',(-1.570796326795,0.));
#3209 = VECTOR('',#3210,1.);
#3210 = DIRECTION('',(-0.,-1.));
#3211 = ( GEOMETRIC_REPRESENTATION_CONTEXT(2) 
PARAMETRIC_REPRESENTATION_CONTEXT() REPRESENTATION_CONTEXT('2D SPACE',''
  ) );
#3212 = ORIENTED_EDGE('',*,*,#2375,.T.);
#3213 = ORIENTED_EDGE('',*,*,#3214,.F.);
#3214 = EDGE_CURVE('',#374,#2376,#3215,.T.);
#3215 = SURFACE_CURVE('',#3216,(#3220,#3227),.PCURVE_S1.);
#3216 = LINE('',#3217,#3218);
#3217 = CARTESIAN_POINT('',(14.,152.,0.));
#3218 = VECTOR('',#3219,1.);
#3219 = DIRECTION('',(0.,0.,1.));
#3220 = PCURVE('',#389,#3221);
#3221 = DEFINITIONAL_REPRESENTATION('',(#3222),#3226);
#3222 = LINE('',#3223,#3224);
#3223 = CARTESIAN_POINT('',(136.,0.));
#3224 = VECTOR('',#3225,1.);
#3225 = DIRECTION('',(0.,-1.));
#3226 = ( GEOMETRIC_REPRESENTATION_CONTEXT(2) 
PARAMETRIC_REPRESENTATION_CONTEXT() REPRESENTATION_CONTEXT('2D SPACE',''
  ) );
#3227 = PCURVE('',#418,#3228);
#3228 = DEFINITIONAL_REPRESENTATION('',(#3229),#3233);
#3229 = LINE('',#3230,#3231);
#3230 = CARTESIAN_POINT('',(-1.570796326795,0.));
#3231 = VECTOR('',#3232,1.);
#3232 = DIRECTION('',(-0.,-1.));
#3233 = ( GEOMETRIC_REPRESENTATION_CONTEXT(2) 
PARAMETRIC_REPRESENTATION_CONTEXT() REPRESENTATION_CONTEXT('2D SPACE',''
  ) );
#3234 = ORIENTED_EDGE('',*,*,#373,.F.);
#3235 = ORIENTED_EDGE('',*,*,#3119,.T.);
#3236 = ORIENTED_EDGE('',*,*,#3237,.F.);
#3237 = EDGE_CURVE('',#3238,#3092,#3240,.T.);
#3238 = VERTEX_POINT('',#3239);
#3239 = CARTESIAN_POINT('',(60.,152.,5.));
#3240 = SURFACE_CURVE('',#3241,(#3245,#3251),.PCURVE_S1.);
#3241 = LINE('',#3242,#3243);
#3242 = CARTESIAN_POINT('',(100.,152.,5.));
#3243 = VECTOR('',#3244,1.);
#3244 = DIRECTION('',(-1.,0.,0.));
#3245 = PCURVE('',#389,#3246);
#3246 = DEFINITIONAL_REPRESENTATION('',(#3247),#3250);
#3247 = B_SPLINE_CURVE_WITH_KNOTS('',1,(#3248,#3249),.UNSPECIFIED.,.F.,
  .F.,(2,2),(40.,60.),.PIECEWISE_BEZIER_KNOTS.);
#3248 = CARTESIAN_POINT('',(90.,-5.));
#3249 = CARTESIAN_POINT('',(110.,-5.));
#3250 = ( GEOMETRIC_REPRESENTATION_CONTEXT(2) 
PARAMETRIC_REPRESENTATION_CONTEXT() REPRESENTATION_CONTEXT('2D SPACE',''
  ) );
#3251 = PCURVE('',#3107,#3252);
#3252 = DEFINITIONAL_REPRESENTATION('',(#3253),#3256);
#3253 = B_SPLINE_CURVE_WITH_KNOTS('',1,(#3254,#3255),.UNSPECIFIED.,.F.,
  .F.,(2,2),(40.,60.),.PIECEWISE_BEZIER_KNOTS.);
#3254 = CARTESIAN_POINT('',(10.,-4.));
#3255 = CARTESIAN_POINT('',(-10.,-4.));
#3256 = ( GEOMETRIC_REPRESENTATION_CONTEXT(2) 
PARAMETRIC_REPRESENTATION_CONTEXT() REPRESENTATION_CONTEXT('2D SPACE',''
  ) );
#3257 = ORIENTED_EDGE('',*,*,#3258,.T.);
#3258 = EDGE_CURVE('',#3238,#1155,#3259,.T.);
#3259 = SURFACE_CURVE('',#3260,(#3264,#3270),.PCURVE_S1.);
#3260 = LINE('',#3261,#3262);
#3261 = CARTESIAN_POINT('',(60.,152.,0.));
#3262 = VECTOR('',#3263,1.);
#3263 = DIRECTION('',(-0.,-0.,-1.));
#3264 = PCURVE('',#389,#3265);
#3265 = DEFINITIONAL_REPRESENTATION('',(#3266),#3269);
#3266 = B_SPLINE_CURVE_WITH_KNOTS('',1,(#3267,#3268),.UNSPECIFIED.,.F.,
  .F.,(2,2),(-5.,0.),.PIECEWISE_BEZIER_KNOTS.);
#3267 = CARTESIAN_POINT('',(90.,-5.));
#3268 = CARTESIAN_POINT('',(90.,0.));
#3269 = ( GEOMETRIC_REPRESENTATION_CONTEXT(2) 
PARAMETRIC_REPRESENTATION_CONTEXT() REPRESENTATION_CONTEXT('2D SPACE',''
  ) );
#3270 = PCURVE('',#1193,#3271);
#3271 = DEFINITIONAL_REPRESENTATION('',(#3272),#3275);
#3272 = B_SPLINE_CURVE_WITH_KNOTS('',1,(#3273,#3274),.UNSPECIFIED.,.F.,
  .F.,(2,2),(-5.,0.),.PIECEWISE_BEZIER_KNOTS.);
#3273 = CARTESIAN_POINT('',(1.,-5.));
#3274 = CARTESIAN_POINT('',(1.,0.));
#3275 = ( GEOMETRIC_REPRESENTATION_CONTEXT(2) 
PARAMETRIC_REPRESENTATION_CONTEXT() REPRESENTATION_CONTEXT('2D SPACE',''
  ) );
#3276 = ORIENTED_EDGE('',*,*,#1154,.F.);
#3277 = ORIENTED_EDGE('',*,*,#3278,.T.);
#3278 = EDGE_CURVE('',#1127,#3279,#3281,.T.);
#3279 = VERTEX_POINT('',#3280);
#3280 = CARTESIAN_POINT('',(104.,152.,5.));
#3281 = SURFACE_CURVE('',#3282,(#3286,#3292),.PCURVE_S1.);
#3282 = LINE('',#3283,#3284);
#3283 = CARTESIAN_POINT('',(104.,152.,0.));
#3284 = VECTOR('',#3285,1.);
#3285 = DIRECTION('',(0.,0.,1.));
#3286 = PCURVE('',#389,#3287);
#3287 = DEFINITIONAL_REPRESENTATION('',(#3288),#3291);
#3288 = B_SPLINE_CURVE_WITH_KNOTS('',1,(#3289,#3290),.UNSPECIFIED.,.F.,
  .F.,(2,2),(0.,5.),.PIECEWISE_BEZIER_KNOTS.);
#3289 = CARTESIAN_POINT('',(46.,0.));
#3290 = CARTESIAN_POINT('',(46.,-5.));
#3291 = ( GEOMETRIC_REPRESENTATION_CONTEXT(2) 
PARAMETRIC_REPRESENTATION_CONTEXT() REPRESENTATION_CONTEXT('2D SPACE',''
  ) );
#3292 = PCURVE('',#1142,#3293);
#3293 = DEFINITIONAL_REPRESENTATION('',(#3294),#3297);
#3294 = B_SPLINE_CURVE_WITH_KNOTS('',1,(#3295,#3296),.UNSPECIFIED.,.F.,
  .F.,(2,2),(0.,5.),.PIECEWISE_BEZIER_KNOTS.);
#3295 = CARTESIAN_POINT('',(9.,0.));
#3296 = CARTESIAN_POINT('',(9.,-5.));
#3297 = ( GEOMETRIC_REPRESENTATION_CONTEXT(2) 
PARAMETRIC_REPRESENTATION_CONTEXT() REPRESENTATION_CONTEXT('2D SPACE',''
  ) );
#3298 = ORIENTED_EDGE('',*,*,#3299,.F.);
#3299 = EDGE_CURVE('',#3300,#3279,#3302,.T.);
#3300 = VERTEX_POINT('',#3301);
#3301 = CARTESIAN_POINT('',(124.,152.,5.));
#3302 = SURFACE_CURVE('',#3303,(#3307,#3313),.PCURVE_S1.);
#3303 = LINE('',#3304,#3305);
#3304 = CARTESIAN_POINT('',(132.,152.,5.));
#3305 = VECTOR('',#3306,1.);
#3306 = DIRECTION('',(-1.,0.,0.));
#3307 = PCURVE('',#389,#3308);
#3308 = DEFINITIONAL_REPRESENTATION('',(#3309),#3312);
#3309 = B_SPLINE_CURVE_WITH_KNOTS('',1,(#3310,#3311),.UNSPECIFIED.,.F.,
  .F.,(2,2),(8.,28.),.PIECEWISE_BEZIER_KNOTS.);
#3310 = CARTESIAN_POINT('',(26.,-5.));
#3311 = CARTESIAN_POINT('',(46.,-5.));
#3312 = ( GEOMETRIC_REPRESENTATION_CONTEXT(2) 
PARAMETRIC_REPRESENTATION_CONTEXT() REPRESENTATION_CONTEXT('2D SPACE',''
  ) );
#3313 = PCURVE('',#3314,#3319);
#3314 = PLANE('',#3315);
#3315 = AXIS2_PLACEMENT_3D('',#3316,#3317,#3318);
#3316 = CARTESIAN_POINT('',(114.,156.,5.));
#3317 = DIRECTION('',(0.,0.,1.));
#3318 = DIRECTION('',(1.,0.,-0.));
#3319 = DEFINITIONAL_REPRESENTATION('',(#3320),#3323);
#3320 = B_SPLINE_CURVE_WITH_KNOTS('',1,(#3321,#3322),.UNSPECIFIED.,.F.,
  .F.,(2,2),(8.,28.),.PIECEWISE_BEZIER_KNOTS.);
#3321 = CARTESIAN_POINT('',(10.,-4.));
#3322 = CARTESIAN_POINT('',(-10.,-4.));
#3323 = ( GEOMETRIC_REPRESENTATION_CONTEXT(2) 
PARAMETRIC_REPRESENTATION_CONTEXT() REPRESENTATION_CONTEXT('2D SPACE',''
  ) );
#3324 = ORIENTED_EDGE('',*,*,#3325,.T.);
#3325 = EDGE_CURVE('',#3300,#990,#3326,.T.);
#3326 = SURFACE_CURVE('',#3327,(#3331,#3337),.PCURVE_S1.);
#3327 = LINE('',#3328,#3329);
#3328 = CARTESIAN_POINT('',(124.,152.,0.));
#3329 = VECTOR('',#3330,1.);
#3330 = DIRECTION('',(-0.,-0.,-1.));
#3331 = PCURVE('',#389,#3332);
#3332 = DEFINITIONAL_REPRESENTATION('',(#3333),#3336);
#3333 = B_SPLINE_CURVE_WITH_KNOTS('',1,(#3334,#3335),.UNSPECIFIED.,.F.,
  .F.,(2,2),(-5.,0.),.PIECEWISE_BEZIER_KNOTS.);
#3334 = CARTESIAN_POINT('',(26.,-5.));
#3335 = CARTESIAN_POINT('',(26.,0.));
#3336 = ( GEOMETRIC_REPRESENTATION_CONTEXT(2) 
PARAMETRIC_REPRESENTATION_CONTEXT() REPRESENTATION_CONTEXT('2D SPACE',''
  ) );
#3337 = PCURVE('',#1028,#3338);
#3338 = DEFINITIONAL_REPRESENTATION('',(#3339),#3342);
#3339 = B_SPLINE_CURVE_WITH_KNOTS('',1,(#3340,#3341),.UNSPECIFIED.,.F.,
  .F.,(2,2),(-5.,0.),.PIECEWISE_BEZIER_KNOTS.);
#3340 = CARTESIAN_POINT('',(1.,-5.));
#3341 = CARTESIAN_POINT('',(1.,0.));
#3342 = ( GEOMETRIC_REPRESENTATION_CONTEXT(2) 
PARAMETRIC_REPRESENTATION_CONTEXT() REPRESENTATION_CONTEXT('2D SPACE',''
  ) );
#3343 = ADVANCED_FACE('',(#3344),#1250,.F.);
#3344 = FACE_BOUND('',#3345,.F.);
#3345 = EDGE_LOOP('',(#3346,#3369,#3390,#3391));
#3346 = ORIENTED_EDGE('',*,*,#3347,.T.);
#3347 = EDGE_CURVE('',#1206,#3348,#3350,.T.);
#3348 = VERTEX_POINT('',#3349);
#3349 = CARTESIAN_POINT('',(57.,164.,5.));
#3350 = SURFACE_CURVE('',#3351,(#3355,#3362),.PCURVE_S1.);
#3351 = LINE('',#3352,#3353);
#3352 = CARTESIAN_POINT('',(57.,164.,0.));
#3353 = VECTOR('',#3354,1.);
#3354 = DIRECTION('',(0.,0.,1.));
#3355 = PCURVE('',#1250,#3356);
#3356 = DEFINITIONAL_REPRESENTATION('',(#3357),#3361);
#3357 = LINE('',#3358,#3359);
#3358 = CARTESIAN_POINT('',(0.,-0.));
#3359 = VECTOR('',#3360,1.);
#3360 = DIRECTION('',(0.,-1.));
#3361 = ( GEOMETRIC_REPRESENTATION_CONTEXT(2) 
PARAMETRIC_REPRESENTATION_CONTEXT() REPRESENTATION_CONTEXT('2D SPACE',''
  ) );
#3362 = PCURVE('',#1222,#3363);
#3363 = DEFINITIONAL_REPRESENTATION('',(#3364),#3368);
#3364 = LINE('',#3365,#3366);
#3365 = CARTESIAN_POINT('',(-1.570796326795,0.));
#3366 = VECTOR('',#3367,1.);
#3367 = DIRECTION('',(-0.,-1.));
#3368 = ( GEOMETRIC_REPRESENTATION_CONTEXT(2) 
PARAMETRIC_REPRESENTATION_CONTEXT() REPRESENTATION_CONTEXT('2D SPACE',''
  ) );
#3369 = ORIENTED_EDGE('',*,*,#3370,.T.);
#3370 = EDGE_CURVE('',#3348,#3142,#3371,.T.);
#3371 = SURFACE_CURVE('',#3372,(#3376,#3383),.PCURVE_S1.);
#3372 = LINE('',#3373,#3374);
#3373 = CARTESIAN_POINT('',(60.,164.,5.));
#3374 = VECTOR('',#3375,1.);
#3375 = DIRECTION('',(-1.,0.,0.));
#3376 = PCURVE('',#1250,#3377);
#3377 = DEFINITIONAL_REPRESENTATION('',(#3378),#3382);
#3378 = LINE('',#3379,#3380);
#3379 = CARTESIAN_POINT('',(-3.,-5.));
#3380 = VECTOR('',#3381,1.);
#3381 = DIRECTION('',(1.,0.));
#3382 = ( GEOMETRIC_REPRESENTATION_CONTEXT(2) 
PARAMETRIC_REPRESENTATION_CONTEXT() REPRESENTATION_CONTEXT('2D SPACE',''
  ) );
#3383 = PCURVE('',#3107,#3384);
#3384 = DEFINITIONAL_REPRESENTATION('',(#3385),#3389);
#3385 = LINE('',#3386,#3387);
#3386 = CARTESIAN_POINT('',(10.,8.));
#3387 = VECTOR('',#3388,1.);
#3388 = DIRECTION('',(-1.,0.));
#3389 = ( GEOMETRIC_REPRESENTATION_CONTEXT(2) 
PARAMETRIC_REPRESENTATION_CONTEXT() REPRESENTATION_CONTEXT('2D SPACE',''
  ) );
#3390 = ORIENTED_EDGE('',*,*,#3141,.F.);
#3391 = ORIENTED_EDGE('',*,*,#1234,.F.);
#3392 = ADVANCED_FACE('',(#3393,#3419),#418,.T.);
#3393 = FACE_BOUND('',#3394,.F.);
#3394 = EDGE_LOOP('',(#3395,#3396,#3397,#3418));
#3395 = ORIENTED_EDGE('',*,*,#3214,.T.);
#3396 = ORIENTED_EDGE('',*,*,#2398,.T.);
#3397 = ORIENTED_EDGE('',*,*,#3398,.F.);
#3398 = EDGE_CURVE('',#402,#2399,#3399,.T.);
#3399 = SURFACE_CURVE('',#3400,(#3404,#3411),.PCURVE_S1.);
#3400 = LINE('',#3401,#3402);
#3401 = CARTESIAN_POINT('',(0.,138.,0.));
#3402 = VECTOR('',#3403,1.);
#3403 = DIRECTION('',(0.,0.,1.));
#3404 = PCURVE('',#418,#3405);
#3405 = DEFINITIONAL_REPRESENTATION('',(#3406),#3410);
#3406 = LINE('',#3407,#3408);
#3407 = CARTESIAN_POINT('',(-3.14159265359,0.));
#3408 = VECTOR('',#3409,1.);
#3409 = DIRECTION('',(-0.,-1.));
#3410 = ( GEOMETRIC_REPRESENTATION_CONTEXT(2) 
PARAMETRIC_REPRESENTATION_CONTEXT() REPRESENTATION_CONTEXT('2D SPACE',''
  ) );
#3411 = PCURVE('',#446,#3412);
#3412 = DEFINITIONAL_REPRESENTATION('',(#3413),#3417);
#3413 = LINE('',#3414,#3415);
#3414 = CARTESIAN_POINT('',(0.,0.));
#3415 = VECTOR('',#3416,1.);
#3416 = DIRECTION('',(0.,-1.));
#3417 = ( GEOMETRIC_REPRESENTATION_CONTEXT(2) 
PARAMETRIC_REPRESENTATION_CONTEXT() REPRESENTATION_CONTEXT('2D SPACE',''
  ) );
#3418 = ORIENTED_EDGE('',*,*,#401,.F.);
#3419 = FACE_BOUND('',#3420,.F.);
#3420 = EDGE_LOOP('',(#3421,#3450,#3483,#3510));
#3421 = ORIENTED_EDGE('',*,*,#3422,.F.);
#3422 = EDGE_CURVE('',#3423,#3425,#3427,.T.);
#3423 = VERTEX_POINT('',#3424);
#3424 = CARTESIAN_POINT('',(4.32811879009E-02,139.1,38.));
#3425 = VERTEX_POINT('',#3426);
#3426 = CARTESIAN_POINT('',(4.32811879009E-02,139.1,35.2));
#3427 = SURFACE_CURVE('',#3428,(#3432,#3438),.PCURVE_S1.);
#3428 = LINE('',#3429,#3430);
#3429 = CARTESIAN_POINT('',(4.328118790093E-02,139.1,0.));
#3430 = VECTOR('',#3431,1.);
#3431 = DIRECTION('',(-0.,0.,-1.));
#3432 = PCURVE('',#418,#3433);
#3433 = DEFINITIONAL_REPRESENTATION('',(#3434),#3437);
#3434 = B_SPLINE_CURVE_WITH_KNOTS('',1,(#3435,#3436),.UNSPECIFIED.,.F.,
  .F.,(2,2),(-38.28,-34.92),.PIECEWISE_BEZIER_KNOTS.);
#3435 = CARTESIAN_POINT('',(-3.062940156551,-38.28));
#3436 = CARTESIAN_POINT('',(-3.062940156551,-34.92));
#3437 = ( GEOMETRIC_REPRESENTATION_CONTEXT(2) 
PARAMETRIC_REPRESENTATION_CONTEXT() REPRESENTATION_CONTEXT('2D SPACE',''
  ) );
#3438 = PCURVE('',#3439,#3444);
#3439 = PLANE('',#3440);
#3440 = AXIS2_PLACEMENT_3D('',#3441,#3442,#3443);
#3441 = CARTESIAN_POINT('',(-1.,139.1,35.2));
#3442 = DIRECTION('',(0.,1.,0.));
#3443 = DIRECTION('',(0.,0.,1.));
#3444 = DEFINITIONAL_REPRESENTATION('',(#3445),#3449);
#3445 = LINE('',#3446,#3447);
#3446 = CARTESIAN_POINT('',(-35.2,1.043281187901));
#3447 = VECTOR('',#3448,1.);
#3448 = DIRECTION('',(-1.,0.));
#3449 = ( GEOMETRIC_REPRESENTATION_CONTEXT(2) 
PARAMETRIC_REPRESENTATION_CONTEXT() REPRESENTATION_CONTEXT('2D SPACE',''
  ) );
#3450 = ORIENTED_EDGE('',*,*,#3451,.T.);
#3451 = EDGE_CURVE('',#3423,#3452,#3454,.T.);
#3452 = VERTEX_POINT('',#3453);
#3453 = CARTESIAN_POINT('',(1.818456583831,144.9,38.));
#3454 = SURFACE_CURVE('',#3455,(#3460,#3467),.PCURVE_S1.);
#3455 = CIRCLE('',#3456,14.);
#3456 = AXIS2_PLACEMENT_3D('',#3457,#3458,#3459);
#3457 = CARTESIAN_POINT('',(14.,138.,38.));
#3458 = DIRECTION('',(0.,0.,-1.));
#3459 = DIRECTION('',(1.,0.,0.));
#3460 = PCURVE('',#418,#3461);
#3461 = DEFINITIONAL_REPRESENTATION('',(#3462),#3466);
#3462 = LINE('',#3463,#3464);
#3463 = CARTESIAN_POINT('',(-6.28318530718,-38.));
#3464 = VECTOR('',#3465,1.);
#3465 = DIRECTION('',(1.,-0.));
#3466 = ( GEOMETRIC_REPRESENTATION_CONTEXT(2) 
PARAMETRIC_REPRESENTATION_CONTEXT() REPRESENTATION_CONTEXT('2D SPACE',''
  ) );
#3467 = PCURVE('',#3468,#3473);
#3468 = PLANE('',#3469);
#3469 = AXIS2_PLACEMENT_3D('',#3470,#3471,#3472);
#3470 = CARTESIAN_POINT('',(-1.,139.1,38.));
#3471 = DIRECTION('',(0.,0.,1.));
#3472 = DIRECTION('',(1.,0.,0.));
#3473 = DEFINITIONAL_REPRESENTATION('',(#3474),#3482);
#3474 = ( BOUNDED_CURVE() B_SPLINE_CURVE(2,(#3475,#3476,#3477,#3478,
#3479,#3480,#3481),.UNSPECIFIED.,.T.,.F.) B_SPLINE_CURVE_WITH_KNOTS((1,2
    ,2,2,2,1),(-2.094395102393,0.,2.094395102393,4.188790204786,
6.28318530718,8.377580409573),.UNSPECIFIED.) CURVE() 
GEOMETRIC_REPRESENTATION_ITEM() RATIONAL_B_SPLINE_CURVE((1.,0.5,1.,0.5,
1.,0.5,1.)) REPRESENTATION_ITEM('') );
#3475 = CARTESIAN_POINT('',(29.,-1.1));
#3476 = CARTESIAN_POINT('',(29.,-25.34871130596));
#3477 = CARTESIAN_POINT('',(8.,-13.22435565298));
#3478 = CARTESIAN_POINT('',(-13.,-1.1));
#3479 = CARTESIAN_POINT('',(8.,11.024355652982));
#3480 = CARTESIAN_POINT('',(29.,23.148711305964));
#3481 = CARTESIAN_POINT('',(29.,-1.1));
#3482 = ( GEOMETRIC_REPRESENTATION_CONTEXT(2) 
PARAMETRIC_REPRESENTATION_CONTEXT() REPRESENTATION_CONTEXT('2D SPACE',''
  ) );
#3483 = ORIENTED_EDGE('',*,*,#3484,.T.);
#3484 = EDGE_CURVE('',#3452,#3485,#3487,.T.);
#3485 = VERTEX_POINT('',#3486);
#3486 = CARTESIAN_POINT('',(1.818456583831,144.9,35.2));
#3487 = SURFACE_CURVE('',#3488,(#3492,#3498),.PCURVE_S1.);
#3488 = LINE('',#3489,#3490);
#3489 = CARTESIAN_POINT('',(1.818456583831,144.9,0.));
#3490 = VECTOR('',#3491,1.);
#3491 = DIRECTION('',(-0.,0.,-1.));
#3492 = PCURVE('',#418,#3493);
#3493 = DEFINITIONAL_REPRESENTATION('',(#3494),#3497);
#3494 = B_SPLINE_CURVE_WITH_KNOTS('',1,(#3495,#3496),.UNSPECIFIED.,.F.,
  .F.,(2,2),(-38.28,-34.92),.PIECEWISE_BEZIER_KNOTS.);
#3495 = CARTESIAN_POINT('',(-2.626222286699,-38.28));
#3496 = CARTESIAN_POINT('',(-2.626222286699,-34.92));
#3497 = ( GEOMETRIC_REPRESENTATION_CONTEXT(2) 
PARAMETRIC_REPRESENTATION_CONTEXT() REPRESENTATION_CONTEXT('2D SPACE',''
  ) );
#3498 = PCURVE('',#3499,#3504);
#3499 = PLANE('',#3500);
#3500 = AXIS2_PLACEMENT_3D('',#3501,#3502,#3503);
#3501 = CARTESIAN_POINT('',(-1.,144.9,35.2));
#3502 = DIRECTION('',(0.,1.,0.));
#3503 = DIRECTION('',(0.,0.,1.));
#3504 = DEFINITIONAL_REPRESENTATION('',(#3505),#3509);
#3505 = LINE('',#3506,#3507);
#3506 = CARTESIAN_POINT('',(-35.2,2.818456583831));
#3507 = VECTOR('',#3508,1.);
#3508 = DIRECTION('',(-1.,0.));
#3509 = ( GEOMETRIC_REPRESENTATION_CONTEXT(2) 
PARAMETRIC_REPRESENTATION_CONTEXT() REPRESENTATION_CONTEXT('2D SPACE',''
  ) );
#3510 = ORIENTED_EDGE('',*,*,#3511,.F.);
#3511 = EDGE_CURVE('',#3425,#3485,#3512,.T.);
#3512 = SURFACE_CURVE('',#3513,(#3518,#3525),.PCURVE_S1.);
#3513 = CIRCLE('',#3514,14.);
#3514 = AXIS2_PLACEMENT_3D('',#3515,#3516,#3517);
#3515 = CARTESIAN_POINT('',(14.,138.,35.2));
#3516 = DIRECTION('',(0.,0.,-1.));
#3517 = DIRECTION('',(1.,0.,0.));
#3518 = PCURVE('',#418,#3519);
#3519 = DEFINITIONAL_REPRESENTATION('',(#3520),#3524);
#3520 = LINE('',#3521,#3522);
#3521 = CARTESIAN_POINT('',(-6.28318530718,-35.2));
#3522 = VECTOR('',#3523,1.);
#3523 = DIRECTION('',(1.,-0.));
#3524 = ( GEOMETRIC_REPRESENTATION_CONTEXT(2) 
PARAMETRIC_REPRESENTATION_CONTEXT() REPRESENTATION_CONTEXT('2D SPACE',''
  ) );
#3525 = PCURVE('',#3526,#3531);
#3526 = PLANE('',#3527);
#3527 = AXIS2_PLACEMENT_3D('',#3528,#3529,#3530);
#3528 = CARTESIAN_POINT('',(-1.,139.1,35.2));
#3529 = DIRECTION('',(0.,0.,1.));
#3530 = DIRECTION('',(1.,0.,0.));
#3531 = DEFINITIONAL_REPRESENTATION('',(#3532),#3540);
#3532 = ( BOUNDED_CURVE() B_SPLINE_CURVE(2,(#3533,#3534,#3535,#3536,
#3537,#3538,#3539),.UNSPECIFIED.,.T.,.F.) B_SPLINE_CURVE_WITH_KNOTS((1,2
    ,2,2,2,1),(-2.094395102393,0.,2.094395102393,4.188790204786,
6.28318530718,8.377580409573),.UNSPECIFIED.) CURVE() 
GEOMETRIC_REPRESENTATION_ITEM() RATIONAL_B_SPLINE_CURVE((1.,0.5,1.,0.5,
1.,0.5,1.)) REPRESENTATION_ITEM('') );
#3533 = CARTESIAN_POINT('',(29.,-1.1));
#3534 = CARTESIAN_POINT('',(29.,-25.34871130596));
#3535 = CARTESIAN_POINT('',(8.,-13.22435565298));
#3536 = CARTESIAN_POINT('',(-13.,-1.1));
#3537 = CARTESIAN_POINT('',(8.,11.024355652982));
#3538 = CARTESIAN_POINT('',(29.,23.148711305964));
#3539 = CARTESIAN_POINT('',(29.,-1.1));
#3540 = ( GEOMETRIC_REPRESENTATION_CONTEXT(2) 
PARAMETRIC_REPRESENTATION_CONTEXT() REPRESENTATION_CONTEXT('2D SPACE',''
  ) );
#3541 = ADVANCED_FACE('',(#3542),#1222,.T.);
#3542 = FACE_BOUND('',#3543,.F.);
#3543 = EDGE_LOOP('',(#3544,#3567,#3589,#3590));
#3544 = ORIENTED_EDGE('',*,*,#3545,.T.);
#3545 = EDGE_CURVE('',#1178,#3546,#3548,.T.);
#3546 = VERTEX_POINT('',#3547);
#3547 = CARTESIAN_POINT('',(60.,161.,5.));
#3548 = SURFACE_CURVE('',#3549,(#3553,#3560),.PCURVE_S1.);
#3549 = LINE('',#3550,#3551);
#3550 = CARTESIAN_POINT('',(60.,161.,0.));
#3551 = VECTOR('',#3552,1.);
#3552 = DIRECTION('',(0.,0.,1.));
#3553 = PCURVE('',#1222,#3554);
#3554 = DEFINITIONAL_REPRESENTATION('',(#3555),#3559);
#3555 = LINE('',#3556,#3557);
#3556 = CARTESIAN_POINT('',(-0.,0.));
#3557 = VECTOR('',#3558,1.);
#3558 = DIRECTION('',(-0.,-1.));
#3559 = ( GEOMETRIC_REPRESENTATION_CONTEXT(2) 
PARAMETRIC_REPRESENTATION_CONTEXT() REPRESENTATION_CONTEXT('2D SPACE',''
  ) );
#3560 = PCURVE('',#1193,#3561);
#3561 = DEFINITIONAL_REPRESENTATION('',(#3562),#3566);
#3562 = LINE('',#3563,#3564);
#3563 = CARTESIAN_POINT('',(10.,0.));
#3564 = VECTOR('',#3565,1.);
#3565 = DIRECTION('',(0.,-1.));
#3566 = ( GEOMETRIC_REPRESENTATION_CONTEXT(2) 
PARAMETRIC_REPRESENTATION_CONTEXT() REPRESENTATION_CONTEXT('2D SPACE',''
  ) );
#3567 = ORIENTED_EDGE('',*,*,#3568,.T.);
#3568 = EDGE_CURVE('',#3546,#3348,#3569,.T.);
#3569 = SURFACE_CURVE('',#3570,(#3575,#3582),.PCURVE_S1.);
#3570 = CIRCLE('',#3571,3.);
#3571 = AXIS2_PLACEMENT_3D('',#3572,#3573,#3574);
#3572 = CARTESIAN_POINT('',(57.,161.,5.));
#3573 = DIRECTION('',(0.,-0.,1.));
#3574 = DIRECTION('',(1.,0.,0.));
#3575 = PCURVE('',#1222,#3576);
#3576 = DEFINITIONAL_REPRESENTATION('',(#3577),#3581);
#3577 = LINE('',#3578,#3579);
#3578 = CARTESIAN_POINT('',(-0.,-5.));
#3579 = VECTOR('',#3580,1.);
#3580 = DIRECTION('',(-1.,0.));
#3581 = ( GEOMETRIC_REPRESENTATION_CONTEXT(2) 
PARAMETRIC_REPRESENTATION_CONTEXT() REPRESENTATION_CONTEXT('2D SPACE',''
  ) );
#3582 = PCURVE('',#3107,#3583);
#3583 = DEFINITIONAL_REPRESENTATION('',(#3584),#3588);
#3584 = CIRCLE('',#3585,3.);
#3585 = AXIS2_PLACEMENT_2D('',#3586,#3587);
#3586 = CARTESIAN_POINT('',(7.,5.));
#3587 = DIRECTION('',(1.,0.));
#3588 = ( GEOMETRIC_REPRESENTATION_CONTEXT(2) 
PARAMETRIC_REPRESENTATION_CONTEXT() REPRESENTATION_CONTEXT('2D SPACE',''
  ) );
#3589 = ORIENTED_EDGE('',*,*,#3347,.F.);
#3590 = ORIENTED_EDGE('',*,*,#1205,.F.);
#3591 = ADVANCED_FACE('',(#3592,#3598),#446,.F.);
#3592 = FACE_BOUND('',#3593,.F.);
#3593 = EDGE_LOOP('',(#3594,#3595,#3596,#3597));
#3594 = ORIENTED_EDGE('',*,*,#3398,.T.);
#3595 = ORIENTED_EDGE('',*,*,#2422,.T.);
#3596 = ORIENTED_EDGE('',*,*,#2918,.F.);
#3597 = ORIENTED_EDGE('',*,*,#430,.F.);
#3598 = FACE_BOUND('',#3599,.F.);
#3599 = EDGE_LOOP('',(#3600,#3629,#3656,#3683));
#3600 = ORIENTED_EDGE('',*,*,#3601,.T.);
#3601 = EDGE_CURVE('',#3602,#3604,#3606,.T.);
#3602 = VERTEX_POINT('',#3603);
#3603 = CARTESIAN_POINT('',(0.,78.9,35.2));
#3604 = VERTEX_POINT('',#3605);
#3605 = CARTESIAN_POINT('',(0.,73.1,35.2));
#3606 = SURFACE_CURVE('',#3607,(#3611,#3617),.PCURVE_S1.);
#3607 = LINE('',#3608,#3609);
#3608 = CARTESIAN_POINT('',(0.,105.55,35.2));
#3609 = VECTOR('',#3610,1.);
#3610 = DIRECTION('',(0.,-1.,0.));
#3611 = PCURVE('',#446,#3612);
#3612 = DEFINITIONAL_REPRESENTATION('',(#3613),#3616);
#3613 = B_SPLINE_CURVE_WITH_KNOTS('',1,(#3614,#3615),.UNSPECIFIED.,.F.,
  .F.,(2,2),(26.65,32.45),.PIECEWISE_BEZIER_KNOTS.);
#3614 = CARTESIAN_POINT('',(59.1,-35.2));
#3615 = CARTESIAN_POINT('',(64.9,-35.2));
#3616 = ( GEOMETRIC_REPRESENTATION_CONTEXT(2) 
PARAMETRIC_REPRESENTATION_CONTEXT() REPRESENTATION_CONTEXT('2D SPACE',''
  ) );
#3617 = PCURVE('',#3618,#3623);
#3618 = PLANE('',#3619);
#3619 = AXIS2_PLACEMENT_3D('',#3620,#3621,#3622);
#3620 = CARTESIAN_POINT('',(-1.,73.1,35.2));
#3621 = DIRECTION('',(0.,0.,1.));
#3622 = DIRECTION('',(1.,0.,0.));
#3623 = DEFINITIONAL_REPRESENTATION('',(#3624),#3628);
#3624 = LINE('',#3625,#3626);
#3625 = CARTESIAN_POINT('',(1.,32.45));
#3626 = VECTOR('',#3627,1.);
#3627 = DIRECTION('',(0.,-1.));
#3628 = ( GEOMETRIC_REPRESENTATION_CONTEXT(2) 
PARAMETRIC_REPRESENTATION_CONTEXT() REPRESENTATION_CONTEXT('2D SPACE',''
  ) );
#3629 = ORIENTED_EDGE('',*,*,#3630,.T.);
#3630 = EDGE_CURVE('',#3604,#3631,#3633,.T.);
#3631 = VERTEX_POINT('',#3632);
#3632 = CARTESIAN_POINT('',(0.,73.1,38.));
#3633 = SURFACE_CURVE('',#3634,(#3638,#3644),.PCURVE_S1.);
#3634 = LINE('',#3635,#3636);
#3635 = CARTESIAN_POINT('',(0.,73.1,17.6));
#3636 = VECTOR('',#3637,1.);
#3637 = DIRECTION('',(0.,-0.,1.));
#3638 = PCURVE('',#446,#3639);
#3639 = DEFINITIONAL_REPRESENTATION('',(#3640),#3643);
#3640 = B_SPLINE_CURVE_WITH_KNOTS('',1,(#3641,#3642),.UNSPECIFIED.,.F.,
  .F.,(2,2),(17.6,20.4),.PIECEWISE_BEZIER_KNOTS.);
#3641 = CARTESIAN_POINT('',(64.9,-35.2));
#3642 = CARTESIAN_POINT('',(64.9,-38.));
#3643 = ( GEOMETRIC_REPRESENTATION_CONTEXT(2) 
PARAMETRIC_REPRESENTATION_CONTEXT() REPRESENTATION_CONTEXT('2D SPACE',''
  ) );
#3644 = PCURVE('',#3645,#3650);
#3645 = PLANE('',#3646);
#3646 = AXIS2_PLACEMENT_3D('',#3647,#3648,#3649);
#3647 = CARTESIAN_POINT('',(-1.,73.1,35.2));
#3648 = DIRECTION('',(0.,1.,0.));
#3649 = DIRECTION('',(0.,0.,1.));
#3650 = DEFINITIONAL_REPRESENTATION('',(#3651),#3655);
#3651 = LINE('',#3652,#3653);
#3652 = CARTESIAN_POINT('',(-17.6,1.));
#3653 = VECTOR('',#3654,1.);
#3654 = DIRECTION('',(1.,0.));
#3655 = ( GEOMETRIC_REPRESENTATION_CONTEXT(2) 
PARAMETRIC_REPRESENTATION_CONTEXT() REPRESENTATION_CONTEXT('2D SPACE',''
  ) );
#3656 = ORIENTED_EDGE('',*,*,#3657,.F.);
#3657 = EDGE_CURVE('',#3658,#3631,#3660,.T.);
#3658 = VERTEX_POINT('',#3659);
#3659 = CARTESIAN_POINT('',(0.,78.9,38.));
#3660 = SURFACE_CURVE('',#3661,(#3665,#3671),.PCURVE_S1.);
#3661 = LINE('',#3662,#3663);
#3662 = CARTESIAN_POINT('',(0.,105.55,38.));
#3663 = VECTOR('',#3664,1.);
#3664 = DIRECTION('',(0.,-1.,0.));
#3665 = PCURVE('',#446,#3666);
#3666 = DEFINITIONAL_REPRESENTATION('',(#3667),#3670);
#3667 = B_SPLINE_CURVE_WITH_KNOTS('',1,(#3668,#3669),.UNSPECIFIED.,.F.,
  .F.,(2,2),(26.65,32.45),.PIECEWISE_BEZIER_KNOTS.);
#3668 = CARTESIAN_POINT('',(59.1,-38.));
#3669 = CARTESIAN_POINT('',(64.9,-38.));
#3670 = ( GEOMETRIC_REPRESENTATION_CONTEXT(2) 
PARAMETRIC_REPRESENTATION_CONTEXT() REPRESENTATION_CONTEXT('2D SPACE',''
  ) );
#3671 = PCURVE('',#3672,#3677);
#3672 = PLANE('',#3673);
#3673 = AXIS2_PLACEMENT_3D('',#3674,#3675,#3676);
#3674 = CARTESIAN_POINT('',(-1.,73.1,38.));
#3675 = DIRECTION('',(0.,0.,1.));
#3676 = DIRECTION('',(1.,0.,0.));
#3677 = DEFINITIONAL_REPRESENTATION('',(#3678),#3682);
#3678 = LINE('',#3679,#3680);
#3679 = CARTESIAN_POINT('',(1.,32.45));
#3680 = VECTOR('',#3681,1.);
#3681 = DIRECTION('',(0.,-1.));
#3682 = ( GEOMETRIC_REPRESENTATION_CONTEXT(2) 
PARAMETRIC_REPRESENTATION_CONTEXT() REPRESENTATION_CONTEXT('2D SPACE',''
  ) );
#3683 = ORIENTED_EDGE('',*,*,#3684,.F.);
#3684 = EDGE_CURVE('',#3602,#3658,#3685,.T.);
#3685 = SURFACE_CURVE('',#3686,(#3690,#3696),.PCURVE_S1.);
#3686 = LINE('',#3687,#3688);
#3687 = CARTESIAN_POINT('',(0.,78.9,17.6));
#3688 = VECTOR('',#3689,1.);
#3689 = DIRECTION('',(0.,-0.,1.));
#3690 = PCURVE('',#446,#3691);
#3691 = DEFINITIONAL_REPRESENTATION('',(#3692),#3695);
#3692 = B_SPLINE_CURVE_WITH_KNOTS('',1,(#3693,#3694),.UNSPECIFIED.,.F.,
  .F.,(2,2),(17.6,20.4),.PIECEWISE_BEZIER_KNOTS.);
#3693 = CARTESIAN_POINT('',(59.1,-35.2));
#3694 = CARTESIAN_POINT('',(59.1,-38.));
#3695 = ( GEOMETRIC_REPRESENTATION_CONTEXT(2) 
PARAMETRIC_REPRESENTATION_CONTEXT() REPRESENTATION_CONTEXT('2D SPACE',''
  ) );
#3696 = PCURVE('',#3697,#3702);
#3697 = PLANE('',#3698);
#3698 = AXIS2_PLACEMENT_3D('',#3699,#3700,#3701);
#3699 = CARTESIAN_POINT('',(-1.,78.9,35.2));
#3700 = DIRECTION('',(0.,1.,0.));
#3701 = DIRECTION('',(0.,0.,1.));
#3702 = DEFINITIONAL_REPRESENTATION('',(#3703),#3707);
#3703 = LINE('',#3704,#3705);
#3704 = CARTESIAN_POINT('',(-17.6,1.));
#3705 = VECTOR('',#3706,1.);
#3706 = DIRECTION('',(1.,0.));
#3707 = ( GEOMETRIC_REPRESENTATION_CONTEXT(2) 
PARAMETRIC_REPRESENTATION_CONTEXT() REPRESENTATION_CONTEXT('2D SPACE',''
  ) );
#3708 = ADVANCED_FACE('',(#3709),#1193,.F.);
#3709 = FACE_BOUND('',#3710,.F.);
#3710 = EDGE_LOOP('',(#3711,#3712,#3713,#3734));
#3711 = ORIENTED_EDGE('',*,*,#1177,.F.);
#3712 = ORIENTED_EDGE('',*,*,#3258,.F.);
#3713 = ORIENTED_EDGE('',*,*,#3714,.T.);
#3714 = EDGE_CURVE('',#3238,#3546,#3715,.T.);
#3715 = SURFACE_CURVE('',#3716,(#3720,#3727),.PCURVE_S1.);
#3716 = LINE('',#3717,#3718);
#3717 = CARTESIAN_POINT('',(60.,148.,5.));
#3718 = VECTOR('',#3719,1.);
#3719 = DIRECTION('',(0.,1.,0.));
#3720 = PCURVE('',#1193,#3721);
#3721 = DEFINITIONAL_REPRESENTATION('',(#3722),#3726);
#3722 = LINE('',#3723,#3724);
#3723 = CARTESIAN_POINT('',(-3.,-5.));
#3724 = VECTOR('',#3725,1.);
#3725 = DIRECTION('',(1.,0.));
#3726 = ( GEOMETRIC_REPRESENTATION_CONTEXT(2) 
PARAMETRIC_REPRESENTATION_CONTEXT() REPRESENTATION_CONTEXT('2D SPACE',''
  ) );
#3727 = PCURVE('',#3107,#3728);
#3728 = DEFINITIONAL_REPRESENTATION('',(#3729),#3733);
#3729 = LINE('',#3730,#3731);
#3730 = CARTESIAN_POINT('',(10.,-8.));
#3731 = VECTOR('',#3732,1.);
#3732 = DIRECTION('',(0.,1.));
#3733 = ( GEOMETRIC_REPRESENTATION_CONTEXT(2) 
PARAMETRIC_REPRESENTATION_CONTEXT() REPRESENTATION_CONTEXT('2D SPACE',''
  ) );
#3734 = ORIENTED_EDGE('',*,*,#3545,.F.);
#3735 = ADVANCED_FACE('',(#3736),#1142,.F.);
#3736 = FACE_BOUND('',#3737,.F.);
#3737 = EDGE_LOOP('',(#3738,#3739,#3762,#3783));
#3738 = ORIENTED_EDGE('',*,*,#1126,.F.);
#3739 = ORIENTED_EDGE('',*,*,#3740,.T.);
#3740 = EDGE_CURVE('',#1098,#3741,#3743,.T.);
#3741 = VERTEX_POINT('',#3742);
#3742 = CARTESIAN_POINT('',(104.,161.,5.));
#3743 = SURFACE_CURVE('',#3744,(#3748,#3755),.PCURVE_S1.);
#3744 = LINE('',#3745,#3746);
#3745 = CARTESIAN_POINT('',(104.,161.,0.));
#3746 = VECTOR('',#3747,1.);
#3747 = DIRECTION('',(0.,0.,1.));
#3748 = PCURVE('',#1142,#3749);
#3749 = DEFINITIONAL_REPRESENTATION('',(#3750),#3754);
#3750 = LINE('',#3751,#3752);
#3751 = CARTESIAN_POINT('',(0.,0.));
#3752 = VECTOR('',#3753,1.);
#3753 = DIRECTION('',(0.,-1.));
#3754 = ( GEOMETRIC_REPRESENTATION_CONTEXT(2) 
PARAMETRIC_REPRESENTATION_CONTEXT() REPRESENTATION_CONTEXT('2D SPACE',''
  ) );
#3755 = PCURVE('',#1114,#3756);
#3756 = DEFINITIONAL_REPRESENTATION('',(#3757),#3761);
#3757 = LINE('',#3758,#3759);
#3758 = CARTESIAN_POINT('',(-3.14159265359,0.));
#3759 = VECTOR('',#3760,1.);
#3760 = DIRECTION('',(-0.,-1.));
#3761 = ( GEOMETRIC_REPRESENTATION_CONTEXT(2) 
PARAMETRIC_REPRESENTATION_CONTEXT() REPRESENTATION_CONTEXT('2D SPACE',''
  ) );
#3762 = ORIENTED_EDGE('',*,*,#3763,.T.);
#3763 = EDGE_CURVE('',#3741,#3279,#3764,.T.);
#3764 = SURFACE_CURVE('',#3765,(#3769,#3776),.PCURVE_S1.);
#3765 = LINE('',#3766,#3767);
#3766 = CARTESIAN_POINT('',(104.,164.,5.));
#3767 = VECTOR('',#3768,1.);
#3768 = DIRECTION('',(0.,-1.,0.));
#3769 = PCURVE('',#1142,#3770);
#3770 = DEFINITIONAL_REPRESENTATION('',(#3771),#3775);
#3771 = LINE('',#3772,#3773);
#3772 = CARTESIAN_POINT('',(-3.,-5.));
#3773 = VECTOR('',#3774,1.);
#3774 = DIRECTION('',(1.,0.));
#3775 = ( GEOMETRIC_REPRESENTATION_CONTEXT(2) 
PARAMETRIC_REPRESENTATION_CONTEXT() REPRESENTATION_CONTEXT('2D SPACE',''
  ) );
#3776 = PCURVE('',#3314,#3777);
#3777 = DEFINITIONAL_REPRESENTATION('',(#3778),#3782);
#3778 = LINE('',#3779,#3780);
#3779 = CARTESIAN_POINT('',(-10.,8.));
#3780 = VECTOR('',#3781,1.);
#3781 = DIRECTION('',(0.,-1.));
#3782 = ( GEOMETRIC_REPRESENTATION_CONTEXT(2) 
PARAMETRIC_REPRESENTATION_CONTEXT() REPRESENTATION_CONTEXT('2D SPACE',''
  ) );
#3783 = ORIENTED_EDGE('',*,*,#3278,.F.);
#3784 = ADVANCED_FACE('',(#3785),#1114,.T.);
#3785 = FACE_BOUND('',#3786,.F.);
#3786 = EDGE_LOOP('',(#3787,#3810,#3832,#3833));
#3787 = ORIENTED_EDGE('',*,*,#3788,.T.);
#3788 = EDGE_CURVE('',#1070,#3789,#3791,.T.);
#3789 = VERTEX_POINT('',#3790);
#3790 = CARTESIAN_POINT('',(107.,164.,5.));
#3791 = SURFACE_CURVE('',#3792,(#3796,#3803),.PCURVE_S1.);
#3792 = LINE('',#3793,#3794);
#3793 = CARTESIAN_POINT('',(107.,164.,0.));
#3794 = VECTOR('',#3795,1.);
#3795 = DIRECTION('',(0.,0.,1.));
#3796 = PCURVE('',#1114,#3797);
#3797 = DEFINITIONAL_REPRESENTATION('',(#3798),#3802);
#3798 = LINE('',#3799,#3800);
#3799 = CARTESIAN_POINT('',(-1.570796326795,0.));
#3800 = VECTOR('',#3801,1.);
#3801 = DIRECTION('',(-0.,-1.));
#3802 = ( GEOMETRIC_REPRESENTATION_CONTEXT(2) 
PARAMETRIC_REPRESENTATION_CONTEXT() REPRESENTATION_CONTEXT('2D SPACE',''
  ) );
#3803 = PCURVE('',#1085,#3804);
#3804 = DEFINITIONAL_REPRESENTATION('',(#3805),#3809);
#3805 = LINE('',#3806,#3807);
#3806 = CARTESIAN_POINT('',(14.,0.));
#3807 = VECTOR('',#3808,1.);
#3808 = DIRECTION('',(0.,-1.));
#3809 = ( GEOMETRIC_REPRESENTATION_CONTEXT(2) 
PARAMETRIC_REPRESENTATION_CONTEXT() REPRESENTATION_CONTEXT('2D SPACE',''
  ) );
#3810 = ORIENTED_EDGE('',*,*,#3811,.T.);
#3811 = EDGE_CURVE('',#3789,#3741,#3812,.T.);
#3812 = SURFACE_CURVE('',#3813,(#3818,#3825),.PCURVE_S1.);
#3813 = CIRCLE('',#3814,3.);
#3814 = AXIS2_PLACEMENT_3D('',#3815,#3816,#3817);
#3815 = CARTESIAN_POINT('',(107.,161.,5.));
#3816 = DIRECTION('',(0.,-0.,1.));
#3817 = DIRECTION('',(1.,0.,0.));
#3818 = PCURVE('',#1114,#3819);
#3819 = DEFINITIONAL_REPRESENTATION('',(#3820),#3824);
#3820 = LINE('',#3821,#3822);
#3821 = CARTESIAN_POINT('',(-0.,-5.));
#3822 = VECTOR('',#3823,1.);
#3823 = DIRECTION('',(-1.,0.));
#3824 = ( GEOMETRIC_REPRESENTATION_CONTEXT(2) 
PARAMETRIC_REPRESENTATION_CONTEXT() REPRESENTATION_CONTEXT('2D SPACE',''
  ) );
#3825 = PCURVE('',#3314,#3826);
#3826 = DEFINITIONAL_REPRESENTATION('',(#3827),#3831);
#3827 = CIRCLE('',#3828,3.);
#3828 = AXIS2_PLACEMENT_2D('',#3829,#3830);
#3829 = CARTESIAN_POINT('',(-7.,5.));
#3830 = DIRECTION('',(1.,0.));
#3831 = ( GEOMETRIC_REPRESENTATION_CONTEXT(2) 
PARAMETRIC_REPRESENTATION_CONTEXT() REPRESENTATION_CONTEXT('2D SPACE',''
  ) );
#3832 = ORIENTED_EDGE('',*,*,#3740,.F.);
#3833 = ORIENTED_EDGE('',*,*,#1097,.F.);
#3834 = ADVANCED_FACE('',(#3835),#521,.T.);
#3835 = FACE_BOUND('',#3836,.F.);
#3836 = EDGE_LOOP('',(#3837,#3838,#3839,#3860));
#3837 = ORIENTED_EDGE('',*,*,#1773,.T.);
#3838 = ORIENTED_EDGE('',*,*,#1797,.T.);
#3839 = ORIENTED_EDGE('',*,*,#3840,.F.);
#3840 = EDGE_CURVE('',#505,#1798,#3841,.T.);
#3841 = SURFACE_CURVE('',#3842,(#3846,#3853),.PCURVE_S1.);
#3842 = LINE('',#3843,#3844);
#3843 = CARTESIAN_POINT('',(43.,-12.,0.));
#3844 = VECTOR('',#3845,1.);
#3845 = DIRECTION('',(0.,0.,1.));
#3846 = PCURVE('',#521,#3847);
#3847 = DEFINITIONAL_REPRESENTATION('',(#3848),#3852);
#3848 = LINE('',#3849,#3850);
#3849 = CARTESIAN_POINT('',(-4.712388980385,0.));
#3850 = VECTOR('',#3851,1.);
#3851 = DIRECTION('',(-0.,-1.));
#3852 = ( GEOMETRIC_REPRESENTATION_CONTEXT(2) 
PARAMETRIC_REPRESENTATION_CONTEXT() REPRESENTATION_CONTEXT('2D SPACE',''
  ) );
#3853 = PCURVE('',#549,#3854);
#3854 = DEFINITIONAL_REPRESENTATION('',(#3855),#3859);
#3855 = LINE('',#3856,#3857);
#3856 = CARTESIAN_POINT('',(0.,0.));
#3857 = VECTOR('',#3858,1.);
#3858 = DIRECTION('',(0.,-1.));
#3859 = ( GEOMETRIC_REPRESENTATION_CONTEXT(2) 
PARAMETRIC_REPRESENTATION_CONTEXT() REPRESENTATION_CONTEXT('2D SPACE',''
  ) );
#3860 = ORIENTED_EDGE('',*,*,#504,.F.);
#3861 = ADVANCED_FACE('',(#3862),#1085,.F.);
#3862 = FACE_BOUND('',#3863,.F.);
#3863 = EDGE_LOOP('',(#3864,#3887,#3908,#3909));
#3864 = ORIENTED_EDGE('',*,*,#3865,.T.);
#3865 = EDGE_CURVE('',#1041,#3866,#3868,.T.);
#3866 = VERTEX_POINT('',#3867);
#3867 = CARTESIAN_POINT('',(121.,164.,5.));
#3868 = SURFACE_CURVE('',#3869,(#3873,#3880),.PCURVE_S1.);
#3869 = LINE('',#3870,#3871);
#3870 = CARTESIAN_POINT('',(121.,164.,0.));
#3871 = VECTOR('',#3872,1.);
#3872 = DIRECTION('',(0.,0.,1.));
#3873 = PCURVE('',#1085,#3874);
#3874 = DEFINITIONAL_REPRESENTATION('',(#3875),#3879);
#3875 = LINE('',#3876,#3877);
#3876 = CARTESIAN_POINT('',(0.,-0.));
#3877 = VECTOR('',#3878,1.);
#3878 = DIRECTION('',(0.,-1.));
#3879 = ( GEOMETRIC_REPRESENTATION_CONTEXT(2) 
PARAMETRIC_REPRESENTATION_CONTEXT() REPRESENTATION_CONTEXT('2D SPACE',''
  ) );
#3880 = PCURVE('',#1057,#3881);
#3881 = DEFINITIONAL_REPRESENTATION('',(#3882),#3886);
#3882 = LINE('',#3883,#3884);
#3883 = CARTESIAN_POINT('',(-1.570796326795,0.));
#3884 = VECTOR('',#3885,1.);
#3885 = DIRECTION('',(-0.,-1.));
#3886 = ( GEOMETRIC_REPRESENTATION_CONTEXT(2) 
PARAMETRIC_REPRESENTATION_CONTEXT() REPRESENTATION_CONTEXT('2D SPACE',''
  ) );
#3887 = ORIENTED_EDGE('',*,*,#3888,.T.);
#3888 = EDGE_CURVE('',#3866,#3789,#3889,.T.);
#3889 = SURFACE_CURVE('',#3890,(#3894,#3901),.PCURVE_S1.);
#3890 = LINE('',#3891,#3892);
#3891 = CARTESIAN_POINT('',(124.,164.,5.));
#3892 = VECTOR('',#3893,1.);
#3893 = DIRECTION('',(-1.,0.,0.));
#3894 = PCURVE('',#1085,#3895);
#3895 = DEFINITIONAL_REPRESENTATION('',(#3896),#3900);
#3896 = LINE('',#3897,#3898);
#3897 = CARTESIAN_POINT('',(-3.,-5.));
#3898 = VECTOR('',#3899,1.);
#3899 = DIRECTION('',(1.,0.));
#3900 = ( GEOMETRIC_REPRESENTATION_CONTEXT(2) 
PARAMETRIC_REPRESENTATION_CONTEXT() REPRESENTATION_CONTEXT('2D SPACE',''
  ) );
#3901 = PCURVE('',#3314,#3902);
#3902 = DEFINITIONAL_REPRESENTATION('',(#3903),#3907);
#3903 = LINE('',#3904,#3905);
#3904 = CARTESIAN_POINT('',(10.,8.));
#3905 = VECTOR('',#3906,1.);
#3906 = DIRECTION('',(-1.,0.));
#3907 = ( GEOMETRIC_REPRESENTATION_CONTEXT(2) 
PARAMETRIC_REPRESENTATION_CONTEXT() REPRESENTATION_CONTEXT('2D SPACE',''
  ) );
#3908 = ORIENTED_EDGE('',*,*,#3788,.F.);
#3909 = ORIENTED_EDGE('',*,*,#1069,.F.);
#3910 = ADVANCED_FACE('',(#3911),#549,.F.);
#3911 = FACE_BOUND('',#3912,.F.);
#3912 = EDGE_LOOP('',(#3913,#3914,#3915,#3936));
#3913 = ORIENTED_EDGE('',*,*,#3840,.T.);
#3914 = ORIENTED_EDGE('',*,*,#1821,.T.);
#3915 = ORIENTED_EDGE('',*,*,#3916,.F.);
#3916 = EDGE_CURVE('',#534,#1822,#3917,.T.);
#3917 = SURFACE_CURVE('',#3918,(#3922,#3929),.PCURVE_S1.);
#3918 = LINE('',#3919,#3920);
#3919 = CARTESIAN_POINT('',(57.,-12.,0.));
#3920 = VECTOR('',#3921,1.);
#3921 = DIRECTION('',(0.,0.,1.));
#3922 = PCURVE('',#549,#3923);
#3923 = DEFINITIONAL_REPRESENTATION('',(#3924),#3928);
#3924 = LINE('',#3925,#3926);
#3925 = CARTESIAN_POINT('',(14.,0.));
#3926 = VECTOR('',#3927,1.);
#3927 = DIRECTION('',(0.,-1.));
#3928 = ( GEOMETRIC_REPRESENTATION_CONTEXT(2) 
PARAMETRIC_REPRESENTATION_CONTEXT() REPRESENTATION_CONTEXT('2D SPACE',''
  ) );
#3929 = PCURVE('',#578,#3930);
#3930 = DEFINITIONAL_REPRESENTATION('',(#3931),#3935);
#3931 = LINE('',#3932,#3933);
#3932 = CARTESIAN_POINT('',(-4.712388980385,0.));
#3933 = VECTOR('',#3934,1.);
#3934 = DIRECTION('',(-0.,-1.));
#3935 = ( GEOMETRIC_REPRESENTATION_CONTEXT(2) 
PARAMETRIC_REPRESENTATION_CONTEXT() REPRESENTATION_CONTEXT('2D SPACE',''
  ) );
#3936 = ORIENTED_EDGE('',*,*,#533,.F.);
#3937 = ADVANCED_FACE('',(#3938),#1057,.T.);
#3938 = FACE_BOUND('',#3939,.F.);
#3939 = EDGE_LOOP('',(#3940,#3963,#3985,#3986));
#3940 = ORIENTED_EDGE('',*,*,#3941,.T.);
#3941 = EDGE_CURVE('',#1013,#3942,#3944,.T.);
#3942 = VERTEX_POINT('',#3943);
#3943 = CARTESIAN_POINT('',(124.,161.,5.));
#3944 = SURFACE_CURVE('',#3945,(#3949,#3956),.PCURVE_S1.);
#3945 = LINE('',#3946,#3947);
#3946 = CARTESIAN_POINT('',(124.,161.,0.));
#3947 = VECTOR('',#3948,1.);
#3948 = DIRECTION('',(0.,0.,1.));
#3949 = PCURVE('',#1057,#3950);
#3950 = DEFINITIONAL_REPRESENTATION('',(#3951),#3955);
#3951 = LINE('',#3952,#3953);
#3952 = CARTESIAN_POINT('',(-0.,0.));
#3953 = VECTOR('',#3954,1.);
#3954 = DIRECTION('',(-0.,-1.));
#3955 = ( GEOMETRIC_REPRESENTATION_CONTEXT(2) 
PARAMETRIC_REPRESENTATION_CONTEXT() REPRESENTATION_CONTEXT('2D SPACE',''
  ) );
#3956 = PCURVE('',#1028,#3957);
#3957 = DEFINITIONAL_REPRESENTATION('',(#3958),#3962);
#3958 = LINE('',#3959,#3960);
#3959 = CARTESIAN_POINT('',(10.,0.));
#3960 = VECTOR('',#3961,1.);
#3961 = DIRECTION('',(0.,-1.));
#3962 = ( GEOMETRIC_REPRESENTATION_CONTEXT(2) 
PARAMETRIC_REPRESENTATION_CONTEXT() REPRESENTATION_CONTEXT('2D SPACE',''
  ) );
#3963 = ORIENTED_EDGE('',*,*,#3964,.T.);
#3964 = EDGE_CURVE('',#3942,#3866,#3965,.T.);
#3965 = SURFACE_CURVE('',#3966,(#3971,#3978),.PCURVE_S1.);
#3966 = CIRCLE('',#3967,3.);
#3967 = AXIS2_PLACEMENT_3D('',#3968,#3969,#3970);
#3968 = CARTESIAN_POINT('',(121.,161.,5.));
#3969 = DIRECTION('',(0.,-0.,1.));
#3970 = DIRECTION('',(1.,0.,0.));
#3971 = PCURVE('',#1057,#3972);
#3972 = DEFINITIONAL_REPRESENTATION('',(#3973),#3977);
#3973 = LINE('',#3974,#3975);
#3974 = CARTESIAN_POINT('',(-0.,-5.));
#3975 = VECTOR('',#3976,1.);
#3976 = DIRECTION('',(-1.,0.));
#3977 = ( GEOMETRIC_REPRESENTATION_CONTEXT(2) 
PARAMETRIC_REPRESENTATION_CONTEXT() REPRESENTATION_CONTEXT('2D SPACE',''
  ) );
#3978 = PCURVE('',#3314,#3979);
#3979 = DEFINITIONAL_REPRESENTATION('',(#3980),#3984);
#3980 = CIRCLE('',#3981,3.);
#3981 = AXIS2_PLACEMENT_2D('',#3982,#3983);
#3982 = CARTESIAN_POINT('',(7.,5.));
#3983 = DIRECTION('',(1.,0.));
#3984 = ( GEOMETRIC_REPRESENTATION_CONTEXT(2) 
PARAMETRIC_REPRESENTATION_CONTEXT() REPRESENTATION_CONTEXT('2D SPACE',''
  ) );
#3985 = ORIENTED_EDGE('',*,*,#3865,.F.);
#3986 = ORIENTED_EDGE('',*,*,#1040,.F.);
#3987 = ADVANCED_FACE('',(#3988),#578,.T.);
#3988 = FACE_BOUND('',#3989,.F.);
#3989 = EDGE_LOOP('',(#3990,#3991,#3992,#3993));
#3990 = ORIENTED_EDGE('',*,*,#3916,.T.);
#3991 = ORIENTED_EDGE('',*,*,#1844,.T.);
#3992 = ORIENTED_EDGE('',*,*,#1925,.F.);
#3993 = ORIENTED_EDGE('',*,*,#561,.F.);
#3994 = ADVANCED_FACE('',(#3995),#1028,.F.);
#3995 = FACE_BOUND('',#3996,.F.);
#3996 = EDGE_LOOP('',(#3997,#3998,#3999,#4020));
#3997 = ORIENTED_EDGE('',*,*,#1012,.F.);
#3998 = ORIENTED_EDGE('',*,*,#3325,.F.);
#3999 = ORIENTED_EDGE('',*,*,#4000,.T.);
#4000 = EDGE_CURVE('',#3300,#3942,#4001,.T.);
#4001 = SURFACE_CURVE('',#4002,(#4006,#4013),.PCURVE_S1.);
#4002 = LINE('',#4003,#4004);
#4003 = CARTESIAN_POINT('',(124.,148.,5.));
#4004 = VECTOR('',#4005,1.);
#4005 = DIRECTION('',(0.,1.,0.));
#4006 = PCURVE('',#1028,#4007);
#4007 = DEFINITIONAL_REPRESENTATION('',(#4008),#4012);
#4008 = LINE('',#4009,#4010);
#4009 = CARTESIAN_POINT('',(-3.,-5.));
#4010 = VECTOR('',#4011,1.);
#4011 = DIRECTION('',(1.,0.));
#4012 = ( GEOMETRIC_REPRESENTATION_CONTEXT(2) 
PARAMETRIC_REPRESENTATION_CONTEXT() REPRESENTATION_CONTEXT('2D SPACE',''
  ) );
#4013 = PCURVE('',#3314,#4014);
#4014 = DEFINITIONAL_REPRESENTATION('',(#4015),#4019);
#4015 = LINE('',#4016,#4017);
#4016 = CARTESIAN_POINT('',(10.,-8.));
#4017 = VECTOR('',#4018,1.);
#4018 = DIRECTION('',(0.,1.));
#4019 = ( GEOMETRIC_REPRESENTATION_CONTEXT(2) 
PARAMETRIC_REPRESENTATION_CONTEXT() REPRESENTATION_CONTEXT('2D SPACE',''
  ) );
#4020 = ORIENTED_EDGE('',*,*,#3941,.F.);
#4021 = ADVANCED_FACE('',(#4022,#4048),#977,.T.);
#4022 = FACE_BOUND('',#4023,.F.);
#4023 = EDGE_LOOP('',(#4024,#4045,#4046,#4047));
#4024 = ORIENTED_EDGE('',*,*,#4025,.T.);
#4025 = EDGE_CURVE('',#938,#2329,#4026,.T.);
#4026 = SURFACE_CURVE('',#4027,(#4031,#4038),.PCURVE_S1.);
#4027 = LINE('',#4028,#4029);
#4028 = CARTESIAN_POINT('',(164.,138.,0.));
#4029 = VECTOR('',#4030,1.);
#4030 = DIRECTION('',(0.,0.,1.));
#4031 = PCURVE('',#977,#4032);
#4032 = DEFINITIONAL_REPRESENTATION('',(#4033),#4037);
#4033 = LINE('',#4034,#4035);
#4034 = CARTESIAN_POINT('',(-0.,0.));
#4035 = VECTOR('',#4036,1.);
#4036 = DIRECTION('',(-0.,-1.));
#4037 = ( GEOMETRIC_REPRESENTATION_CONTEXT(2) 
PARAMETRIC_REPRESENTATION_CONTEXT() REPRESENTATION_CONTEXT('2D SPACE',''
  ) );
#4038 = PCURVE('',#783,#4039);
#4039 = DEFINITIONAL_REPRESENTATION('',(#4040),#4044);
#4040 = LINE('',#4041,#4042);
#4041 = CARTESIAN_POINT('',(124.,0.));
#4042 = VECTOR('',#4043,1.);
#4043 = DIRECTION('',(0.,-1.));
#4044 = ( GEOMETRIC_REPRESENTATION_CONTEXT(2) 
PARAMETRIC_REPRESENTATION_CONTEXT() REPRESENTATION_CONTEXT('2D SPACE',''
  ) );
#4045 = ORIENTED_EDGE('',*,*,#2351,.T.);
#4046 = ORIENTED_EDGE('',*,*,#3192,.F.);
#4047 = ORIENTED_EDGE('',*,*,#960,.F.);
#4048 = FACE_BOUND('',#4049,.F.);
#4049 = EDGE_LOOP('',(#4050,#4085,#4112,#4145));
#4050 = ORIENTED_EDGE('',*,*,#4051,.T.);
#4051 = EDGE_CURVE('',#4052,#4054,#4056,.T.);
#4052 = VERTEX_POINT('',#4053);
#4053 = CARTESIAN_POINT('',(162.18154341616,144.9,38.));
#4054 = VERTEX_POINT('',#4055);
#4055 = CARTESIAN_POINT('',(163.95671881209,139.1,38.));
#4056 = SURFACE_CURVE('',#4057,(#4062,#4069),.PCURVE_S1.);
#4057 = CIRCLE('',#4058,14.);
#4058 = AXIS2_PLACEMENT_3D('',#4059,#4060,#4061);
#4059 = CARTESIAN_POINT('',(150.,138.,38.));
#4060 = DIRECTION('',(0.,0.,-1.));
#4061 = DIRECTION('',(1.,0.,0.));
#4062 = PCURVE('',#977,#4063);
#4063 = DEFINITIONAL_REPRESENTATION('',(#4064),#4068);
#4064 = LINE('',#4065,#4066);
#4065 = CARTESIAN_POINT('',(-6.28318530718,-38.));
#4066 = VECTOR('',#4067,1.);
#4067 = DIRECTION('',(1.,-0.));
#4068 = ( GEOMETRIC_REPRESENTATION_CONTEXT(2) 
PARAMETRIC_REPRESENTATION_CONTEXT() REPRESENTATION_CONTEXT('2D SPACE',''
  ) );
#4069 = PCURVE('',#4070,#4075);
#4070 = PLANE('',#4071);
#4071 = AXIS2_PLACEMENT_3D('',#4072,#4073,#4074);
#4072 = CARTESIAN_POINT('',(154.,139.1,38.));
#4073 = DIRECTION('',(0.,0.,1.));
#4074 = DIRECTION('',(1.,0.,0.));
#4075 = DEFINITIONAL_REPRESENTATION('',(#4076),#4084);
#4076 = ( BOUNDED_CURVE() B_SPLINE_CURVE(2,(#4077,#4078,#4079,#4080,
#4081,#4082,#4083),.UNSPECIFIED.,.T.,.F.) B_SPLINE_CURVE_WITH_KNOTS((1,2
    ,2,2,2,1),(-2.094395102393,0.,2.094395102393,4.188790204786,
6.28318530718,8.377580409573),.UNSPECIFIED.) CURVE() 
GEOMETRIC_REPRESENTATION_ITEM() RATIONAL_B_SPLINE_CURVE((1.,0.5,1.,0.5,
1.,0.5,1.)) REPRESENTATION_ITEM('') );
#4077 = CARTESIAN_POINT('',(10.,-1.1));
#4078 = CARTESIAN_POINT('',(10.,-25.34871130596));
#4079 = CARTESIAN_POINT('',(-11.,-13.22435565298));
#4080 = CARTESIAN_POINT('',(-32.,-1.1));
#4081 = CARTESIAN_POINT('',(-11.,11.024355652982));
#4082 = CARTESIAN_POINT('',(10.,23.148711305964));
#4083 = CARTESIAN_POINT('',(10.,-1.1));
#4084 = ( GEOMETRIC_REPRESENTATION_CONTEXT(2) 
PARAMETRIC_REPRESENTATION_CONTEXT() REPRESENTATION_CONTEXT('2D SPACE',''
  ) );
#4085 = ORIENTED_EDGE('',*,*,#4086,.T.);
#4086 = EDGE_CURVE('',#4054,#4087,#4089,.T.);
#4087 = VERTEX_POINT('',#4088);
#4088 = CARTESIAN_POINT('',(163.95671881209,139.1,35.2));
#4089 = SURFACE_CURVE('',#4090,(#4094,#4100),.PCURVE_S1.);
#4090 = LINE('',#4091,#4092);
#4091 = CARTESIAN_POINT('',(163.95671881209,139.1,0.));
#4092 = VECTOR('',#4093,1.);
#4093 = DIRECTION('',(-0.,0.,-1.));
#4094 = PCURVE('',#977,#4095);
#4095 = DEFINITIONAL_REPRESENTATION('',(#4096),#4099);
#4096 = B_SPLINE_CURVE_WITH_KNOTS('',1,(#4097,#4098),.UNSPECIFIED.,.F.,
  .F.,(2,2),(-38.28,-34.92),.PIECEWISE_BEZIER_KNOTS.);
#4097 = CARTESIAN_POINT('',(-7.865249703865E-02,-38.28));
#4098 = CARTESIAN_POINT('',(-7.865249703865E-02,-34.92));
#4099 = ( GEOMETRIC_REPRESENTATION_CONTEXT(2) 
PARAMETRIC_REPRESENTATION_CONTEXT() REPRESENTATION_CONTEXT('2D SPACE',''
  ) );
#4100 = PCURVE('',#4101,#4106);
#4101 = PLANE('',#4102);
#4102 = AXIS2_PLACEMENT_3D('',#4103,#4104,#4105);
#4103 = CARTESIAN_POINT('',(154.,139.1,35.2));
#4104 = DIRECTION('',(0.,1.,0.));
#4105 = DIRECTION('',(0.,0.,1.));
#4106 = DEFINITIONAL_REPRESENTATION('',(#4107),#4111);
#4107 = LINE('',#4108,#4109);
#4108 = CARTESIAN_POINT('',(-35.2,9.956718812099));
#4109 = VECTOR('',#4110,1.);
#4110 = DIRECTION('',(-1.,0.));
#4111 = ( GEOMETRIC_REPRESENTATION_CONTEXT(2) 
PARAMETRIC_REPRESENTATION_CONTEXT() REPRESENTATION_CONTEXT('2D SPACE',''
  ) );
#4112 = ORIENTED_EDGE('',*,*,#4113,.F.);
#4113 = EDGE_CURVE('',#4114,#4087,#4116,.T.);
#4114 = VERTEX_POINT('',#4115);
#4115 = CARTESIAN_POINT('',(162.18154341616,144.9,35.2));
#4116 = SURFACE_CURVE('',#4117,(#4122,#4129),.PCURVE_S1.);
#4117 = CIRCLE('',#4118,14.);
#4118 = AXIS2_PLACEMENT_3D('',#4119,#4120,#4121);
#4119 = CARTESIAN_POINT('',(150.,138.,35.2));
#4120 = DIRECTION('',(0.,0.,-1.));
#4121 = DIRECTION('',(1.,0.,0.));
#4122 = PCURVE('',#977,#4123);
#4123 = DEFINITIONAL_REPRESENTATION('',(#4124),#4128);
#4124 = LINE('',#4125,#4126);
#4125 = CARTESIAN_POINT('',(-6.28318530718,-35.2));
#4126 = VECTOR('',#4127,1.);
#4127 = DIRECTION('',(1.,-0.));
#4128 = ( GEOMETRIC_REPRESENTATION_CONTEXT(2) 
PARAMETRIC_REPRESENTATION_CONTEXT() REPRESENTATION_CONTEXT('2D SPACE',''
  ) );
#4129 = PCURVE('',#4130,#4135);
#4130 = PLANE('',#4131);
#4131 = AXIS2_PLACEMENT_3D('',#4132,#4133,#4134);
#4132 = CARTESIAN_POINT('',(154.,139.1,35.2));
#4133 = DIRECTION('',(0.,0.,1.));
#4134 = DIRECTION('',(1.,0.,0.));
#4135 = DEFINITIONAL_REPRESENTATION('',(#4136),#4144);
#4136 = ( BOUNDED_CURVE() B_SPLINE_CURVE(2,(#4137,#4138,#4139,#4140,
#4141,#4142,#4143),.UNSPECIFIED.,.T.,.F.) B_SPLINE_CURVE_WITH_KNOTS((1,2
    ,2,2,2,1),(-2.094395102393,0.,2.094395102393,4.188790204786,
6.28318530718,8.377580409573),.UNSPECIFIED.) CURVE() 
GEOMETRIC_REPRESENTATION_ITEM() RATIONAL_B_SPLINE_CURVE((1.,0.5,1.,0.5,
1.,0.5,1.)) REPRESENTATION_ITEM('') );
#4137 = CARTESIAN_POINT('',(10.,-1.1));
#4138 = CARTESIAN_POINT('',(10.,-25.34871130596));
#4139 = CARTESIAN_POINT('',(-11.,-13.22435565298));
#4140 = CARTESIAN_POINT('',(-32.,-1.1));
#4141 = CARTESIAN_POINT('',(-11.,11.024355652982));
#4142 = CARTESIAN_POINT('',(10.,23.148711305964));
#4143 = CARTESIAN_POINT('',(10.,-1.1));
#4144 = ( GEOMETRIC_REPRESENTATION_CONTEXT(2) 
PARAMETRIC_REPRESENTATION_CONTEXT() REPRESENTATION_CONTEXT('2D SPACE',''
  ) );
#4145 = ORIENTED_EDGE('',*,*,#4146,.F.);
#4146 = EDGE_CURVE('',#4052,#4114,#4147,.T.);
#4147 = SURFACE_CURVE('',#4148,(#4152,#4158),.PCURVE_S1.);
#4148 = LINE('',#4149,#4150);
#4149 = CARTESIAN_POINT('',(162.18154341616,144.9,0.));
#4150 = VECTOR('',#4151,1.);
#4151 = DIRECTION('',(-0.,0.,-1.));
#4152 = PCURVE('',#977,#4153);
#4153 = DEFINITIONAL_REPRESENTATION('',(#4154),#4157);
#4154 = B_SPLINE_CURVE_WITH_KNOTS('',1,(#4155,#4156),.UNSPECIFIED.,.F.,
  .F.,(2,2),(-38.28,-34.92),.PIECEWISE_BEZIER_KNOTS.);
#4155 = CARTESIAN_POINT('',(-0.51537036689,-38.28));
#4156 = CARTESIAN_POINT('',(-0.51537036689,-34.92));
#4157 = ( GEOMETRIC_REPRESENTATION_CONTEXT(2) 
PARAMETRIC_REPRESENTATION_CONTEXT() REPRESENTATION_CONTEXT('2D SPACE',''
  ) );
#4158 = PCURVE('',#4159,#4164);
#4159 = PLANE('',#4160);
#4160 = AXIS2_PLACEMENT_3D('',#4161,#4162,#4163);
#4161 = CARTESIAN_POINT('',(154.,144.9,35.2));
#4162 = DIRECTION('',(0.,1.,0.));
#4163 = DIRECTION('',(0.,0.,1.));
#4164 = DEFINITIONAL_REPRESENTATION('',(#4165),#4169);
#4165 = LINE('',#4166,#4167);
#4166 = CARTESIAN_POINT('',(-35.2,8.181543416169));
#4167 = VECTOR('',#4168,1.);
#4168 = DIRECTION('',(-1.,0.));
#4169 = ( GEOMETRIC_REPRESENTATION_CONTEXT(2) 
PARAMETRIC_REPRESENTATION_CONTEXT() REPRESENTATION_CONTEXT('2D SPACE',''
  ) );
#4170 = ADVANCED_FACE('',(#4171,#4248,#4358,#4393),#783,.F.);
#4171 = FACE_BOUND('',#4172,.F.);
#4172 = EDGE_LOOP('',(#4173,#4174,#4175,#4176,#4177,#4178,#4201,#4227));
#4173 = ORIENTED_EDGE('',*,*,#767,.F.);
#4174 = ORIENTED_EDGE('',*,*,#2179,.T.);
#4175 = ORIENTED_EDGE('',*,*,#2328,.T.);
#4176 = ORIENTED_EDGE('',*,*,#4025,.F.);
#4177 = ORIENTED_EDGE('',*,*,#937,.F.);
#4178 = ORIENTED_EDGE('',*,*,#4179,.T.);
#4179 = EDGE_CURVE('',#910,#4180,#4182,.T.);
#4180 = VERTEX_POINT('',#4181);
#4181 = CARTESIAN_POINT('',(164.,128.,5.));
#4182 = SURFACE_CURVE('',#4183,(#4187,#4194),.PCURVE_S1.);
#4183 = LINE('',#4184,#4185);
#4184 = CARTESIAN_POINT('',(164.,128.,0.));
#4185 = VECTOR('',#4186,1.);
#4186 = DIRECTION('',(0.,0.,1.));
#4187 = PCURVE('',#783,#4188);
#4188 = DEFINITIONAL_REPRESENTATION('',(#4189),#4193);
#4189 = LINE('',#4190,#4191);
#4190 = CARTESIAN_POINT('',(114.,0.));
#4191 = VECTOR('',#4192,1.);
#4192 = DIRECTION('',(0.,-1.));
#4193 = ( GEOMETRIC_REPRESENTATION_CONTEXT(2) 
PARAMETRIC_REPRESENTATION_CONTEXT() REPRESENTATION_CONTEXT('2D SPACE',''
  ) );
#4194 = PCURVE('',#925,#4195);
#4195 = DEFINITIONAL_REPRESENTATION('',(#4196),#4200);
#4196 = LINE('',#4197,#4198);
#4197 = CARTESIAN_POINT('',(24.,0.));
#4198 = VECTOR('',#4199,1.);
#4199 = DIRECTION('',(0.,-1.));
#4200 = ( GEOMETRIC_REPRESENTATION_CONTEXT(2) 
PARAMETRIC_REPRESENTATION_CONTEXT() REPRESENTATION_CONTEXT('2D SPACE',''
  ) );
#4201 = ORIENTED_EDGE('',*,*,#4202,.F.);
#4202 = EDGE_CURVE('',#4203,#4180,#4205,.T.);
#4203 = VERTEX_POINT('',#4204);
#4204 = CARTESIAN_POINT('',(164.,108.,5.));
#4205 = SURFACE_CURVE('',#4206,(#4210,#4216),.PCURVE_S1.);
#4206 = LINE('',#4207,#4208);
#4207 = CARTESIAN_POINT('',(164.,66.,5.));
#4208 = VECTOR('',#4209,1.);
#4209 = DIRECTION('',(0.,1.,-0.));
#4210 = PCURVE('',#783,#4211);
#4211 = DEFINITIONAL_REPRESENTATION('',(#4212),#4215);
#4212 = B_SPLINE_CURVE_WITH_KNOTS('',1,(#4213,#4214),.UNSPECIFIED.,.F.,
  .F.,(2,2),(42.,62.),.PIECEWISE_BEZIER_KNOTS.);
#4213 = CARTESIAN_POINT('',(94.,-5.));
#4214 = CARTESIAN_POINT('',(114.,-5.));
#4215 = ( GEOMETRIC_REPRESENTATION_CONTEXT(2) 
PARAMETRIC_REPRESENTATION_CONTEXT() REPRESENTATION_CONTEXT('2D SPACE',''
  ) );
#4216 = PCURVE('',#4217,#4222);
#4217 = PLANE('',#4218);
#4218 = AXIS2_PLACEMENT_3D('',#4219,#4220,#4221);
#4219 = CARTESIAN_POINT('',(176.,118.,5.));
#4220 = DIRECTION('',(0.,0.,1.));
#4221 = DIRECTION('',(1.,0.,-0.));
#4222 = DEFINITIONAL_REPRESENTATION('',(#4223),#4226);
#4223 = B_SPLINE_CURVE_WITH_KNOTS('',1,(#4224,#4225),.UNSPECIFIED.,.F.,
  .F.,(2,2),(42.,62.),.PIECEWISE_BEZIER_KNOTS.);
#4224 = CARTESIAN_POINT('',(-12.,-10.));
#4225 = CARTESIAN_POINT('',(-12.,10.));
#4226 = ( GEOMETRIC_REPRESENTATION_CONTEXT(2) 
PARAMETRIC_REPRESENTATION_CONTEXT() REPRESENTATION_CONTEXT('2D SPACE',''
  ) );
#4227 = ORIENTED_EDGE('',*,*,#4228,.F.);
#4228 = EDGE_CURVE('',#768,#4203,#4229,.T.);
#4229 = SURFACE_CURVE('',#4230,(#4234,#4241),.PCURVE_S1.);
#4230 = LINE('',#4231,#4232);
#4231 = CARTESIAN_POINT('',(164.,108.,0.));
#4232 = VECTOR('',#4233,1.);
#4233 = DIRECTION('',(0.,0.,1.));
#4234 = PCURVE('',#783,#4235);
#4235 = DEFINITIONAL_REPRESENTATION('',(#4236),#4240);
#4236 = LINE('',#4237,#4238);
#4237 = CARTESIAN_POINT('',(94.,0.));
#4238 = VECTOR('',#4239,1.);
#4239 = DIRECTION('',(0.,-1.));
#4240 = ( GEOMETRIC_REPRESENTATION_CONTEXT(2) 
PARAMETRIC_REPRESENTATION_CONTEXT() REPRESENTATION_CONTEXT('2D SPACE',''
  ) );
#4241 = PCURVE('',#811,#4242);
#4242 = DEFINITIONAL_REPRESENTATION('',(#4243),#4247);
#4243 = LINE('',#4244,#4245);
#4244 = CARTESIAN_POINT('',(0.,0.));
#4245 = VECTOR('',#4246,1.);
#4246 = DIRECTION('',(0.,-1.));
#4247 = ( GEOMETRIC_REPRESENTATION_CONTEXT(2) 
PARAMETRIC_REPRESENTATION_CONTEXT() REPRESENTATION_CONTEXT('2D SPACE',''
  ) );
#4248 = FACE_BOUND('',#4249,.F.);
#4249 = EDGE_LOOP('',(#4250,#4279,#4306,#4333));
#4250 = ORIENTED_EDGE('',*,*,#4251,.F.);
#4251 = EDGE_CURVE('',#4252,#4254,#4256,.T.);
#4252 = VERTEX_POINT('',#4253);
#4253 = CARTESIAN_POINT('',(164.,73.1,38.));
#4254 = VERTEX_POINT('',#4255);
#4255 = CARTESIAN_POINT('',(164.,78.9,38.));
#4256 = SURFACE_CURVE('',#4257,(#4261,#4267),.PCURVE_S1.);
#4257 = LINE('',#4258,#4259);
#4258 = CARTESIAN_POINT('',(164.,43.55,38.));
#4259 = VECTOR('',#4260,1.);
#4260 = DIRECTION('',(0.,1.,-0.));
#4261 = PCURVE('',#783,#4262);
#4262 = DEFINITIONAL_REPRESENTATION('',(#4263),#4266);
#4263 = B_SPLINE_CURVE_WITH_KNOTS('',1,(#4264,#4265),.UNSPECIFIED.,.F.,
  .F.,(2,2),(29.55,35.35),.PIECEWISE_BEZIER_KNOTS.);
#4264 = CARTESIAN_POINT('',(59.1,-38.));
#4265 = CARTESIAN_POINT('',(64.9,-38.));
#4266 = ( GEOMETRIC_REPRESENTATION_CONTEXT(2) 
PARAMETRIC_REPRESENTATION_CONTEXT() REPRESENTATION_CONTEXT('2D SPACE',''
  ) );
#4267 = PCURVE('',#4268,#4273);
#4268 = PLANE('',#4269);
#4269 = AXIS2_PLACEMENT_3D('',#4270,#4271,#4272);
#4270 = CARTESIAN_POINT('',(159.,73.1,38.));
#4271 = DIRECTION('',(0.,0.,1.));
#4272 = DIRECTION('',(1.,0.,0.));
#4273 = DEFINITIONAL_REPRESENTATION('',(#4274),#4278);
#4274 = LINE('',#4275,#4276);
#4275 = CARTESIAN_POINT('',(5.,-29.55));
#4276 = VECTOR('',#4277,1.);
#4277 = DIRECTION('',(0.,1.));
#4278 = ( GEOMETRIC_REPRESENTATION_CONTEXT(2) 
PARAMETRIC_REPRESENTATION_CONTEXT() REPRESENTATION_CONTEXT('2D SPACE',''
  ) );
#4279 = ORIENTED_EDGE('',*,*,#4280,.T.);
#4280 = EDGE_CURVE('',#4252,#4281,#4283,.T.);
#4281 = VERTEX_POINT('',#4282);
#4282 = CARTESIAN_POINT('',(164.,73.1,35.2));
#4283 = SURFACE_CURVE('',#4284,(#4288,#4294),.PCURVE_S1.);
#4284 = LINE('',#4285,#4286);
#4285 = CARTESIAN_POINT('',(164.,73.1,17.6));
#4286 = VECTOR('',#4287,1.);
#4287 = DIRECTION('',(0.,0.,-1.));
#4288 = PCURVE('',#783,#4289);
#4289 = DEFINITIONAL_REPRESENTATION('',(#4290),#4293);
#4290 = B_SPLINE_CURVE_WITH_KNOTS('',1,(#4291,#4292),.UNSPECIFIED.,.F.,
  .F.,(2,2),(-20.4,-17.6),.PIECEWISE_BEZIER_KNOTS.);
#4291 = CARTESIAN_POINT('',(59.1,-38.));
#4292 = CARTESIAN_POINT('',(59.1,-35.2));
#4293 = ( GEOMETRIC_REPRESENTATION_CONTEXT(2) 
PARAMETRIC_REPRESENTATION_CONTEXT() REPRESENTATION_CONTEXT('2D SPACE',''
  ) );
#4294 = PCURVE('',#4295,#4300);
#4295 = PLANE('',#4296);
#4296 = AXIS2_PLACEMENT_3D('',#4297,#4298,#4299);
#4297 = CARTESIAN_POINT('',(159.,73.1,35.2));
#4298 = DIRECTION('',(0.,1.,0.));
#4299 = DIRECTION('',(0.,0.,1.));
#4300 = DEFINITIONAL_REPRESENTATION('',(#4301),#4305);
#4301 = LINE('',#4302,#4303);
#4302 = CARTESIAN_POINT('',(-17.6,5.));
#4303 = VECTOR('',#4304,1.);
#4304 = DIRECTION('',(-1.,0.));
#4305 = ( GEOMETRIC_REPRESENTATION_CONTEXT(2) 
PARAMETRIC_REPRESENTATION_CONTEXT() REPRESENTATION_CONTEXT('2D SPACE',''
  ) );
#4306 = ORIENTED_EDGE('',*,*,#4307,.T.);
#4307 = EDGE_CURVE('',#4281,#4308,#4310,.T.);
#4308 = VERTEX_POINT('',#4309);
#4309 = CARTESIAN_POINT('',(164.,78.9,35.2));
#4310 = SURFACE_CURVE('',#4311,(#4315,#4321),.PCURVE_S1.);
#4311 = LINE('',#4312,#4313);
#4312 = CARTESIAN_POINT('',(164.,43.55,35.2));
#4313 = VECTOR('',#4314,1.);
#4314 = DIRECTION('',(0.,1.,-0.));
#4315 = PCURVE('',#783,#4316);
#4316 = DEFINITIONAL_REPRESENTATION('',(#4317),#4320);
#4317 = B_SPLINE_CURVE_WITH_KNOTS('',1,(#4318,#4319),.UNSPECIFIED.,.F.,
  .F.,(2,2),(29.55,35.35),.PIECEWISE_BEZIER_KNOTS.);
#4318 = CARTESIAN_POINT('',(59.1,-35.2));
#4319 = CARTESIAN_POINT('',(64.9,-35.2));
#4320 = ( GEOMETRIC_REPRESENTATION_CONTEXT(2) 
PARAMETRIC_REPRESENTATION_CONTEXT() REPRESENTATION_CONTEXT('2D SPACE',''
  ) );
#4321 = PCURVE('',#4322,#4327);
#4322 = PLANE('',#4323);
#4323 = AXIS2_PLACEMENT_3D('',#4324,#4325,#4326);
#4324 = CARTESIAN_POINT('',(159.,73.1,35.2));
#4325 = DIRECTION('',(0.,0.,1.));
#4326 = DIRECTION('',(1.,0.,0.));
#4327 = DEFINITIONAL_REPRESENTATION('',(#4328),#4332);
#4328 = LINE('',#4329,#4330);
#4329 = CARTESIAN_POINT('',(5.,-29.55));
#4330 = VECTOR('',#4331,1.);
#4331 = DIRECTION('',(0.,1.));
#4332 = ( GEOMETRIC_REPRESENTATION_CONTEXT(2) 
PARAMETRIC_REPRESENTATION_CONTEXT() REPRESENTATION_CONTEXT('2D SPACE',''
  ) );
#4333 = ORIENTED_EDGE('',*,*,#4334,.F.);
#4334 = EDGE_CURVE('',#4254,#4308,#4335,.T.);
#4335 = SURFACE_CURVE('',#4336,(#4340,#4346),.PCURVE_S1.);
#4336 = LINE('',#4337,#4338);
#4337 = CARTESIAN_POINT('',(164.,78.9,17.6));
#4338 = VECTOR('',#4339,1.);
#4339 = DIRECTION('',(0.,0.,-1.));
#4340 = PCURVE('',#783,#4341);
#4341 = DEFINITIONAL_REPRESENTATION('',(#4342),#4345);
#4342 = B_SPLINE_CURVE_WITH_KNOTS('',1,(#4343,#4344),.UNSPECIFIED.,.F.,
  .F.,(2,2),(-20.4,-17.6),.PIECEWISE_BEZIER_KNOTS.);
#4343 = CARTESIAN_POINT('',(64.9,-38.));
#4344 = CARTESIAN_POINT('',(64.9,-35.2));
#4345 = ( GEOMETRIC_REPRESENTATION_CONTEXT(2) 
PARAMETRIC_REPRESENTATION_CONTEXT() REPRESENTATION_CONTEXT('2D SPACE',''
  ) );
#4346 = PCURVE('',#4347,#4352);
#4347 = PLANE('',#4348);
#4348 = AXIS2_PLACEMENT_3D('',#4349,#4350,#4351);
#4349 = CARTESIAN_POINT('',(159.,78.9,35.2));
#4350 = DIRECTION('',(0.,1.,0.));
#4351 = DIRECTION('',(0.,0.,1.));
#4352 = DEFINITIONAL_REPRESENTATION('',(#4353),#4357);
#4353 = LINE('',#4354,#4355);
#4354 = CARTESIAN_POINT('',(-17.6,5.));
#4355 = VECTOR('',#4356,1.);
#4356 = DIRECTION('',(-1.,0.));
#4357 = ( GEOMETRIC_REPRESENTATION_CONTEXT(2) 
PARAMETRIC_REPRESENTATION_CONTEXT() REPRESENTATION_CONTEXT('2D SPACE',''
  ) );
#4358 = FACE_BOUND('',#4359,.F.);
#4359 = EDGE_LOOP('',(#4360));
#4360 = ORIENTED_EDGE('',*,*,#4361,.T.);
#4361 = EDGE_CURVE('',#4362,#4362,#4364,.T.);
#4362 = VERTEX_POINT('',#4363);
#4363 = CARTESIAN_POINT('',(164.,38.,22.6));
#4364 = SURFACE_CURVE('',#4365,(#4370,#4381),.PCURVE_S1.);
#4365 = CIRCLE('',#4366,6.6);
#4366 = AXIS2_PLACEMENT_3D('',#4367,#4368,#4369);
#4367 = CARTESIAN_POINT('',(164.,38.,16.));
#4368 = DIRECTION('',(1.,0.,0.));
#4369 = DIRECTION('',(-0.,0.,1.));
#4370 = PCURVE('',#783,#4371);
#4371 = DEFINITIONAL_REPRESENTATION('',(#4372),#4380);
#4372 = ( BOUNDED_CURVE() B_SPLINE_CURVE(2,(#4373,#4374,#4375,#4376,
#4377,#4378,#4379),.UNSPECIFIED.,.T.,.F.) B_SPLINE_CURVE_WITH_KNOTS((1,2
    ,2,2,2,1),(-2.094395102393,0.,2.094395102393,4.188790204786,
6.28318530718,8.377580409573),.UNSPECIFIED.) CURVE() 
GEOMETRIC_REPRESENTATION_ITEM() RATIONAL_B_SPLINE_CURVE((1.,0.5,1.,0.5,
1.,0.5,1.)) REPRESENTATION_ITEM('') );
#4373 = CARTESIAN_POINT('',(24.,-22.6));
#4374 = CARTESIAN_POINT('',(12.568464670045,-22.6));
#4375 = CARTESIAN_POINT('',(18.284232335023,-12.7));
#4376 = CARTESIAN_POINT('',(24.,-2.8));
#4377 = CARTESIAN_POINT('',(29.715767664977,-12.7));
#4378 = CARTESIAN_POINT('',(35.431535329955,-22.6));
#4379 = CARTESIAN_POINT('',(24.,-22.6));
#4380 = ( GEOMETRIC_REPRESENTATION_CONTEXT(2) 
PARAMETRIC_REPRESENTATION_CONTEXT() REPRESENTATION_CONTEXT('2D SPACE',''
  ) );
#4381 = PCURVE('',#4382,#4387);
#4382 = CYLINDRICAL_SURFACE('',#4383,6.6);
#4383 = AXIS2_PLACEMENT_3D('',#4384,#4385,#4386);
#4384 = CARTESIAN_POINT('',(158.,38.,16.));
#4385 = DIRECTION('',(1.,0.,0.));
#4386 = DIRECTION('',(-0.,0.,1.));
#4387 = DEFINITIONAL_REPRESENTATION('',(#4388),#4392);
#4388 = LINE('',#4389,#4390);
#4389 = CARTESIAN_POINT('',(0.,6.));
#4390 = VECTOR('',#4391,1.);
#4391 = DIRECTION('',(1.,0.));
#4392 = ( GEOMETRIC_REPRESENTATION_CONTEXT(2) 
PARAMETRIC_REPRESENTATION_CONTEXT() REPRESENTATION_CONTEXT('2D SPACE',''
  ) );
#4393 = FACE_BOUND('',#4394,.F.);
#4394 = EDGE_LOOP('',(#4395));
#4395 = ORIENTED_EDGE('',*,*,#4396,.T.);
#4396 = EDGE_CURVE('',#4397,#4397,#4399,.T.);
#4397 = VERTEX_POINT('',#4398);
#4398 = CARTESIAN_POINT('',(164.,78.,22.6));
#4399 = SURFACE_CURVE('',#4400,(#4405,#4416),.PCURVE_S1.);
#4400 = CIRCLE('',#4401,6.6);
#4401 = AXIS2_PLACEMENT_3D('',#4402,#4403,#4404);
#4402 = CARTESIAN_POINT('',(164.,78.,16.));
#4403 = DIRECTION('',(1.,0.,0.));
#4404 = DIRECTION('',(-0.,0.,1.));
#4405 = PCURVE('',#783,#4406);
#4406 = DEFINITIONAL_REPRESENTATION('',(#4407),#4415);
#4407 = ( BOUNDED_CURVE() B_SPLINE_CURVE(2,(#4408,#4409,#4410,#4411,
#4412,#4413,#4414),.UNSPECIFIED.,.T.,.F.) B_SPLINE_CURVE_WITH_KNOTS((1,2
    ,2,2,2,1),(-2.094395102393,0.,2.094395102393,4.188790204786,
6.28318530718,8.377580409573),.UNSPECIFIED.) CURVE() 
GEOMETRIC_REPRESENTATION_ITEM() RATIONAL_B_SPLINE_CURVE((1.,0.5,1.,0.5,
1.,0.5,1.)) REPRESENTATION_ITEM('') );
#4408 = CARTESIAN_POINT('',(64.,-22.6));
#4409 = CARTESIAN_POINT('',(52.568464670045,-22.6));
#4410 = CARTESIAN_POINT('',(58.284232335023,-12.7));
#4411 = CARTESIAN_POINT('',(64.,-2.8));
#4412 = CARTESIAN_POINT('',(69.715767664977,-12.7));
#4413 = CARTESIAN_POINT('',(75.431535329955,-22.6));
#4414 = CARTESIAN_POINT('',(64.,-22.6));
#4415 = ( GEOMETRIC_REPRESENTATION_CONTEXT(2) 
PARAMETRIC_REPRESENTATION_CONTEXT() REPRESENTATION_CONTEXT('2D SPACE',''
  ) );
#4416 = PCURVE('',#4417,#4422);
#4417 = CYLINDRICAL_SURFACE('',#4418,6.6);
#4418 = AXIS2_PLACEMENT_3D('',#4419,#4420,#4421);
#4419 = CARTESIAN_POINT('',(158.,78.,16.));
#4420 = DIRECTION('',(1.,0.,0.));
#4421 = DIRECTION('',(-0.,0.,1.));
#4422 = DEFINITIONAL_REPRESENTATION('',(#4423),#4427);
#4423 = LINE('',#4424,#4425);
#4424 = CARTESIAN_POINT('',(0.,6.));
#4425 = VECTOR('',#4426,1.);
#4426 = DIRECTION('',(1.,0.));
#4427 = ( GEOMETRIC_REPRESENTATION_CONTEXT(2) 
PARAMETRIC_REPRESENTATION_CONTEXT() REPRESENTATION_CONTEXT('2D SPACE',''
  ) );
#4428 = ADVANCED_FACE('',(#4429),#652,.T.);
#4429 = FACE_BOUND('',#4430,.F.);
#4430 = EDGE_LOOP('',(#4431,#4432,#4433,#4454));
#4431 = ORIENTED_EDGE('',*,*,#1976,.T.);
#4432 = ORIENTED_EDGE('',*,*,#2000,.T.);
#4433 = ORIENTED_EDGE('',*,*,#4434,.F.);
#4434 = EDGE_CURVE('',#636,#2001,#4435,.T.);
#4435 = SURFACE_CURVE('',#4436,(#4440,#4447),.PCURVE_S1.);
#4436 = LINE('',#4437,#4438);
#4437 = CARTESIAN_POINT('',(107.,-12.,0.));
#4438 = VECTOR('',#4439,1.);
#4439 = DIRECTION('',(0.,0.,1.));
#4440 = PCURVE('',#652,#4441);
#4441 = DEFINITIONAL_REPRESENTATION('',(#4442),#4446);
#4442 = LINE('',#4443,#4444);
#4443 = CARTESIAN_POINT('',(-4.712388980385,0.));
#4444 = VECTOR('',#4445,1.);
#4445 = DIRECTION('',(-0.,-1.));
#4446 = ( GEOMETRIC_REPRESENTATION_CONTEXT(2) 
PARAMETRIC_REPRESENTATION_CONTEXT() REPRESENTATION_CONTEXT('2D SPACE',''
  ) );
#4447 = PCURVE('',#680,#4448);
#4448 = DEFINITIONAL_REPRESENTATION('',(#4449),#4453);
#4449 = LINE('',#4450,#4451);
#4450 = CARTESIAN_POINT('',(0.,0.));
#4451 = VECTOR('',#4452,1.);
#4452 = DIRECTION('',(0.,-1.));
#4453 = ( GEOMETRIC_REPRESENTATION_CONTEXT(2) 
PARAMETRIC_REPRESENTATION_CONTEXT() REPRESENTATION_CONTEXT('2D SPACE',''
  ) );
#4454 = ORIENTED_EDGE('',*,*,#635,.F.);
#4455 = ADVANCED_FACE('',(#4456),#925,.F.);
#4456 = FACE_BOUND('',#4457,.F.);
#4457 = EDGE_LOOP('',(#4458,#4481,#4502,#4503));
#4458 = ORIENTED_EDGE('',*,*,#4459,.T.);
#4459 = EDGE_CURVE('',#881,#4460,#4462,.T.);
#4460 = VERTEX_POINT('',#4461);
#4461 = CARTESIAN_POINT('',(188.,128.,5.));
#4462 = SURFACE_CURVE('',#4463,(#4467,#4474),.PCURVE_S1.);
#4463 = LINE('',#4464,#4465);
#4464 = CARTESIAN_POINT('',(188.,128.,0.));
#4465 = VECTOR('',#4466,1.);
#4466 = DIRECTION('',(0.,0.,1.));
#4467 = PCURVE('',#925,#4468);
#4468 = DEFINITIONAL_REPRESENTATION('',(#4469),#4473);
#4469 = LINE('',#4470,#4471);
#4470 = CARTESIAN_POINT('',(0.,-0.));
#4471 = VECTOR('',#4472,1.);
#4472 = DIRECTION('',(0.,-1.));
#4473 = ( GEOMETRIC_REPRESENTATION_CONTEXT(2) 
PARAMETRIC_REPRESENTATION_CONTEXT() REPRESENTATION_CONTEXT('2D SPACE',''
  ) );
#4474 = PCURVE('',#897,#4475);
#4475 = DEFINITIONAL_REPRESENTATION('',(#4476),#4480);
#4476 = LINE('',#4477,#4478);
#4477 = CARTESIAN_POINT('',(-1.570796326795,0.));
#4478 = VECTOR('',#4479,1.);
#4479 = DIRECTION('',(-0.,-1.));
#4480 = ( GEOMETRIC_REPRESENTATION_CONTEXT(2) 
PARAMETRIC_REPRESENTATION_CONTEXT() REPRESENTATION_CONTEXT('2D SPACE',''
  ) );
#4481 = ORIENTED_EDGE('',*,*,#4482,.T.);
#4482 = EDGE_CURVE('',#4460,#4180,#4483,.T.);
#4483 = SURFACE_CURVE('',#4484,(#4488,#4495),.PCURVE_S1.);
#4484 = LINE('',#4485,#4486);
#4485 = CARTESIAN_POINT('',(191.,128.,5.));
#4486 = VECTOR('',#4487,1.);
#4487 = DIRECTION('',(-1.,0.,0.));
#4488 = PCURVE('',#925,#4489);
#4489 = DEFINITIONAL_REPRESENTATION('',(#4490),#4494);
#4490 = LINE('',#4491,#4492);
#4491 = CARTESIAN_POINT('',(-3.,-5.));
#4492 = VECTOR('',#4493,1.);
#4493 = DIRECTION('',(1.,0.));
#4494 = ( GEOMETRIC_REPRESENTATION_CONTEXT(2) 
PARAMETRIC_REPRESENTATION_CONTEXT() REPRESENTATION_CONTEXT('2D SPACE',''
  ) );
#4495 = PCURVE('',#4217,#4496);
#4496 = DEFINITIONAL_REPRESENTATION('',(#4497),#4501);
#4497 = LINE('',#4498,#4499);
#4498 = CARTESIAN_POINT('',(15.,10.));
#4499 = VECTOR('',#4500,1.);
#4500 = DIRECTION('',(-1.,0.));
#4501 = ( GEOMETRIC_REPRESENTATION_CONTEXT(2) 
PARAMETRIC_REPRESENTATION_CONTEXT() REPRESENTATION_CONTEXT('2D SPACE',''
  ) );
#4502 = ORIENTED_EDGE('',*,*,#4179,.F.);
#4503 = ORIENTED_EDGE('',*,*,#909,.F.);
#4504 = ADVANCED_FACE('',(#4505),#680,.F.);
#4505 = FACE_BOUND('',#4506,.F.);
#4506 = EDGE_LOOP('',(#4507,#4508,#4509,#4530));
#4507 = ORIENTED_EDGE('',*,*,#4434,.T.);
#4508 = ORIENTED_EDGE('',*,*,#2024,.T.);
#4509 = ORIENTED_EDGE('',*,*,#4510,.F.);
#4510 = EDGE_CURVE('',#665,#2025,#4511,.T.);
#4511 = SURFACE_CURVE('',#4512,(#4516,#4523),.PCURVE_S1.);
#4512 = LINE('',#4513,#4514);
#4513 = CARTESIAN_POINT('',(121.,-12.,0.));
#4514 = VECTOR('',#4515,1.);
#4515 = DIRECTION('',(0.,0.,1.));
#4516 = PCURVE('',#680,#4517);
#4517 = DEFINITIONAL_REPRESENTATION('',(#4518),#4522);
#4518 = LINE('',#4519,#4520);
#4519 = CARTESIAN_POINT('',(14.,0.));
#4520 = VECTOR('',#4521,1.);
#4521 = DIRECTION('',(0.,-1.));
#4522 = ( GEOMETRIC_REPRESENTATION_CONTEXT(2) 
PARAMETRIC_REPRESENTATION_CONTEXT() REPRESENTATION_CONTEXT('2D SPACE',''
  ) );
#4523 = PCURVE('',#709,#4524);
#4524 = DEFINITIONAL_REPRESENTATION('',(#4525),#4529);
#4525 = LINE('',#4526,#4527);
#4526 = CARTESIAN_POINT('',(-4.712388980385,0.));
#4527 = VECTOR('',#4528,1.);
#4528 = DIRECTION('',(-0.,-1.));
#4529 = ( GEOMETRIC_REPRESENTATION_CONTEXT(2) 
PARAMETRIC_REPRESENTATION_CONTEXT() REPRESENTATION_CONTEXT('2D SPACE',''
  ) );
#4530 = ORIENTED_EDGE('',*,*,#664,.F.);
#4531 = ADVANCED_FACE('',(#4532),#897,.T.);
#4532 = FACE_BOUND('',#4533,.F.);
#4533 = EDGE_LOOP('',(#4534,#4557,#4579,#4580));
#4534 = ORIENTED_EDGE('',*,*,#4535,.T.);
#4535 = EDGE_CURVE('',#853,#4536,#4538,.T.);
#4536 = VERTEX_POINT('',#4537);
#4537 = CARTESIAN_POINT('',(191.,125.,5.));
#4538 = SURFACE_CURVE('',#4539,(#4543,#4550),.PCURVE_S1.);
#4539 = LINE('',#4540,#4541);
#4540 = CARTESIAN_POINT('',(191.,125.,0.));
#4541 = VECTOR('',#4542,1.);
#4542 = DIRECTION('',(0.,0.,1.));
#4543 = PCURVE('',#897,#4544);
#4544 = DEFINITIONAL_REPRESENTATION('',(#4545),#4549);
#4545 = LINE('',#4546,#4547);
#4546 = CARTESIAN_POINT('',(-0.,0.));
#4547 = VECTOR('',#4548,1.);
#4548 = DIRECTION('',(-0.,-1.));
#4549 = ( GEOMETRIC_REPRESENTATION_CONTEXT(2) 
PARAMETRIC_REPRESENTATION_CONTEXT() REPRESENTATION_CONTEXT('2D SPACE',''
  ) );
#4550 = PCURVE('',#868,#4551);
#4551 = DEFINITIONAL_REPRESENTATION('',(#4552),#4556);
#4552 = LINE('',#4553,#4554);
#4553 = CARTESIAN_POINT('',(14.,0.));
#4554 = VECTOR('',#4555,1.);
#4555 = DIRECTION('',(0.,-1.));
#4556 = ( GEOMETRIC_REPRESENTATION_CONTEXT(2) 
PARAMETRIC_REPRESENTATION_CONTEXT() REPRESENTATION_CONTEXT('2D SPACE',''
  ) );
#4557 = ORIENTED_EDGE('',*,*,#4558,.T.);
#4558 = EDGE_CURVE('',#4536,#4460,#4559,.T.);
#4559 = SURFACE_CURVE('',#4560,(#4565,#4572),.PCURVE_S1.);
#4560 = CIRCLE('',#4561,3.);
#4561 = AXIS2_PLACEMENT_3D('',#4562,#4563,#4564);
#4562 = CARTESIAN_POINT('',(188.,125.,5.));
#4563 = DIRECTION('',(0.,-0.,1.));
#4564 = DIRECTION('',(1.,0.,0.));
#4565 = PCURVE('',#897,#4566);
#4566 = DEFINITIONAL_REPRESENTATION('',(#4567),#4571);
#4567 = LINE('',#4568,#4569);
#4568 = CARTESIAN_POINT('',(-0.,-5.));
#4569 = VECTOR('',#4570,1.);
#4570 = DIRECTION('',(-1.,0.));
#4571 = ( GEOMETRIC_REPRESENTATION_CONTEXT(2) 
PARAMETRIC_REPRESENTATION_CONTEXT() REPRESENTATION_CONTEXT('2D SPACE',''
  ) );
#4572 = PCURVE('',#4217,#4573);
#4573 = DEFINITIONAL_REPRESENTATION('',(#4574),#4578);
#4574 = CIRCLE('',#4575,3.);
#4575 = AXIS2_PLACEMENT_2D('',#4576,#4577);
#4576 = CARTESIAN_POINT('',(12.,7.));
#4577 = DIRECTION('',(1.,0.));
#4578 = ( GEOMETRIC_REPRESENTATION_CONTEXT(2) 
PARAMETRIC_REPRESENTATION_CONTEXT() REPRESENTATION_CONTEXT('2D SPACE',''
  ) );
#4579 = ORIENTED_EDGE('',*,*,#4459,.F.);
#4580 = ORIENTED_EDGE('',*,*,#880,.F.);
#4581 = ADVANCED_FACE('',(#4582),#709,.T.);
#4582 = FACE_BOUND('',#4583,.F.);
#4583 = EDGE_LOOP('',(#4584,#4585,#4586,#4587));
#4584 = ORIENTED_EDGE('',*,*,#4510,.T.);
#4585 = ORIENTED_EDGE('',*,*,#2047,.T.);
#4586 = ORIENTED_EDGE('',*,*,#2128,.F.);
#4587 = ORIENTED_EDGE('',*,*,#692,.F.);
#4588 = ADVANCED_FACE('',(#4589),#868,.F.);
#4589 = FACE_BOUND('',#4590,.F.);
#4590 = EDGE_LOOP('',(#4591,#4614,#4635,#4636));
#4591 = ORIENTED_EDGE('',*,*,#4592,.T.);
#4592 = EDGE_CURVE('',#824,#4593,#4595,.T.);
#4593 = VERTEX_POINT('',#4594);
#4594 = CARTESIAN_POINT('',(191.,111.,5.));
#4595 = SURFACE_CURVE('',#4596,(#4600,#4607),.PCURVE_S1.);
#4596 = LINE('',#4597,#4598);
#4597 = CARTESIAN_POINT('',(191.,111.,0.));
#4598 = VECTOR('',#4599,1.);
#4599 = DIRECTION('',(0.,0.,1.));
#4600 = PCURVE('',#868,#4601);
#4601 = DEFINITIONAL_REPRESENTATION('',(#4602),#4606);
#4602 = LINE('',#4603,#4604);
#4603 = CARTESIAN_POINT('',(0.,0.));
#4604 = VECTOR('',#4605,1.);
#4605 = DIRECTION('',(0.,-1.));
#4606 = ( GEOMETRIC_REPRESENTATION_CONTEXT(2) 
PARAMETRIC_REPRESENTATION_CONTEXT() REPRESENTATION_CONTEXT('2D SPACE',''
  ) );
#4607 = PCURVE('',#840,#4608);
#4608 = DEFINITIONAL_REPRESENTATION('',(#4609),#4613);
#4609 = LINE('',#4610,#4611);
#4610 = CARTESIAN_POINT('',(-6.28318530718,0.));
#4611 = VECTOR('',#4612,1.);
#4612 = DIRECTION('',(-0.,-1.));
#4613 = ( GEOMETRIC_REPRESENTATION_CONTEXT(2) 
PARAMETRIC_REPRESENTATION_CONTEXT() REPRESENTATION_CONTEXT('2D SPACE',''
  ) );
#4614 = ORIENTED_EDGE('',*,*,#4615,.T.);
#4615 = EDGE_CURVE('',#4593,#4536,#4616,.T.);
#4616 = SURFACE_CURVE('',#4617,(#4621,#4628),.PCURVE_S1.);
#4617 = LINE('',#4618,#4619);
#4618 = CARTESIAN_POINT('',(191.,108.,5.));
#4619 = VECTOR('',#4620,1.);
#4620 = DIRECTION('',(0.,1.,0.));
#4621 = PCURVE('',#868,#4622);
#4622 = DEFINITIONAL_REPRESENTATION('',(#4623),#4627);
#4623 = LINE('',#4624,#4625);
#4624 = CARTESIAN_POINT('',(-3.,-5.));
#4625 = VECTOR('',#4626,1.);
#4626 = DIRECTION('',(1.,0.));
#4627 = ( GEOMETRIC_REPRESENTATION_CONTEXT(2) 
PARAMETRIC_REPRESENTATION_CONTEXT() REPRESENTATION_CONTEXT('2D SPACE',''
  ) );
#4628 = PCURVE('',#4217,#4629);
#4629 = DEFINITIONAL_REPRESENTATION('',(#4630),#4634);
#4630 = LINE('',#4631,#4632);
#4631 = CARTESIAN_POINT('',(15.,-10.));
#4632 = VECTOR('',#4633,1.);
#4633 = DIRECTION('',(0.,1.));
#4634 = ( GEOMETRIC_REPRESENTATION_CONTEXT(2) 
PARAMETRIC_REPRESENTATION_CONTEXT() REPRESENTATION_CONTEXT('2D SPACE',''
  ) );
#4635 = ORIENTED_EDGE('',*,*,#4535,.F.);
#4636 = ORIENTED_EDGE('',*,*,#852,.F.);
#4637 = ADVANCED_FACE('',(#4638),#840,.T.);
#4638 = FACE_BOUND('',#4639,.F.);
#4639 = EDGE_LOOP('',(#4640,#4663,#4685,#4686));
#4640 = ORIENTED_EDGE('',*,*,#4641,.T.);
#4641 = EDGE_CURVE('',#796,#4642,#4644,.T.);
#4642 = VERTEX_POINT('',#4643);
#4643 = CARTESIAN_POINT('',(188.,108.,5.));
#4644 = SURFACE_CURVE('',#4645,(#4649,#4656),.PCURVE_S1.);
#4645 = LINE('',#4646,#4647);
#4646 = CARTESIAN_POINT('',(188.,108.,0.));
#4647 = VECTOR('',#4648,1.);
#4648 = DIRECTION('',(0.,0.,1.));
#4649 = PCURVE('',#840,#4650);
#4650 = DEFINITIONAL_REPRESENTATION('',(#4651),#4655);
#4651 = LINE('',#4652,#4653);
#4652 = CARTESIAN_POINT('',(-4.712388980385,0.));
#4653 = VECTOR('',#4654,1.);
#4654 = DIRECTION('',(-0.,-1.));
#4655 = ( GEOMETRIC_REPRESENTATION_CONTEXT(2) 
PARAMETRIC_REPRESENTATION_CONTEXT() REPRESENTATION_CONTEXT('2D SPACE',''
  ) );
#4656 = PCURVE('',#811,#4657);
#4657 = DEFINITIONAL_REPRESENTATION('',(#4658),#4662);
#4658 = LINE('',#4659,#4660);
#4659 = CARTESIAN_POINT('',(24.,0.));
#4660 = VECTOR('',#4661,1.);
#4661 = DIRECTION('',(0.,-1.));
#4662 = ( GEOMETRIC_REPRESENTATION_CONTEXT(2) 
PARAMETRIC_REPRESENTATION_CONTEXT() REPRESENTATION_CONTEXT('2D SPACE',''
  ) );
#4663 = ORIENTED_EDGE('',*,*,#4664,.T.);
#4664 = EDGE_CURVE('',#4642,#4593,#4665,.T.);
#4665 = SURFACE_CURVE('',#4666,(#4671,#4678),.PCURVE_S1.);
#4666 = CIRCLE('',#4667,3.);
#4667 = AXIS2_PLACEMENT_3D('',#4668,#4669,#4670);
#4668 = CARTESIAN_POINT('',(188.,111.,5.));
#4669 = DIRECTION('',(0.,-0.,1.));
#4670 = DIRECTION('',(1.,0.,0.));
#4671 = PCURVE('',#840,#4672);
#4672 = DEFINITIONAL_REPRESENTATION('',(#4673),#4677);
#4673 = LINE('',#4674,#4675);
#4674 = CARTESIAN_POINT('',(-0.,-5.));
#4675 = VECTOR('',#4676,1.);
#4676 = DIRECTION('',(-1.,0.));
#4677 = ( GEOMETRIC_REPRESENTATION_CONTEXT(2) 
PARAMETRIC_REPRESENTATION_CONTEXT() REPRESENTATION_CONTEXT('2D SPACE',''
  ) );
#4678 = PCURVE('',#4217,#4679);
#4679 = DEFINITIONAL_REPRESENTATION('',(#4680),#4684);
#4680 = CIRCLE('',#4681,3.);
#4681 = AXIS2_PLACEMENT_2D('',#4682,#4683);
#4682 = CARTESIAN_POINT('',(12.,-7.));
#4683 = DIRECTION('',(1.,0.));
#4684 = ( GEOMETRIC_REPRESENTATION_CONTEXT(2) 
PARAMETRIC_REPRESENTATION_CONTEXT() REPRESENTATION_CONTEXT('2D SPACE',''
  ) );
#4685 = ORIENTED_EDGE('',*,*,#4592,.F.);
#4686 = ORIENTED_EDGE('',*,*,#823,.F.);
#4687 = ADVANCED_FACE('',(#4688),#811,.F.);
#4688 = FACE_BOUND('',#4689,.F.);
#4689 = EDGE_LOOP('',(#4690,#4691,#4712,#4713));
#4690 = ORIENTED_EDGE('',*,*,#4228,.T.);
#4691 = ORIENTED_EDGE('',*,*,#4692,.T.);
#4692 = EDGE_CURVE('',#4203,#4642,#4693,.T.);
#4693 = SURFACE_CURVE('',#4694,(#4698,#4705),.PCURVE_S1.);
#4694 = LINE('',#4695,#4696);
#4695 = CARTESIAN_POINT('',(161.,108.,5.));
#4696 = VECTOR('',#4697,1.);
#4697 = DIRECTION('',(1.,0.,0.));
#4698 = PCURVE('',#811,#4699);
#4699 = DEFINITIONAL_REPRESENTATION('',(#4700),#4704);
#4700 = LINE('',#4701,#4702);
#4701 = CARTESIAN_POINT('',(-3.,-5.));
#4702 = VECTOR('',#4703,1.);
#4703 = DIRECTION('',(1.,0.));
#4704 = ( GEOMETRIC_REPRESENTATION_CONTEXT(2) 
PARAMETRIC_REPRESENTATION_CONTEXT() REPRESENTATION_CONTEXT('2D SPACE',''
  ) );
#4705 = PCURVE('',#4217,#4706);
#4706 = DEFINITIONAL_REPRESENTATION('',(#4707),#4711);
#4707 = LINE('',#4708,#4709);
#4708 = CARTESIAN_POINT('',(-15.,-10.));
#4709 = VECTOR('',#4710,1.);
#4710 = DIRECTION('',(1.,0.));
#4711 = ( GEOMETRIC_REPRESENTATION_CONTEXT(2) 
PARAMETRIC_REPRESENTATION_CONTEXT() REPRESENTATION_CONTEXT('2D SPACE',''
  ) );
#4712 = ORIENTED_EDGE('',*,*,#4641,.F.);
#4713 = ORIENTED_EDGE('',*,*,#795,.F.);
#4714 = ADVANCED_FACE('',(#4715),#1312,.F.);
#4715 = FACE_BOUND('',#4716,.T.);
#4716 = EDGE_LOOP('',(#4717,#4718,#4739,#4740));
#4717 = ORIENTED_EDGE('',*,*,#1291,.T.);
#4718 = ORIENTED_EDGE('',*,*,#4719,.T.);
#4719 = EDGE_CURVE('',#1292,#1894,#4720,.T.);
#4720 = SEAM_CURVE('',#4721,(#4725,#4732),.PCURVE_S1.);
#4721 = LINE('',#4722,#4723);
#4722 = CARTESIAN_POINT('',(52.25,-6.,-1.));
#4723 = VECTOR('',#4724,1.);
#4724 = DIRECTION('',(0.,0.,1.));
#4725 = PCURVE('',#1312,#4726);
#4726 = DEFINITIONAL_REPRESENTATION('',(#4727),#4731);
#4727 = LINE('',#4728,#4729);
#4728 = CARTESIAN_POINT('',(-6.28318530718,0.));
#4729 = VECTOR('',#4730,1.);
#4730 = DIRECTION('',(-0.,-1.));
#4731 = ( GEOMETRIC_REPRESENTATION_CONTEXT(2) 
PARAMETRIC_REPRESENTATION_CONTEXT() REPRESENTATION_CONTEXT('2D SPACE',''
  ) );
#4732 = PCURVE('',#1312,#4733);
#4733 = DEFINITIONAL_REPRESENTATION('',(#4734),#4738);
#4734 = LINE('',#4735,#4736);
#4735 = CARTESIAN_POINT('',(-0.,0.));
#4736 = VECTOR('',#4737,1.);
#4737 = DIRECTION('',(-0.,-1.));
#4738 = ( GEOMETRIC_REPRESENTATION_CONTEXT(2) 
PARAMETRIC_REPRESENTATION_CONTEXT() REPRESENTATION_CONTEXT('2D SPACE',''
  ) );
#4739 = ORIENTED_EDGE('',*,*,#1893,.F.);
#4740 = ORIENTED_EDGE('',*,*,#4719,.F.);
#4741 = ADVANCED_FACE('',(#4742),#1347,.F.);
#4742 = FACE_BOUND('',#4743,.T.);
#4743 = EDGE_LOOP('',(#4744,#4745,#4766,#4767));
#4744 = ORIENTED_EDGE('',*,*,#1326,.T.);
#4745 = ORIENTED_EDGE('',*,*,#4746,.T.);
#4746 = EDGE_CURVE('',#1327,#2097,#4747,.T.);
#4747 = SEAM_CURVE('',#4748,(#4752,#4759),.PCURVE_S1.);
#4748 = LINE('',#4749,#4750);
#4749 = CARTESIAN_POINT('',(116.25,-6.,-1.));
#4750 = VECTOR('',#4751,1.);
#4751 = DIRECTION('',(0.,0.,1.));
#4752 = PCURVE('',#1347,#4753);
#4753 = DEFINITIONAL_REPRESENTATION('',(#4754),#4758);
#4754 = LINE('',#4755,#4756);
#4755 = CARTESIAN_POINT('',(-6.28318530718,0.));
#4756 = VECTOR('',#4757,1.);
#4757 = DIRECTION('',(-0.,-1.));
#4758 = ( GEOMETRIC_REPRESENTATION_CONTEXT(2) 
PARAMETRIC_REPRESENTATION_CONTEXT() REPRESENTATION_CONTEXT('2D SPACE',''
  ) );
#4759 = PCURVE('',#1347,#4760);
#4760 = DEFINITIONAL_REPRESENTATION('',(#4761),#4765);
#4761 = LINE('',#4762,#4763);
#4762 = CARTESIAN_POINT('',(-0.,0.));
#4763 = VECTOR('',#4764,1.);
#4764 = DIRECTION('',(-0.,-1.));
#4765 = ( GEOMETRIC_REPRESENTATION_CONTEXT(2) 
PARAMETRIC_REPRESENTATION_CONTEXT() REPRESENTATION_CONTEXT('2D SPACE',''
  ) );
#4766 = ORIENTED_EDGE('',*,*,#2096,.F.);
#4767 = ORIENTED_EDGE('',*,*,#4746,.F.);
#4768 = ADVANCED_FACE('',(#4769),#1382,.F.);
#4769 = FACE_BOUND('',#4770,.T.);
#4770 = EDGE_LOOP('',(#4771,#4772,#4795,#4821));
#4771 = ORIENTED_EDGE('',*,*,#1361,.T.);
#4772 = ORIENTED_EDGE('',*,*,#4773,.T.);
#4773 = EDGE_CURVE('',#1362,#4774,#4776,.T.);
#4774 = VERTEX_POINT('',#4775);
#4775 = CARTESIAN_POINT('',(52.25,158.,5.));
#4776 = SEAM_CURVE('',#4777,(#4781,#4788),.PCURVE_S1.);
#4777 = LINE('',#4778,#4779);
#4778 = CARTESIAN_POINT('',(52.25,158.,-1.));
#4779 = VECTOR('',#4780,1.);
#4780 = DIRECTION('',(0.,0.,1.));
#4781 = PCURVE('',#1382,#4782);
#4782 = DEFINITIONAL_REPRESENTATION('',(#4783),#4787);
#4783 = LINE('',#4784,#4785);
#4784 = CARTESIAN_POINT('',(-6.28318530718,0.));
#4785 = VECTOR('',#4786,1.);
#4786 = DIRECTION('',(-0.,-1.));
#4787 = ( GEOMETRIC_REPRESENTATION_CONTEXT(2) 
PARAMETRIC_REPRESENTATION_CONTEXT() REPRESENTATION_CONTEXT('2D SPACE',''
  ) );
#4788 = PCURVE('',#1382,#4789);
#4789 = DEFINITIONAL_REPRESENTATION('',(#4790),#4794);
#4790 = LINE('',#4791,#4792);
#4791 = CARTESIAN_POINT('',(-0.,0.));
#4792 = VECTOR('',#4793,1.);
#4793 = DIRECTION('',(-0.,-1.));
#4794 = ( GEOMETRIC_REPRESENTATION_CONTEXT(2) 
PARAMETRIC_REPRESENTATION_CONTEXT() REPRESENTATION_CONTEXT('2D SPACE',''
  ) );
#4795 = ORIENTED_EDGE('',*,*,#4796,.F.);
#4796 = EDGE_CURVE('',#4774,#4774,#4797,.T.);
#4797 = SURFACE_CURVE('',#4798,(#4803,#4810),.PCURVE_S1.);
#4798 = CIRCLE('',#4799,2.25);
#4799 = AXIS2_PLACEMENT_3D('',#4800,#4801,#4802);
#4800 = CARTESIAN_POINT('',(50.,158.,5.));
#4801 = DIRECTION('',(0.,0.,-1.));
#4802 = DIRECTION('',(1.,0.,0.));
#4803 = PCURVE('',#1382,#4804);
#4804 = DEFINITIONAL_REPRESENTATION('',(#4805),#4809);
#4805 = LINE('',#4806,#4807);
#4806 = CARTESIAN_POINT('',(-6.28318530718,-6.));
#4807 = VECTOR('',#4808,1.);
#4808 = DIRECTION('',(1.,-0.));
#4809 = ( GEOMETRIC_REPRESENTATION_CONTEXT(2) 
PARAMETRIC_REPRESENTATION_CONTEXT() REPRESENTATION_CONTEXT('2D SPACE',''
  ) );
#4810 = PCURVE('',#3107,#4811);
#4811 = DEFINITIONAL_REPRESENTATION('',(#4812),#4820);
#4812 = ( BOUNDED_CURVE() B_SPLINE_CURVE(2,(#4813,#4814,#4815,#4816,
#4817,#4818,#4819),.UNSPECIFIED.,.T.,.F.) B_SPLINE_CURVE_WITH_KNOTS((1,2
    ,2,2,2,1),(-2.094395102393,0.,2.094395102393,4.188790204786,
6.28318530718,8.377580409573),.UNSPECIFIED.) CURVE() 
GEOMETRIC_REPRESENTATION_ITEM() RATIONAL_B_SPLINE_CURVE((1.,0.5,1.,0.5,
1.,0.5,1.)) REPRESENTATION_ITEM('') );
#4813 = CARTESIAN_POINT('',(2.25,2.));
#4814 = CARTESIAN_POINT('',(2.25,-1.89711431703));
#4815 = CARTESIAN_POINT('',(-1.125,5.144284148496E-02));
#4816 = CARTESIAN_POINT('',(-4.5,2.));
#4817 = CARTESIAN_POINT('',(-1.125,3.948557158515));
#4818 = CARTESIAN_POINT('',(2.25,5.89711431703));
#4819 = CARTESIAN_POINT('',(2.25,2.));
#4820 = ( GEOMETRIC_REPRESENTATION_CONTEXT(2) 
PARAMETRIC_REPRESENTATION_CONTEXT() REPRESENTATION_CONTEXT('2D SPACE',''
  ) );
#4821 = ORIENTED_EDGE('',*,*,#4773,.F.);
#4822 = ADVANCED_FACE('',(#4823),#1417,.F.);
#4823 = FACE_BOUND('',#4824,.T.);
#4824 = EDGE_LOOP('',(#4825,#4826,#4849,#4875));
#4825 = ORIENTED_EDGE('',*,*,#1396,.T.);
#4826 = ORIENTED_EDGE('',*,*,#4827,.T.);
#4827 = EDGE_CURVE('',#1397,#4828,#4830,.T.);
#4828 = VERTEX_POINT('',#4829);
#4829 = CARTESIAN_POINT('',(116.25,158.,5.));
#4830 = SEAM_CURVE('',#4831,(#4835,#4842),.PCURVE_S1.);
#4831 = LINE('',#4832,#4833);
#4832 = CARTESIAN_POINT('',(116.25,158.,-1.));
#4833 = VECTOR('',#4834,1.);
#4834 = DIRECTION('',(0.,0.,1.));
#4835 = PCURVE('',#1417,#4836);
#4836 = DEFINITIONAL_REPRESENTATION('',(#4837),#4841);
#4837 = LINE('',#4838,#4839);
#4838 = CARTESIAN_POINT('',(-6.28318530718,0.));
#4839 = VECTOR('',#4840,1.);
#4840 = DIRECTION('',(-0.,-1.));
#4841 = ( GEOMETRIC_REPRESENTATION_CONTEXT(2) 
PARAMETRIC_REPRESENTATION_CONTEXT() REPRESENTATION_CONTEXT('2D SPACE',''
  ) );
#4842 = PCURVE('',#1417,#4843);
#4843 = DEFINITIONAL_REPRESENTATION('',(#4844),#4848);
#4844 = LINE('',#4845,#4846);
#4845 = CARTESIAN_POINT('',(-0.,0.));
#4846 = VECTOR('',#4847,1.);
#4847 = DIRECTION('',(-0.,-1.));
#4848 = ( GEOMETRIC_REPRESENTATION_CONTEXT(2) 
PARAMETRIC_REPRESENTATION_CONTEXT() REPRESENTATION_CONTEXT('2D SPACE',''
  ) );
#4849 = ORIENTED_EDGE('',*,*,#4850,.F.);
#4850 = EDGE_CURVE('',#4828,#4828,#4851,.T.);
#4851 = SURFACE_CURVE('',#4852,(#4857,#4864),.PCURVE_S1.);
#4852 = CIRCLE('',#4853,2.25);
#4853 = AXIS2_PLACEMENT_3D('',#4854,#4855,#4856);
#4854 = CARTESIAN_POINT('',(114.,158.,5.));
#4855 = DIRECTION('',(0.,0.,-1.));
#4856 = DIRECTION('',(1.,0.,0.));
#4857 = PCURVE('',#1417,#4858);
#4858 = DEFINITIONAL_REPRESENTATION('',(#4859),#4863);
#4859 = LINE('',#4860,#4861);
#4860 = CARTESIAN_POINT('',(-6.28318530718,-6.));
#4861 = VECTOR('',#4862,1.);
#4862 = DIRECTION('',(1.,-0.));
#4863 = ( GEOMETRIC_REPRESENTATION_CONTEXT(2) 
PARAMETRIC_REPRESENTATION_CONTEXT() REPRESENTATION_CONTEXT('2D SPACE',''
  ) );
#4864 = PCURVE('',#3314,#4865);
#4865 = DEFINITIONAL_REPRESENTATION('',(#4866),#4874);
#4866 = ( BOUNDED_CURVE() B_SPLINE_CURVE(2,(#4867,#4868,#4869,#4870,
#4871,#4872,#4873),.UNSPECIFIED.,.T.,.F.) B_SPLINE_CURVE_WITH_KNOTS((1,2
    ,2,2,2,1),(-2.094395102393,0.,2.094395102393,4.188790204786,
6.28318530718,8.377580409573),.UNSPECIFIED.) CURVE() 
GEOMETRIC_REPRESENTATION_ITEM() RATIONAL_B_SPLINE_CURVE((1.,0.5,1.,0.5,
1.,0.5,1.)) REPRESENTATION_ITEM('') );
#4867 = CARTESIAN_POINT('',(2.25,2.));
#4868 = CARTESIAN_POINT('',(2.25,-1.89711431703));
#4869 = CARTESIAN_POINT('',(-1.125,5.144284148496E-02));
#4870 = CARTESIAN_POINT('',(-4.5,2.));
#4871 = CARTESIAN_POINT('',(-1.125,3.948557158515));
#4872 = CARTESIAN_POINT('',(2.25,5.89711431703));
#4873 = CARTESIAN_POINT('',(2.25,2.));
#4874 = ( GEOMETRIC_REPRESENTATION_CONTEXT(2) 
PARAMETRIC_REPRESENTATION_CONTEXT() REPRESENTATION_CONTEXT('2D SPACE',''
  ) );
#4875 = ORIENTED_EDGE('',*,*,#4827,.F.);
#4876 = ADVANCED_FACE('',(#4877),#1448,.T.);
#4877 = FACE_BOUND('',#4878,.T.);
#4878 = EDGE_LOOP('',(#4879,#4880,#4903,#4931));
#4879 = ORIENTED_EDGE('',*,*,#1431,.T.);
#4880 = ORIENTED_EDGE('',*,*,#4881,.T.);
#4881 = EDGE_CURVE('',#1434,#4882,#4884,.T.);
#4882 = VERTEX_POINT('',#4883);
#4883 = CARTESIAN_POINT('',(172.67431578065,120.9,2.8));
#4884 = SURFACE_CURVE('',#4885,(#4889,#4896),.PCURVE_S1.);
#4885 = LINE('',#4886,#4887);
#4886 = CARTESIAN_POINT('',(172.67431578065,120.9,-0.1));
#4887 = VECTOR('',#4888,1.);
#4888 = DIRECTION('',(0.,0.,1.));
#4889 = PCURVE('',#1448,#4890);
#4890 = DEFINITIONAL_REPRESENTATION('',(#4891),#4895);
#4891 = LINE('',#4892,#4893);
#4892 = CARTESIAN_POINT('',(0.,0.));
#4893 = VECTOR('',#4894,1.);
#4894 = DIRECTION('',(0.,-1.));
#4895 = ( GEOMETRIC_REPRESENTATION_CONTEXT(2) 
PARAMETRIC_REPRESENTATION_CONTEXT() REPRESENTATION_CONTEXT('2D SPACE',''
  ) );
#4896 = PCURVE('',#1474,#4897);
#4897 = DEFINITIONAL_REPRESENTATION('',(#4898),#4902);
#4898 = LINE('',#4899,#4900);
#4899 = CARTESIAN_POINT('',(3.3486315613,0.));
#4900 = VECTOR('',#4901,1.);
#4901 = DIRECTION('',(0.,-1.));
#4902 = ( GEOMETRIC_REPRESENTATION_CONTEXT(2) 
PARAMETRIC_REPRESENTATION_CONTEXT() REPRESENTATION_CONTEXT('2D SPACE',''
  ) );
#4903 = ORIENTED_EDGE('',*,*,#4904,.T.);
#4904 = EDGE_CURVE('',#4882,#4905,#4907,.T.);
#4905 = VERTEX_POINT('',#4906);
#4906 = CARTESIAN_POINT('',(169.32568421935,120.9,2.8));
#4907 = SURFACE_CURVE('',#4908,(#4912,#4919),.PCURVE_S1.);
#4908 = LINE('',#4909,#4910);
#4909 = CARTESIAN_POINT('',(172.67431578065,120.9,2.8));
#4910 = VECTOR('',#4911,1.);
#4911 = DIRECTION('',(-1.,1.326181163023E-16,0.));
#4912 = PCURVE('',#1448,#4913);
#4913 = DEFINITIONAL_REPRESENTATION('',(#4914),#4918);
#4914 = LINE('',#4915,#4916);
#4915 = CARTESIAN_POINT('',(0.,-2.9));
#4916 = VECTOR('',#4917,1.);
#4917 = DIRECTION('',(1.,0.));
#4918 = ( GEOMETRIC_REPRESENTATION_CONTEXT(2) 
PARAMETRIC_REPRESENTATION_CONTEXT() REPRESENTATION_CONTEXT('2D SPACE',''
  ) );
#4919 = PCURVE('',#4920,#4925);
#4920 = PLANE('',#4921);
#4921 = AXIS2_PLACEMENT_3D('',#4922,#4923,#4924);
#4922 = CARTESIAN_POINT('',(171.,118.,2.8));
#4923 = DIRECTION('',(0.,0.,1.));
#4924 = DIRECTION('',(1.,0.,-0.));
#4925 = DEFINITIONAL_REPRESENTATION('',(#4926),#4930);
#4926 = LINE('',#4927,#4928);
#4927 = CARTESIAN_POINT('',(1.67431578065,2.9));
#4928 = VECTOR('',#4929,1.);
#4929 = DIRECTION('',(-1.,1.326181163023E-16));
#4930 = ( GEOMETRIC_REPRESENTATION_CONTEXT(2) 
PARAMETRIC_REPRESENTATION_CONTEXT() REPRESENTATION_CONTEXT('2D SPACE',''
  ) );
#4931 = ORIENTED_EDGE('',*,*,#4932,.F.);
#4932 = EDGE_CURVE('',#1432,#4905,#4933,.T.);
#4933 = SURFACE_CURVE('',#4934,(#4938,#4945),.PCURVE_S1.);
#4934 = LINE('',#4935,#4936);
#4935 = CARTESIAN_POINT('',(169.32568421935,120.9,-0.1));
#4936 = VECTOR('',#4937,1.);
#4937 = DIRECTION('',(0.,0.,1.));
#4938 = PCURVE('',#1448,#4939);
#4939 = DEFINITIONAL_REPRESENTATION('',(#4940),#4944);
#4940 = LINE('',#4941,#4942);
#4941 = CARTESIAN_POINT('',(3.3486315613,0.));
#4942 = VECTOR('',#4943,1.);
#4943 = DIRECTION('',(0.,-1.));
#4944 = ( GEOMETRIC_REPRESENTATION_CONTEXT(2) 
PARAMETRIC_REPRESENTATION_CONTEXT() REPRESENTATION_CONTEXT('2D SPACE',''
  ) );
#4945 = PCURVE('',#1576,#4946);
#4946 = DEFINITIONAL_REPRESENTATION('',(#4947),#4951);
#4947 = LINE('',#4948,#4949);
#4948 = CARTESIAN_POINT('',(0.,0.));
#4949 = VECTOR('',#4950,1.);
#4950 = DIRECTION('',(0.,-1.));
#4951 = ( GEOMETRIC_REPRESENTATION_CONTEXT(2) 
PARAMETRIC_REPRESENTATION_CONTEXT() REPRESENTATION_CONTEXT('2D SPACE',''
  ) );
#4952 = ADVANCED_FACE('',(#4953),#1576,.T.);
#4953 = FACE_BOUND('',#4954,.T.);
#4954 = EDGE_LOOP('',(#4955,#4956,#4957,#4980));
#4955 = ORIENTED_EDGE('',*,*,#1563,.T.);
#4956 = ORIENTED_EDGE('',*,*,#4932,.T.);
#4957 = ORIENTED_EDGE('',*,*,#4958,.T.);
#4958 = EDGE_CURVE('',#4905,#4959,#4961,.T.);
#4959 = VERTEX_POINT('',#4960);
#4960 = CARTESIAN_POINT('',(167.6513684387,118.,2.8));
#4961 = SURFACE_CURVE('',#4962,(#4966,#4973),.PCURVE_S1.);
#4962 = LINE('',#4963,#4964);
#4963 = CARTESIAN_POINT('',(169.32568421935,120.9,2.8));
#4964 = VECTOR('',#4965,1.);
#4965 = DIRECTION('',(-0.5,-0.866025403784,0.));
#4966 = PCURVE('',#1576,#4967);
#4967 = DEFINITIONAL_REPRESENTATION('',(#4968),#4972);
#4968 = LINE('',#4969,#4970);
#4969 = CARTESIAN_POINT('',(0.,-2.9));
#4970 = VECTOR('',#4971,1.);
#4971 = DIRECTION('',(1.,0.));
#4972 = ( GEOMETRIC_REPRESENTATION_CONTEXT(2) 
PARAMETRIC_REPRESENTATION_CONTEXT() REPRESENTATION_CONTEXT('2D SPACE',''
  ) );
#4973 = PCURVE('',#4920,#4974);
#4974 = DEFINITIONAL_REPRESENTATION('',(#4975),#4979);
#4975 = LINE('',#4976,#4977);
#4976 = CARTESIAN_POINT('',(-1.67431578065,2.9));
#4977 = VECTOR('',#4978,1.);
#4978 = DIRECTION('',(-0.5,-0.866025403784));
#4979 = ( GEOMETRIC_REPRESENTATION_CONTEXT(2) 
PARAMETRIC_REPRESENTATION_CONTEXT() REPRESENTATION_CONTEXT('2D SPACE',''
  ) );
#4980 = ORIENTED_EDGE('',*,*,#4981,.F.);
#4981 = EDGE_CURVE('',#1538,#4959,#4982,.T.);
#4982 = SURFACE_CURVE('',#4983,(#4987,#4994),.PCURVE_S1.);
#4983 = LINE('',#4984,#4985);
#4984 = CARTESIAN_POINT('',(167.6513684387,118.,-0.1));
#4985 = VECTOR('',#4986,1.);
#4986 = DIRECTION('',(0.,0.,1.));
#4987 = PCURVE('',#1576,#4988);
#4988 = DEFINITIONAL_REPRESENTATION('',(#4989),#4993);
#4989 = LINE('',#4990,#4991);
#4990 = CARTESIAN_POINT('',(3.3486315613,0.));
#4991 = VECTOR('',#4992,1.);
#4992 = DIRECTION('',(0.,-1.));
#4993 = ( GEOMETRIC_REPRESENTATION_CONTEXT(2) 
PARAMETRIC_REPRESENTATION_CONTEXT() REPRESENTATION_CONTEXT('2D SPACE',''
  ) );
#4994 = PCURVE('',#1552,#4995);
#4995 = DEFINITIONAL_REPRESENTATION('',(#4996),#5000);
#4996 = LINE('',#4997,#4998);
#4997 = CARTESIAN_POINT('',(0.,0.));
#4998 = VECTOR('',#4999,1.);
#4999 = DIRECTION('',(0.,-1.));
#5000 = ( GEOMETRIC_REPRESENTATION_CONTEXT(2) 
PARAMETRIC_REPRESENTATION_CONTEXT() REPRESENTATION_CONTEXT('2D SPACE',''
  ) );
#5001 = ADVANCED_FACE('',(#5002),#1474,.T.);
#5002 = FACE_BOUND('',#5003,.T.);
#5003 = EDGE_LOOP('',(#5004,#5005,#5028,#5049));
#5004 = ORIENTED_EDGE('',*,*,#1459,.T.);
#5005 = ORIENTED_EDGE('',*,*,#5006,.T.);
#5006 = EDGE_CURVE('',#1460,#5007,#5009,.T.);
#5007 = VERTEX_POINT('',#5008);
#5008 = CARTESIAN_POINT('',(174.3486315613,118.,2.8));
#5009 = SURFACE_CURVE('',#5010,(#5014,#5021),.PCURVE_S1.);
#5010 = LINE('',#5011,#5012);
#5011 = CARTESIAN_POINT('',(174.3486315613,118.,-0.1));
#5012 = VECTOR('',#5013,1.);
#5013 = DIRECTION('',(0.,0.,1.));
#5014 = PCURVE('',#1474,#5015);
#5015 = DEFINITIONAL_REPRESENTATION('',(#5016),#5020);
#5016 = LINE('',#5017,#5018);
#5017 = CARTESIAN_POINT('',(0.,0.));
#5018 = VECTOR('',#5019,1.);
#5019 = DIRECTION('',(0.,-1.));
#5020 = ( GEOMETRIC_REPRESENTATION_CONTEXT(2) 
PARAMETRIC_REPRESENTATION_CONTEXT() REPRESENTATION_CONTEXT('2D SPACE',''
  ) );
#5021 = PCURVE('',#1500,#5022);
#5022 = DEFINITIONAL_REPRESENTATION('',(#5023),#5027);
#5023 = LINE('',#5024,#5025);
#5024 = CARTESIAN_POINT('',(3.3486315613,0.));
#5025 = VECTOR('',#5026,1.);
#5026 = DIRECTION('',(0.,-1.));
#5027 = ( GEOMETRIC_REPRESENTATION_CONTEXT(2) 
PARAMETRIC_REPRESENTATION_CONTEXT() REPRESENTATION_CONTEXT('2D SPACE',''
  ) );
#5028 = ORIENTED_EDGE('',*,*,#5029,.T.);
#5029 = EDGE_CURVE('',#5007,#4882,#5030,.T.);
#5030 = SURFACE_CURVE('',#5031,(#5035,#5042),.PCURVE_S1.);
#5031 = LINE('',#5032,#5033);
#5032 = CARTESIAN_POINT('',(174.3486315613,118.,2.8));
#5033 = VECTOR('',#5034,1.);
#5034 = DIRECTION('',(-0.5,0.866025403784,0.));
#5035 = PCURVE('',#1474,#5036);
#5036 = DEFINITIONAL_REPRESENTATION('',(#5037),#5041);
#5037 = LINE('',#5038,#5039);
#5038 = CARTESIAN_POINT('',(0.,-2.9));
#5039 = VECTOR('',#5040,1.);
#5040 = DIRECTION('',(1.,0.));
#5041 = ( GEOMETRIC_REPRESENTATION_CONTEXT(2) 
PARAMETRIC_REPRESENTATION_CONTEXT() REPRESENTATION_CONTEXT('2D SPACE',''
  ) );
#5042 = PCURVE('',#4920,#5043);
#5043 = DEFINITIONAL_REPRESENTATION('',(#5044),#5048);
#5044 = LINE('',#5045,#5046);
#5045 = CARTESIAN_POINT('',(3.3486315613,0.));
#5046 = VECTOR('',#5047,1.);
#5047 = DIRECTION('',(-0.5,0.866025403784));
#5048 = ( GEOMETRIC_REPRESENTATION_CONTEXT(2) 
PARAMETRIC_REPRESENTATION_CONTEXT() REPRESENTATION_CONTEXT('2D SPACE',''
  ) );
#5049 = ORIENTED_EDGE('',*,*,#4881,.F.);
#5050 = ADVANCED_FACE('',(#5051),#1552,.T.);
#5051 = FACE_BOUND('',#5052,.T.);
#5052 = EDGE_LOOP('',(#5053,#5054,#5055,#5078));
#5053 = ORIENTED_EDGE('',*,*,#1537,.T.);
#5054 = ORIENTED_EDGE('',*,*,#4981,.T.);
#5055 = ORIENTED_EDGE('',*,*,#5056,.T.);
#5056 = EDGE_CURVE('',#4959,#5057,#5059,.T.);
#5057 = VERTEX_POINT('',#5058);
#5058 = CARTESIAN_POINT('',(169.32568421935,115.1,2.8));
#5059 = SURFACE_CURVE('',#5060,(#5064,#5071),.PCURVE_S1.);
#5060 = LINE('',#5061,#5062);
#5061 = CARTESIAN_POINT('',(167.6513684387,118.,2.8));
#5062 = VECTOR('',#5063,1.);
#5063 = DIRECTION('',(0.5,-0.866025403784,0.));
#5064 = PCURVE('',#1552,#5065);
#5065 = DEFINITIONAL_REPRESENTATION('',(#5066),#5070);
#5066 = LINE('',#5067,#5068);
#5067 = CARTESIAN_POINT('',(0.,-2.9));
#5068 = VECTOR('',#5069,1.);
#5069 = DIRECTION('',(1.,0.));
#5070 = ( GEOMETRIC_REPRESENTATION_CONTEXT(2) 
PARAMETRIC_REPRESENTATION_CONTEXT() REPRESENTATION_CONTEXT('2D SPACE',''
  ) );
#5071 = PCURVE('',#4920,#5072);
#5072 = DEFINITIONAL_REPRESENTATION('',(#5073),#5077);
#5073 = LINE('',#5074,#5075);
#5074 = CARTESIAN_POINT('',(-3.3486315613,0.));
#5075 = VECTOR('',#5076,1.);
#5076 = DIRECTION('',(0.5,-0.866025403784));
#5077 = ( GEOMETRIC_REPRESENTATION_CONTEXT(2) 
PARAMETRIC_REPRESENTATION_CONTEXT() REPRESENTATION_CONTEXT('2D SPACE',''
  ) );
#5078 = ORIENTED_EDGE('',*,*,#5079,.F.);
#5079 = EDGE_CURVE('',#1512,#5057,#5080,.T.);
#5080 = SURFACE_CURVE('',#5081,(#5085,#5092),.PCURVE_S1.);
#5081 = LINE('',#5082,#5083);
#5082 = CARTESIAN_POINT('',(169.32568421935,115.1,-0.1));
#5083 = VECTOR('',#5084,1.);
#5084 = DIRECTION('',(0.,0.,1.));
#5085 = PCURVE('',#1552,#5086);
#5086 = DEFINITIONAL_REPRESENTATION('',(#5087),#5091);
#5087 = LINE('',#5088,#5089);
#5088 = CARTESIAN_POINT('',(3.3486315613,0.));
#5089 = VECTOR('',#5090,1.);
#5090 = DIRECTION('',(0.,-1.));
#5091 = ( GEOMETRIC_REPRESENTATION_CONTEXT(2) 
PARAMETRIC_REPRESENTATION_CONTEXT() REPRESENTATION_CONTEXT('2D SPACE',''
  ) );
#5092 = PCURVE('',#1526,#5093);
#5093 = DEFINITIONAL_REPRESENTATION('',(#5094),#5098);
#5094 = LINE('',#5095,#5096);
#5095 = CARTESIAN_POINT('',(0.,0.));
#5096 = VECTOR('',#5097,1.);
#5097 = DIRECTION('',(0.,-1.));
#5098 = ( GEOMETRIC_REPRESENTATION_CONTEXT(2) 
PARAMETRIC_REPRESENTATION_CONTEXT() REPRESENTATION_CONTEXT('2D SPACE',''
  ) );
#5099 = ADVANCED_FACE('',(#5100),#1500,.T.);
#5100 = FACE_BOUND('',#5101,.T.);
#5101 = EDGE_LOOP('',(#5102,#5103,#5126,#5147));
#5102 = ORIENTED_EDGE('',*,*,#1485,.T.);
#5103 = ORIENTED_EDGE('',*,*,#5104,.T.);
#5104 = EDGE_CURVE('',#1486,#5105,#5107,.T.);
#5105 = VERTEX_POINT('',#5106);
#5106 = CARTESIAN_POINT('',(172.67431578065,115.1,2.8));
#5107 = SURFACE_CURVE('',#5108,(#5112,#5119),.PCURVE_S1.);
#5108 = LINE('',#5109,#5110);
#5109 = CARTESIAN_POINT('',(172.67431578065,115.1,-0.1));
#5110 = VECTOR('',#5111,1.);
#5111 = DIRECTION('',(0.,0.,1.));
#5112 = PCURVE('',#1500,#5113);
#5113 = DEFINITIONAL_REPRESENTATION('',(#5114),#5118);
#5114 = LINE('',#5115,#5116);
#5115 = CARTESIAN_POINT('',(0.,0.));
#5116 = VECTOR('',#5117,1.);
#5117 = DIRECTION('',(0.,-1.));
#5118 = ( GEOMETRIC_REPRESENTATION_CONTEXT(2) 
PARAMETRIC_REPRESENTATION_CONTEXT() REPRESENTATION_CONTEXT('2D SPACE',''
  ) );
#5119 = PCURVE('',#1526,#5120);
#5120 = DEFINITIONAL_REPRESENTATION('',(#5121),#5125);
#5121 = LINE('',#5122,#5123);
#5122 = CARTESIAN_POINT('',(3.3486315613,0.));
#5123 = VECTOR('',#5124,1.);
#5124 = DIRECTION('',(0.,-1.));
#5125 = ( GEOMETRIC_REPRESENTATION_CONTEXT(2) 
PARAMETRIC_REPRESENTATION_CONTEXT() REPRESENTATION_CONTEXT('2D SPACE',''
  ) );
#5126 = ORIENTED_EDGE('',*,*,#5127,.T.);
#5127 = EDGE_CURVE('',#5105,#5007,#5128,.T.);
#5128 = SURFACE_CURVE('',#5129,(#5133,#5140),.PCURVE_S1.);
#5129 = LINE('',#5130,#5131);
#5130 = CARTESIAN_POINT('',(172.67431578065,115.1,2.8));
#5131 = VECTOR('',#5132,1.);
#5132 = DIRECTION('',(0.5,0.866025403784,0.));
#5133 = PCURVE('',#1500,#5134);
#5134 = DEFINITIONAL_REPRESENTATION('',(#5135),#5139);
#5135 = LINE('',#5136,#5137);
#5136 = CARTESIAN_POINT('',(0.,-2.9));
#5137 = VECTOR('',#5138,1.);
#5138 = DIRECTION('',(1.,0.));
#5139 = ( GEOMETRIC_REPRESENTATION_CONTEXT(2) 
PARAMETRIC_REPRESENTATION_CONTEXT() REPRESENTATION_CONTEXT('2D SPACE',''
  ) );
#5140 = PCURVE('',#4920,#5141);
#5141 = DEFINITIONAL_REPRESENTATION('',(#5142),#5146);
#5142 = LINE('',#5143,#5144);
#5143 = CARTESIAN_POINT('',(1.67431578065,-2.9));
#5144 = VECTOR('',#5145,1.);
#5145 = DIRECTION('',(0.5,0.866025403784));
#5146 = ( GEOMETRIC_REPRESENTATION_CONTEXT(2) 
PARAMETRIC_REPRESENTATION_CONTEXT() REPRESENTATION_CONTEXT('2D SPACE',''
  ) );
#5147 = ORIENTED_EDGE('',*,*,#5006,.F.);
#5148 = ADVANCED_FACE('',(#5149),#1526,.T.);
#5149 = FACE_BOUND('',#5150,.T.);
#5150 = EDGE_LOOP('',(#5151,#5152,#5153,#5174));
#5151 = ORIENTED_EDGE('',*,*,#1511,.T.);
#5152 = ORIENTED_EDGE('',*,*,#5079,.T.);
#5153 = ORIENTED_EDGE('',*,*,#5154,.T.);
#5154 = EDGE_CURVE('',#5057,#5105,#5155,.T.);
#5155 = SURFACE_CURVE('',#5156,(#5160,#5167),.PCURVE_S1.);
#5156 = LINE('',#5157,#5158);
#5157 = CARTESIAN_POINT('',(169.32568421935,115.1,2.8));
#5158 = VECTOR('',#5159,1.);
#5159 = DIRECTION('',(1.,-6.630905815116E-16,0.));
#5160 = PCURVE('',#1526,#5161);
#5161 = DEFINITIONAL_REPRESENTATION('',(#5162),#5166);
#5162 = LINE('',#5163,#5164);
#5163 = CARTESIAN_POINT('',(0.,-2.9));
#5164 = VECTOR('',#5165,1.);
#5165 = DIRECTION('',(1.,0.));
#5166 = ( GEOMETRIC_REPRESENTATION_CONTEXT(2) 
PARAMETRIC_REPRESENTATION_CONTEXT() REPRESENTATION_CONTEXT('2D SPACE',''
  ) );
#5167 = PCURVE('',#4920,#5168);
#5168 = DEFINITIONAL_REPRESENTATION('',(#5169),#5173);
#5169 = LINE('',#5170,#5171);
#5170 = CARTESIAN_POINT('',(-1.67431578065,-2.9));
#5171 = VECTOR('',#5172,1.);
#5172 = DIRECTION('',(1.,-6.630905815116E-16));
#5173 = ( GEOMETRIC_REPRESENTATION_CONTEXT(2) 
PARAMETRIC_REPRESENTATION_CONTEXT() REPRESENTATION_CONTEXT('2D SPACE',''
  ) );
#5174 = ORIENTED_EDGE('',*,*,#5104,.F.);
#5175 = ADVANCED_FACE('',(#5176),#1606,.T.);
#5176 = FACE_BOUND('',#5177,.T.);
#5177 = EDGE_LOOP('',(#5178,#5179,#5202,#5230));
#5178 = ORIENTED_EDGE('',*,*,#1589,.T.);
#5179 = ORIENTED_EDGE('',*,*,#5180,.T.);
#5180 = EDGE_CURVE('',#1592,#5181,#5183,.T.);
#5181 = VERTEX_POINT('',#5182);
#5182 = CARTESIAN_POINT('',(184.67431578065,120.9,2.8));
#5183 = SURFACE_CURVE('',#5184,(#5188,#5195),.PCURVE_S1.);
#5184 = LINE('',#5185,#5186);
#5185 = CARTESIAN_POINT('',(184.67431578065,120.9,-0.1));
#5186 = VECTOR('',#5187,1.);
#5187 = DIRECTION('',(0.,0.,1.));
#5188 = PCURVE('',#1606,#5189);
#5189 = DEFINITIONAL_REPRESENTATION('',(#5190),#5194);
#5190 = LINE('',#5191,#5192);
#5191 = CARTESIAN_POINT('',(0.,0.));
#5192 = VECTOR('',#5193,1.);
#5193 = DIRECTION('',(0.,-1.));
#5194 = ( GEOMETRIC_REPRESENTATION_CONTEXT(2) 
PARAMETRIC_REPRESENTATION_CONTEXT() REPRESENTATION_CONTEXT('2D SPACE',''
  ) );
#5195 = PCURVE('',#1632,#5196);
#5196 = DEFINITIONAL_REPRESENTATION('',(#5197),#5201);
#5197 = LINE('',#5198,#5199);
#5198 = CARTESIAN_POINT('',(3.3486315613,0.));
#5199 = VECTOR('',#5200,1.);
#5200 = DIRECTION('',(0.,-1.));
#5201 = ( GEOMETRIC_REPRESENTATION_CONTEXT(2) 
PARAMETRIC_REPRESENTATION_CONTEXT() REPRESENTATION_CONTEXT('2D SPACE',''
  ) );
#5202 = ORIENTED_EDGE('',*,*,#5203,.T.);
#5203 = EDGE_CURVE('',#5181,#5204,#5206,.T.);
#5204 = VERTEX_POINT('',#5205);
#5205 = CARTESIAN_POINT('',(181.32568421935,120.9,2.8));
#5206 = SURFACE_CURVE('',#5207,(#5211,#5218),.PCURVE_S1.);
#5207 = LINE('',#5208,#5209);
#5208 = CARTESIAN_POINT('',(184.67431578065,120.9,2.8));
#5209 = VECTOR('',#5210,1.);
#5210 = DIRECTION('',(-1.,1.326181163023E-16,0.));
#5211 = PCURVE('',#1606,#5212);
#5212 = DEFINITIONAL_REPRESENTATION('',(#5213),#5217);
#5213 = LINE('',#5214,#5215);
#5214 = CARTESIAN_POINT('',(0.,-2.9));
#5215 = VECTOR('',#5216,1.);
#5216 = DIRECTION('',(1.,0.));
#5217 = ( GEOMETRIC_REPRESENTATION_CONTEXT(2) 
PARAMETRIC_REPRESENTATION_CONTEXT() REPRESENTATION_CONTEXT('2D SPACE',''
  ) );
#5218 = PCURVE('',#5219,#5224);
#5219 = PLANE('',#5220);
#5220 = AXIS2_PLACEMENT_3D('',#5221,#5222,#5223);
#5221 = CARTESIAN_POINT('',(183.,118.,2.8));
#5222 = DIRECTION('',(0.,0.,1.));
#5223 = DIRECTION('',(1.,0.,-0.));
#5224 = DEFINITIONAL_REPRESENTATION('',(#5225),#5229);
#5225 = LINE('',#5226,#5227);
#5226 = CARTESIAN_POINT('',(1.67431578065,2.9));
#5227 = VECTOR('',#5228,1.);
#5228 = DIRECTION('',(-1.,1.326181163023E-16));
#5229 = ( GEOMETRIC_REPRESENTATION_CONTEXT(2) 
PARAMETRIC_REPRESENTATION_CONTEXT() REPRESENTATION_CONTEXT('2D SPACE',''
  ) );
#5230 = ORIENTED_EDGE('',*,*,#5231,.F.);
#5231 = EDGE_CURVE('',#1590,#5204,#5232,.T.);
#5232 = SURFACE_CURVE('',#5233,(#5237,#5244),.PCURVE_S1.);
#5233 = LINE('',#5234,#5235);
#5234 = CARTESIAN_POINT('',(181.32568421935,120.9,-0.1));
#5235 = VECTOR('',#5236,1.);
#5236 = DIRECTION('',(0.,0.,1.));
#5237 = PCURVE('',#1606,#5238);
#5238 = DEFINITIONAL_REPRESENTATION('',(#5239),#5243);
#5239 = LINE('',#5240,#5241);
#5240 = CARTESIAN_POINT('',(3.3486315613,0.));
#5241 = VECTOR('',#5242,1.);
#5242 = DIRECTION('',(0.,-1.));
#5243 = ( GEOMETRIC_REPRESENTATION_CONTEXT(2) 
PARAMETRIC_REPRESENTATION_CONTEXT() REPRESENTATION_CONTEXT('2D SPACE',''
  ) );
#5244 = PCURVE('',#1734,#5245);
#5245 = DEFINITIONAL_REPRESENTATION('',(#5246),#5250);
#5246 = LINE('',#5247,#5248);
#5247 = CARTESIAN_POINT('',(0.,0.));
#5248 = VECTOR('',#5249,1.);
#5249 = DIRECTION('',(0.,-1.));
#5250 = ( GEOMETRIC_REPRESENTATION_CONTEXT(2) 
PARAMETRIC_REPRESENTATION_CONTEXT() REPRESENTATION_CONTEXT('2D SPACE',''
  ) );
#5251 = ADVANCED_FACE('',(#5252),#1734,.T.);
#5252 = FACE_BOUND('',#5253,.T.);
#5253 = EDGE_LOOP('',(#5254,#5255,#5256,#5279));
#5254 = ORIENTED_EDGE('',*,*,#1721,.T.);
#5255 = ORIENTED_EDGE('',*,*,#5231,.T.);
#5256 = ORIENTED_EDGE('',*,*,#5257,.T.);
#5257 = EDGE_CURVE('',#5204,#5258,#5260,.T.);
#5258 = VERTEX_POINT('',#5259);
#5259 = CARTESIAN_POINT('',(179.6513684387,118.,2.8));
#5260 = SURFACE_CURVE('',#5261,(#5265,#5272),.PCURVE_S1.);
#5261 = LINE('',#5262,#5263);
#5262 = CARTESIAN_POINT('',(181.32568421935,120.9,2.8));
#5263 = VECTOR('',#5264,1.);
#5264 = DIRECTION('',(-0.5,-0.866025403784,0.));
#5265 = PCURVE('',#1734,#5266);
#5266 = DEFINITIONAL_REPRESENTATION('',(#5267),#5271);
#5267 = LINE('',#5268,#5269);
#5268 = CARTESIAN_POINT('',(0.,-2.9));
#5269 = VECTOR('',#5270,1.);
#5270 = DIRECTION('',(1.,0.));
#5271 = ( GEOMETRIC_REPRESENTATION_CONTEXT(2) 
PARAMETRIC_REPRESENTATION_CONTEXT() REPRESENTATION_CONTEXT('2D SPACE',''
  ) );
#5272 = PCURVE('',#5219,#5273);
#5273 = DEFINITIONAL_REPRESENTATION('',(#5274),#5278);
#5274 = LINE('',#5275,#5276);
#5275 = CARTESIAN_POINT('',(-1.67431578065,2.9));
#5276 = VECTOR('',#5277,1.);
#5277 = DIRECTION('',(-0.5,-0.866025403784));
#5278 = ( GEOMETRIC_REPRESENTATION_CONTEXT(2) 
PARAMETRIC_REPRESENTATION_CONTEXT() REPRESENTATION_CONTEXT('2D SPACE',''
  ) );
#5279 = ORIENTED_EDGE('',*,*,#5280,.F.);
#5280 = EDGE_CURVE('',#1696,#5258,#5281,.T.);
#5281 = SURFACE_CURVE('',#5282,(#5286,#5293),.PCURVE_S1.);
#5282 = LINE('',#5283,#5284);
#5283 = CARTESIAN_POINT('',(179.6513684387,118.,-0.1));
#5284 = VECTOR('',#5285,1.);
#5285 = DIRECTION('',(0.,0.,1.));
#5286 = PCURVE('',#1734,#5287);
#5287 = DEFINITIONAL_REPRESENTATION('',(#5288),#5292);
#5288 = LINE('',#5289,#5290);
#5289 = CARTESIAN_POINT('',(3.3486315613,0.));
#5290 = VECTOR('',#5291,1.);
#5291 = DIRECTION('',(0.,-1.));
#5292 = ( GEOMETRIC_REPRESENTATION_CONTEXT(2) 
PARAMETRIC_REPRESENTATION_CONTEXT() REPRESENTATION_CONTEXT('2D SPACE',''
  ) );
#5293 = PCURVE('',#1710,#5294);
#5294 = DEFINITIONAL_REPRESENTATION('',(#5295),#5299);
#5295 = LINE('',#5296,#5297);
#5296 = CARTESIAN_POINT('',(0.,0.));
#5297 = VECTOR('',#5298,1.);
#5298 = DIRECTION('',(0.,-1.));
#5299 = ( GEOMETRIC_REPRESENTATION_CONTEXT(2) 
PARAMETRIC_REPRESENTATION_CONTEXT() REPRESENTATION_CONTEXT('2D SPACE',''
  ) );
#5300 = ADVANCED_FACE('',(#5301),#1710,.T.);
#5301 = FACE_BOUND('',#5302,.T.);
#5302 = EDGE_LOOP('',(#5303,#5304,#5305,#5328));
#5303 = ORIENTED_EDGE('',*,*,#1695,.T.);
#5304 = ORIENTED_EDGE('',*,*,#5280,.T.);
#5305 = ORIENTED_EDGE('',*,*,#5306,.T.);
#5306 = EDGE_CURVE('',#5258,#5307,#5309,.T.);
#5307 = VERTEX_POINT('',#5308);
#5308 = CARTESIAN_POINT('',(181.32568421935,115.1,2.8));
#5309 = SURFACE_CURVE('',#5310,(#5314,#5321),.PCURVE_S1.);
#5310 = LINE('',#5311,#5312);
#5311 = CARTESIAN_POINT('',(179.6513684387,118.,2.8));
#5312 = VECTOR('',#5313,1.);
#5313 = DIRECTION('',(0.5,-0.866025403784,0.));
#5314 = PCURVE('',#1710,#5315);
#5315 = DEFINITIONAL_REPRESENTATION('',(#5316),#5320);
#5316 = LINE('',#5317,#5318);
#5317 = CARTESIAN_POINT('',(0.,-2.9));
#5318 = VECTOR('',#5319,1.);
#5319 = DIRECTION('',(1.,0.));
#5320 = ( GEOMETRIC_REPRESENTATION_CONTEXT(2) 
PARAMETRIC_REPRESENTATION_CONTEXT() REPRESENTATION_CONTEXT('2D SPACE',''
  ) );
#5321 = PCURVE('',#5219,#5322);
#5322 = DEFINITIONAL_REPRESENTATION('',(#5323),#5327);
#5323 = LINE('',#5324,#5325);
#5324 = CARTESIAN_POINT('',(-3.3486315613,0.));
#5325 = VECTOR('',#5326,1.);
#5326 = DIRECTION('',(0.5,-0.866025403784));
#5327 = ( GEOMETRIC_REPRESENTATION_CONTEXT(2) 
PARAMETRIC_REPRESENTATION_CONTEXT() REPRESENTATION_CONTEXT('2D SPACE',''
  ) );
#5328 = ORIENTED_EDGE('',*,*,#5329,.F.);
#5329 = EDGE_CURVE('',#1670,#5307,#5330,.T.);
#5330 = SURFACE_CURVE('',#5331,(#5335,#5342),.PCURVE_S1.);
#5331 = LINE('',#5332,#5333);
#5332 = CARTESIAN_POINT('',(181.32568421935,115.1,-0.1));
#5333 = VECTOR('',#5334,1.);
#5334 = DIRECTION('',(0.,0.,1.));
#5335 = PCURVE('',#1710,#5336);
#5336 = DEFINITIONAL_REPRESENTATION('',(#5337),#5341);
#5337 = LINE('',#5338,#5339);
#5338 = CARTESIAN_POINT('',(3.3486315613,0.));
#5339 = VECTOR('',#5340,1.);
#5340 = DIRECTION('',(0.,-1.));
#5341 = ( GEOMETRIC_REPRESENTATION_CONTEXT(2) 
PARAMETRIC_REPRESENTATION_CONTEXT() REPRESENTATION_CONTEXT('2D SPACE',''
  ) );
#5342 = PCURVE('',#1684,#5343);
#5343 = DEFINITIONAL_REPRESENTATION('',(#5344),#5348);
#5344 = LINE('',#5345,#5346);
#5345 = CARTESIAN_POINT('',(0.,0.));
#5346 = VECTOR('',#5347,1.);
#5347 = DIRECTION('',(0.,-1.));
#5348 = ( GEOMETRIC_REPRESENTATION_CONTEXT(2) 
PARAMETRIC_REPRESENTATION_CONTEXT() REPRESENTATION_CONTEXT('2D SPACE',''
  ) );
#5349 = ADVANCED_FACE('',(#5350),#1684,.T.);
#5350 = FACE_BOUND('',#5351,.T.);
#5351 = EDGE_LOOP('',(#5352,#5353,#5354,#5377));
#5352 = ORIENTED_EDGE('',*,*,#1669,.T.);
#5353 = ORIENTED_EDGE('',*,*,#5329,.T.);
#5354 = ORIENTED_EDGE('',*,*,#5355,.T.);
#5355 = EDGE_CURVE('',#5307,#5356,#5358,.T.);
#5356 = VERTEX_POINT('',#5357);
#5357 = CARTESIAN_POINT('',(184.67431578065,115.1,2.8));
#5358 = SURFACE_CURVE('',#5359,(#5363,#5370),.PCURVE_S1.);
#5359 = LINE('',#5360,#5361);
#5360 = CARTESIAN_POINT('',(181.32568421935,115.1,2.8));
#5361 = VECTOR('',#5362,1.);
#5362 = DIRECTION('',(1.,-6.630905815116E-16,0.));
#5363 = PCURVE('',#1684,#5364);
#5364 = DEFINITIONAL_REPRESENTATION('',(#5365),#5369);
#5365 = LINE('',#5366,#5367);
#5366 = CARTESIAN_POINT('',(0.,-2.9));
#5367 = VECTOR('',#5368,1.);
#5368 = DIRECTION('',(1.,0.));
#5369 = ( GEOMETRIC_REPRESENTATION_CONTEXT(2) 
PARAMETRIC_REPRESENTATION_CONTEXT() REPRESENTATION_CONTEXT('2D SPACE',''
  ) );
#5370 = PCURVE('',#5219,#5371);
#5371 = DEFINITIONAL_REPRESENTATION('',(#5372),#5376);
#5372 = LINE('',#5373,#5374);
#5373 = CARTESIAN_POINT('',(-1.67431578065,-2.9));
#5374 = VECTOR('',#5375,1.);
#5375 = DIRECTION('',(1.,-6.630905815116E-16));
#5376 = ( GEOMETRIC_REPRESENTATION_CONTEXT(2) 
PARAMETRIC_REPRESENTATION_CONTEXT() REPRESENTATION_CONTEXT('2D SPACE',''
  ) );
#5377 = ORIENTED_EDGE('',*,*,#5378,.F.);
#5378 = EDGE_CURVE('',#1644,#5356,#5379,.T.);
#5379 = SURFACE_CURVE('',#5380,(#5384,#5391),.PCURVE_S1.);
#5380 = LINE('',#5381,#5382);
#5381 = CARTESIAN_POINT('',(184.67431578065,115.1,-0.1));
#5382 = VECTOR('',#5383,1.);
#5383 = DIRECTION('',(0.,0.,1.));
#5384 = PCURVE('',#1684,#5385);
#5385 = DEFINITIONAL_REPRESENTATION('',(#5386),#5390);
#5386 = LINE('',#5387,#5388);
#5387 = CARTESIAN_POINT('',(3.3486315613,0.));
#5388 = VECTOR('',#5389,1.);
#5389 = DIRECTION('',(0.,-1.));
#5390 = ( GEOMETRIC_REPRESENTATION_CONTEXT(2) 
PARAMETRIC_REPRESENTATION_CONTEXT() REPRESENTATION_CONTEXT('2D SPACE',''
  ) );
#5391 = PCURVE('',#1658,#5392);
#5392 = DEFINITIONAL_REPRESENTATION('',(#5393),#5397);
#5393 = LINE('',#5394,#5395);
#5394 = CARTESIAN_POINT('',(0.,0.));
#5395 = VECTOR('',#5396,1.);
#5396 = DIRECTION('',(0.,-1.));
#5397 = ( GEOMETRIC_REPRESENTATION_CONTEXT(2) 
PARAMETRIC_REPRESENTATION_CONTEXT() REPRESENTATION_CONTEXT('2D SPACE',''
  ) );
#5398 = ADVANCED_FACE('',(#5399),#1658,.T.);
#5399 = FACE_BOUND('',#5400,.T.);
#5400 = EDGE_LOOP('',(#5401,#5402,#5403,#5426));
#5401 = ORIENTED_EDGE('',*,*,#1643,.T.);
#5402 = ORIENTED_EDGE('',*,*,#5378,.T.);
#5403 = ORIENTED_EDGE('',*,*,#5404,.T.);
#5404 = EDGE_CURVE('',#5356,#5405,#5407,.T.);
#5405 = VERTEX_POINT('',#5406);
#5406 = CARTESIAN_POINT('',(186.3486315613,118.,2.8));
#5407 = SURFACE_CURVE('',#5408,(#5412,#5419),.PCURVE_S1.);
#5408 = LINE('',#5409,#5410);
#5409 = CARTESIAN_POINT('',(184.67431578065,115.1,2.8));
#5410 = VECTOR('',#5411,1.);
#5411 = DIRECTION('',(0.5,0.866025403784,0.));
#5412 = PCURVE('',#1658,#5413);
#5413 = DEFINITIONAL_REPRESENTATION('',(#5414),#5418);
#5414 = LINE('',#5415,#5416);
#5415 = CARTESIAN_POINT('',(0.,-2.9));
#5416 = VECTOR('',#5417,1.);
#5417 = DIRECTION('',(1.,0.));
#5418 = ( GEOMETRIC_REPRESENTATION_CONTEXT(2) 
PARAMETRIC_REPRESENTATION_CONTEXT() REPRESENTATION_CONTEXT('2D SPACE',''
  ) );
#5419 = PCURVE('',#5219,#5420);
#5420 = DEFINITIONAL_REPRESENTATION('',(#5421),#5425);
#5421 = LINE('',#5422,#5423);
#5422 = CARTESIAN_POINT('',(1.67431578065,-2.9));
#5423 = VECTOR('',#5424,1.);
#5424 = DIRECTION('',(0.5,0.866025403784));
#5425 = ( GEOMETRIC_REPRESENTATION_CONTEXT(2) 
PARAMETRIC_REPRESENTATION_CONTEXT() REPRESENTATION_CONTEXT('2D SPACE',''
  ) );
#5426 = ORIENTED_EDGE('',*,*,#5427,.F.);
#5427 = EDGE_CURVE('',#1618,#5405,#5428,.T.);
#5428 = SURFACE_CURVE('',#5429,(#5433,#5440),.PCURVE_S1.);
#5429 = LINE('',#5430,#5431);
#5430 = CARTESIAN_POINT('',(186.3486315613,118.,-0.1));
#5431 = VECTOR('',#5432,1.);
#5432 = DIRECTION('',(0.,0.,1.));
#5433 = PCURVE('',#1658,#5434);
#5434 = DEFINITIONAL_REPRESENTATION('',(#5435),#5439);
#5435 = LINE('',#5436,#5437);
#5436 = CARTESIAN_POINT('',(3.3486315613,0.));
#5437 = VECTOR('',#5438,1.);
#5438 = DIRECTION('',(0.,-1.));
#5439 = ( GEOMETRIC_REPRESENTATION_CONTEXT(2) 
PARAMETRIC_REPRESENTATION_CONTEXT() REPRESENTATION_CONTEXT('2D SPACE',''
  ) );
#5440 = PCURVE('',#1632,#5441);
#5441 = DEFINITIONAL_REPRESENTATION('',(#5442),#5446);
#5442 = LINE('',#5443,#5444);
#5443 = CARTESIAN_POINT('',(0.,0.));
#5444 = VECTOR('',#5445,1.);
#5445 = DIRECTION('',(0.,-1.));
#5446 = ( GEOMETRIC_REPRESENTATION_CONTEXT(2) 
PARAMETRIC_REPRESENTATION_CONTEXT() REPRESENTATION_CONTEXT('2D SPACE',''
  ) );
#5447 = ADVANCED_FACE('',(#5448),#1632,.T.);
#5448 = FACE_BOUND('',#5449,.T.);
#5449 = EDGE_LOOP('',(#5450,#5451,#5452,#5473));
#5450 = ORIENTED_EDGE('',*,*,#1617,.T.);
#5451 = ORIENTED_EDGE('',*,*,#5427,.T.);
#5452 = ORIENTED_EDGE('',*,*,#5453,.T.);
#5453 = EDGE_CURVE('',#5405,#5181,#5454,.T.);
#5454 = SURFACE_CURVE('',#5455,(#5459,#5466),.PCURVE_S1.);
#5455 = LINE('',#5456,#5457);
#5456 = CARTESIAN_POINT('',(186.3486315613,118.,2.8));
#5457 = VECTOR('',#5458,1.);
#5458 = DIRECTION('',(-0.5,0.866025403784,0.));
#5459 = PCURVE('',#1632,#5460);
#5460 = DEFINITIONAL_REPRESENTATION('',(#5461),#5465);
#5461 = LINE('',#5462,#5463);
#5462 = CARTESIAN_POINT('',(0.,-2.9));
#5463 = VECTOR('',#5464,1.);
#5464 = DIRECTION('',(1.,0.));
#5465 = ( GEOMETRIC_REPRESENTATION_CONTEXT(2) 
PARAMETRIC_REPRESENTATION_CONTEXT() REPRESENTATION_CONTEXT('2D SPACE',''
  ) );
#5466 = PCURVE('',#5219,#5467);
#5467 = DEFINITIONAL_REPRESENTATION('',(#5468),#5472);
#5468 = LINE('',#5469,#5470);
#5469 = CARTESIAN_POINT('',(3.3486315613,0.));
#5470 = VECTOR('',#5471,1.);
#5471 = DIRECTION('',(-0.5,0.866025403784));
#5472 = ( GEOMETRIC_REPRESENTATION_CONTEXT(2) 
PARAMETRIC_REPRESENTATION_CONTEXT() REPRESENTATION_CONTEXT('2D SPACE',''
  ) );
#5473 = ORIENTED_EDGE('',*,*,#5180,.F.);
#5474 = ADVANCED_FACE('',(#5475,#5578),#2222,.F.);
#5475 = FACE_BOUND('',#5476,.F.);
#5476 = EDGE_LOOP('',(#5477,#5500,#5528,#5556,#5577));
#5477 = ORIENTED_EDGE('',*,*,#5478,.F.);
#5478 = EDGE_CURVE('',#5479,#2204,#5481,.T.);
#5479 = VERTEX_POINT('',#5480);
#5480 = CARTESIAN_POINT('',(152.32568421935,12.9,38.));
#5481 = SURFACE_CURVE('',#5482,(#5486,#5493),.PCURVE_S1.);
#5482 = LINE('',#5483,#5484);
#5483 = CARTESIAN_POINT('',(152.32568421935,12.9,38.));
#5484 = VECTOR('',#5485,1.);
#5485 = DIRECTION('',(1.,-1.527256088214E-16,0.));
#5486 = PCURVE('',#2222,#5487);
#5487 = DEFINITIONAL_REPRESENTATION('',(#5488),#5492);
#5488 = LINE('',#5489,#5490);
#5489 = CARTESIAN_POINT('',(-1.67431578065,5.8));
#5490 = VECTOR('',#5491,1.);
#5491 = DIRECTION('',(1.,-1.527256088214E-16));
#5492 = ( GEOMETRIC_REPRESENTATION_CONTEXT(2) 
PARAMETRIC_REPRESENTATION_CONTEXT() REPRESENTATION_CONTEXT('2D SPACE',''
  ) );
#5493 = PCURVE('',#2311,#5494);
#5494 = DEFINITIONAL_REPRESENTATION('',(#5495),#5499);
#5495 = LINE('',#5496,#5497);
#5496 = CARTESIAN_POINT('',(2.8,-1.67431578065));
#5497 = VECTOR('',#5498,1.);
#5498 = DIRECTION('',(0.,1.));
#5499 = ( GEOMETRIC_REPRESENTATION_CONTEXT(2) 
PARAMETRIC_REPRESENTATION_CONTEXT() REPRESENTATION_CONTEXT('2D SPACE',''
  ) );
#5500 = ORIENTED_EDGE('',*,*,#5501,.T.);
#5501 = EDGE_CURVE('',#5479,#5502,#5504,.T.);
#5502 = VERTEX_POINT('',#5503);
#5503 = CARTESIAN_POINT('',(150.6513684387,10.,38.));
#5504 = SURFACE_CURVE('',#5505,(#5509,#5516),.PCURVE_S1.);
#5505 = LINE('',#5506,#5507);
#5506 = CARTESIAN_POINT('',(152.32568421935,12.9,38.));
#5507 = VECTOR('',#5508,1.);
#5508 = DIRECTION('',(-0.5,-0.866025403784,0.));
#5509 = PCURVE('',#2222,#5510);
#5510 = DEFINITIONAL_REPRESENTATION('',(#5511),#5515);
#5511 = LINE('',#5512,#5513);
#5512 = CARTESIAN_POINT('',(-1.67431578065,5.8));
#5513 = VECTOR('',#5514,1.);
#5514 = DIRECTION('',(-0.5,-0.866025403784));
#5515 = ( GEOMETRIC_REPRESENTATION_CONTEXT(2) 
PARAMETRIC_REPRESENTATION_CONTEXT() REPRESENTATION_CONTEXT('2D SPACE',''
  ) );
#5516 = PCURVE('',#5517,#5522);
#5517 = PLANE('',#5518);
#5518 = AXIS2_PLACEMENT_3D('',#5519,#5520,#5521);
#5519 = CARTESIAN_POINT('',(152.32568421935,12.9,35.2));
#5520 = DIRECTION('',(0.866025403784,-0.5,0.));
#5521 = DIRECTION('',(-0.5,-0.866025403784,0.));
#5522 = DEFINITIONAL_REPRESENTATION('',(#5523),#5527);
#5523 = LINE('',#5524,#5525);
#5524 = CARTESIAN_POINT('',(0.,-2.8));
#5525 = VECTOR('',#5526,1.);
#5526 = DIRECTION('',(1.,0.));
#5527 = ( GEOMETRIC_REPRESENTATION_CONTEXT(2) 
PARAMETRIC_REPRESENTATION_CONTEXT() REPRESENTATION_CONTEXT('2D SPACE',''
  ) );
#5528 = ORIENTED_EDGE('',*,*,#5529,.T.);
#5529 = EDGE_CURVE('',#5502,#5530,#5532,.T.);
#5530 = VERTEX_POINT('',#5531);
#5531 = CARTESIAN_POINT('',(152.32568421935,7.1,38.));
#5532 = SURFACE_CURVE('',#5533,(#5537,#5544),.PCURVE_S1.);
#5533 = LINE('',#5534,#5535);
#5534 = CARTESIAN_POINT('',(150.6513684387,10.,38.));
#5535 = VECTOR('',#5536,1.);
#5536 = DIRECTION('',(0.5,-0.866025403784,0.));
#5537 = PCURVE('',#2222,#5538);
#5538 = DEFINITIONAL_REPRESENTATION('',(#5539),#5543);
#5539 = LINE('',#5540,#5541);
#5540 = CARTESIAN_POINT('',(-3.3486315613,2.9));
#5541 = VECTOR('',#5542,1.);
#5542 = DIRECTION('',(0.5,-0.866025403784));
#5543 = ( GEOMETRIC_REPRESENTATION_CONTEXT(2) 
PARAMETRIC_REPRESENTATION_CONTEXT() REPRESENTATION_CONTEXT('2D SPACE',''
  ) );
#5544 = PCURVE('',#5545,#5550);
#5545 = PLANE('',#5546);
#5546 = AXIS2_PLACEMENT_3D('',#5547,#5548,#5549);
#5547 = CARTESIAN_POINT('',(150.6513684387,10.,35.2));
#5548 = DIRECTION('',(0.866025403784,0.5,-0.));
#5549 = DIRECTION('',(0.5,-0.866025403784,0.));
#5550 = DEFINITIONAL_REPRESENTATION('',(#5551),#5555);
#5551 = LINE('',#5552,#5553);
#5552 = CARTESIAN_POINT('',(0.,-2.8));
#5553 = VECTOR('',#5554,1.);
#5554 = DIRECTION('',(1.,0.));
#5555 = ( GEOMETRIC_REPRESENTATION_CONTEXT(2) 
PARAMETRIC_REPRESENTATION_CONTEXT() REPRESENTATION_CONTEXT('2D SPACE',''
  ) );
#5556 = ORIENTED_EDGE('',*,*,#5557,.F.);
#5557 = EDGE_CURVE('',#2206,#5530,#5558,.T.);
#5558 = SURFACE_CURVE('',#5559,(#5563,#5570),.PCURVE_S1.);
#5559 = LINE('',#5560,#5561);
#5560 = CARTESIAN_POINT('',(162.18154341616,7.1,38.));
#5561 = VECTOR('',#5562,1.);
#5562 = DIRECTION('',(-1.,1.802335853148E-16,0.));
#5563 = PCURVE('',#2222,#5564);
#5564 = DEFINITIONAL_REPRESENTATION('',(#5565),#5569);
#5565 = LINE('',#5566,#5567);
#5566 = CARTESIAN_POINT('',(8.181543416169,0.));
#5567 = VECTOR('',#5568,1.);
#5568 = DIRECTION('',(-1.,1.802335853148E-16));
#5569 = ( GEOMETRIC_REPRESENTATION_CONTEXT(2) 
PARAMETRIC_REPRESENTATION_CONTEXT() REPRESENTATION_CONTEXT('2D SPACE',''
  ) );
#5570 = PCURVE('',#2253,#5571);
#5571 = DEFINITIONAL_REPRESENTATION('',(#5572),#5576);
#5572 = LINE('',#5573,#5574);
#5573 = CARTESIAN_POINT('',(2.8,8.181543416169));
#5574 = VECTOR('',#5575,1.);
#5575 = DIRECTION('',(0.,-1.));
#5576 = ( GEOMETRIC_REPRESENTATION_CONTEXT(2) 
PARAMETRIC_REPRESENTATION_CONTEXT() REPRESENTATION_CONTEXT('2D SPACE',''
  ) );
#5577 = ORIENTED_EDGE('',*,*,#2203,.F.);
#5578 = FACE_BOUND('',#5579,.F.);
#5579 = EDGE_LOOP('',(#5580));
#5580 = ORIENTED_EDGE('',*,*,#5581,.F.);
#5581 = EDGE_CURVE('',#5582,#5582,#5584,.T.);
#5582 = VERTEX_POINT('',#5583);
#5583 = CARTESIAN_POINT('',(155.7,10.,38.));
#5584 = SURFACE_CURVE('',#5585,(#5590,#5597),.PCURVE_S1.);
#5585 = CIRCLE('',#5586,1.7);
#5586 = AXIS2_PLACEMENT_3D('',#5587,#5588,#5589);
#5587 = CARTESIAN_POINT('',(154.,10.,38.));
#5588 = DIRECTION('',(0.,0.,1.));
#5589 = DIRECTION('',(1.,-1.985339996977E-14,0.));
#5590 = PCURVE('',#2222,#5591);
#5591 = DEFINITIONAL_REPRESENTATION('',(#5592),#5596);
#5592 = CIRCLE('',#5593,1.7);
#5593 = AXIS2_PLACEMENT_2D('',#5594,#5595);
#5594 = CARTESIAN_POINT('',(2.84217094304E-14,2.9));
#5595 = DIRECTION('',(1.,-1.985339996977E-14));
#5596 = ( GEOMETRIC_REPRESENTATION_CONTEXT(2) 
PARAMETRIC_REPRESENTATION_CONTEXT() REPRESENTATION_CONTEXT('2D SPACE',''
  ) );
#5597 = PCURVE('',#2525,#5598);
#5598 = DEFINITIONAL_REPRESENTATION('',(#5599),#5603);
#5599 = LINE('',#5600,#5601);
#5600 = CARTESIAN_POINT('',(-0.,-9.));
#5601 = VECTOR('',#5602,1.);
#5602 = DIRECTION('',(-1.,-0.));
#5603 = ( GEOMETRIC_REPRESENTATION_CONTEXT(2) 
PARAMETRIC_REPRESENTATION_CONTEXT() REPRESENTATION_CONTEXT('2D SPACE',''
  ) );
#5604 = ADVANCED_FACE('',(#5605),#2311,.F.);
#5605 = FACE_BOUND('',#5606,.F.);
#5606 = EDGE_LOOP('',(#5607,#5630,#5651,#5652));
#5607 = ORIENTED_EDGE('',*,*,#5608,.F.);
#5608 = EDGE_CURVE('',#5609,#2266,#5611,.T.);
#5609 = VERTEX_POINT('',#5610);
#5610 = CARTESIAN_POINT('',(152.32568421935,12.9,35.2));
#5611 = SURFACE_CURVE('',#5612,(#5616,#5623),.PCURVE_S1.);
#5612 = LINE('',#5613,#5614);
#5613 = CARTESIAN_POINT('',(152.32568421935,12.9,35.2));
#5614 = VECTOR('',#5615,1.);
#5615 = DIRECTION('',(1.,-1.527256088214E-16,0.));
#5616 = PCURVE('',#2311,#5617);
#5617 = DEFINITIONAL_REPRESENTATION('',(#5618),#5622);
#5618 = LINE('',#5619,#5620);
#5619 = CARTESIAN_POINT('',(0.,-1.67431578065));
#5620 = VECTOR('',#5621,1.);
#5621 = DIRECTION('',(0.,1.));
#5622 = ( GEOMETRIC_REPRESENTATION_CONTEXT(2) 
PARAMETRIC_REPRESENTATION_CONTEXT() REPRESENTATION_CONTEXT('2D SPACE',''
  ) );
#5623 = PCURVE('',#2282,#5624);
#5624 = DEFINITIONAL_REPRESENTATION('',(#5625),#5629);
#5625 = LINE('',#5626,#5627);
#5626 = CARTESIAN_POINT('',(-1.67431578065,5.8));
#5627 = VECTOR('',#5628,1.);
#5628 = DIRECTION('',(1.,-1.527256088214E-16));
#5629 = ( GEOMETRIC_REPRESENTATION_CONTEXT(2) 
PARAMETRIC_REPRESENTATION_CONTEXT() REPRESENTATION_CONTEXT('2D SPACE',''
  ) );
#5630 = ORIENTED_EDGE('',*,*,#5631,.T.);
#5631 = EDGE_CURVE('',#5609,#5479,#5632,.T.);
#5632 = SURFACE_CURVE('',#5633,(#5637,#5644),.PCURVE_S1.);
#5633 = LINE('',#5634,#5635);
#5634 = CARTESIAN_POINT('',(152.32568421935,12.9,35.2));
#5635 = VECTOR('',#5636,1.);
#5636 = DIRECTION('',(0.,0.,1.));
#5637 = PCURVE('',#2311,#5638);
#5638 = DEFINITIONAL_REPRESENTATION('',(#5639),#5643);
#5639 = LINE('',#5640,#5641);
#5640 = CARTESIAN_POINT('',(0.,-1.67431578065));
#5641 = VECTOR('',#5642,1.);
#5642 = DIRECTION('',(1.,0.));
#5643 = ( GEOMETRIC_REPRESENTATION_CONTEXT(2) 
PARAMETRIC_REPRESENTATION_CONTEXT() REPRESENTATION_CONTEXT('2D SPACE',''
  ) );
#5644 = PCURVE('',#5517,#5645);
#5645 = DEFINITIONAL_REPRESENTATION('',(#5646),#5650);
#5646 = LINE('',#5647,#5648);
#5647 = CARTESIAN_POINT('',(0.,0.));
#5648 = VECTOR('',#5649,1.);
#5649 = DIRECTION('',(0.,-1.));
#5650 = ( GEOMETRIC_REPRESENTATION_CONTEXT(2) 
PARAMETRIC_REPRESENTATION_CONTEXT() REPRESENTATION_CONTEXT('2D SPACE',''
  ) );
#5651 = ORIENTED_EDGE('',*,*,#5478,.T.);
#5652 = ORIENTED_EDGE('',*,*,#2298,.T.);
#5653 = ADVANCED_FACE('',(#5654,#5725),#2282,.T.);
#5654 = FACE_BOUND('',#5655,.T.);
#5655 = EDGE_LOOP('',(#5656,#5657,#5680,#5703,#5724));
#5656 = ORIENTED_EDGE('',*,*,#5608,.F.);
#5657 = ORIENTED_EDGE('',*,*,#5658,.T.);
#5658 = EDGE_CURVE('',#5609,#5659,#5661,.T.);
#5659 = VERTEX_POINT('',#5660);
#5660 = CARTESIAN_POINT('',(150.6513684387,10.,35.2));
#5661 = SURFACE_CURVE('',#5662,(#5666,#5673),.PCURVE_S1.);
#5662 = LINE('',#5663,#5664);
#5663 = CARTESIAN_POINT('',(152.32568421935,12.9,35.2));
#5664 = VECTOR('',#5665,1.);
#5665 = DIRECTION('',(-0.5,-0.866025403784,0.));
#5666 = PCURVE('',#2282,#5667);
#5667 = DEFINITIONAL_REPRESENTATION('',(#5668),#5672);
#5668 = LINE('',#5669,#5670);
#5669 = CARTESIAN_POINT('',(-1.67431578065,5.8));
#5670 = VECTOR('',#5671,1.);
#5671 = DIRECTION('',(-0.5,-0.866025403784));
#5672 = ( GEOMETRIC_REPRESENTATION_CONTEXT(2) 
PARAMETRIC_REPRESENTATION_CONTEXT() REPRESENTATION_CONTEXT('2D SPACE',''
  ) );
#5673 = PCURVE('',#5517,#5674);
#5674 = DEFINITIONAL_REPRESENTATION('',(#5675),#5679);
#5675 = LINE('',#5676,#5677);
#5676 = CARTESIAN_POINT('',(0.,0.));
#5677 = VECTOR('',#5678,1.);
#5678 = DIRECTION('',(1.,0.));
#5679 = ( GEOMETRIC_REPRESENTATION_CONTEXT(2) 
PARAMETRIC_REPRESENTATION_CONTEXT() REPRESENTATION_CONTEXT('2D SPACE',''
  ) );
#5680 = ORIENTED_EDGE('',*,*,#5681,.T.);
#5681 = EDGE_CURVE('',#5659,#5682,#5684,.T.);
#5682 = VERTEX_POINT('',#5683);
#5683 = CARTESIAN_POINT('',(152.32568421935,7.1,35.2));
#5684 = SURFACE_CURVE('',#5685,(#5689,#5696),.PCURVE_S1.);
#5685 = LINE('',#5686,#5687);
#5686 = CARTESIAN_POINT('',(150.6513684387,10.,35.2));
#5687 = VECTOR('',#5688,1.);
#5688 = DIRECTION('',(0.5,-0.866025403784,0.));
#5689 = PCURVE('',#2282,#5690);
#5690 = DEFINITIONAL_REPRESENTATION('',(#5691),#5695);
#5691 = LINE('',#5692,#5693);
#5692 = CARTESIAN_POINT('',(-3.3486315613,2.9));
#5693 = VECTOR('',#5694,1.);
#5694 = DIRECTION('',(0.5,-0.866025403784));
#5695 = ( GEOMETRIC_REPRESENTATION_CONTEXT(2) 
PARAMETRIC_REPRESENTATION_CONTEXT() REPRESENTATION_CONTEXT('2D SPACE',''
  ) );
#5696 = PCURVE('',#5545,#5697);
#5697 = DEFINITIONAL_REPRESENTATION('',(#5698),#5702);
#5698 = LINE('',#5699,#5700);
#5699 = CARTESIAN_POINT('',(0.,0.));
#5700 = VECTOR('',#5701,1.);
#5701 = DIRECTION('',(1.,0.));
#5702 = ( GEOMETRIC_REPRESENTATION_CONTEXT(2) 
PARAMETRIC_REPRESENTATION_CONTEXT() REPRESENTATION_CONTEXT('2D SPACE',''
  ) );
#5703 = ORIENTED_EDGE('',*,*,#5704,.T.);
#5704 = EDGE_CURVE('',#5682,#2239,#5705,.T.);
#5705 = SURFACE_CURVE('',#5706,(#5710,#5717),.PCURVE_S1.);
#5706 = LINE('',#5707,#5708);
#5707 = CARTESIAN_POINT('',(152.32568421935,7.1,35.2));
#5708 = VECTOR('',#5709,1.);
#5709 = DIRECTION('',(1.,-1.802335853148E-16,0.));
#5710 = PCURVE('',#2282,#5711);
#5711 = DEFINITIONAL_REPRESENTATION('',(#5712),#5716);
#5712 = LINE('',#5713,#5714);
#5713 = CARTESIAN_POINT('',(-1.67431578065,1.7763568394E-15));
#5714 = VECTOR('',#5715,1.);
#5715 = DIRECTION('',(1.,-1.802335853148E-16));
#5716 = ( GEOMETRIC_REPRESENTATION_CONTEXT(2) 
PARAMETRIC_REPRESENTATION_CONTEXT() REPRESENTATION_CONTEXT('2D SPACE',''
  ) );
#5717 = PCURVE('',#2253,#5718);
#5718 = DEFINITIONAL_REPRESENTATION('',(#5719),#5723);
#5719 = LINE('',#5720,#5721);
#5720 = CARTESIAN_POINT('',(0.,-1.67431578065));
#5721 = VECTOR('',#5722,1.);
#5722 = DIRECTION('',(0.,1.));
#5723 = ( GEOMETRIC_REPRESENTATION_CONTEXT(2) 
PARAMETRIC_REPRESENTATION_CONTEXT() REPRESENTATION_CONTEXT('2D SPACE',''
  ) );
#5724 = ORIENTED_EDGE('',*,*,#2265,.F.);
#5725 = FACE_BOUND('',#5726,.T.);
#5726 = EDGE_LOOP('',(#5727));
#5727 = ORIENTED_EDGE('',*,*,#5728,.T.);
#5728 = EDGE_CURVE('',#5729,#5729,#5731,.T.);
#5729 = VERTEX_POINT('',#5730);
#5730 = CARTESIAN_POINT('',(155.7,10.,35.2));
#5731 = SURFACE_CURVE('',#5732,(#5737,#5748),.PCURVE_S1.);
#5732 = CIRCLE('',#5733,1.7);
#5733 = AXIS2_PLACEMENT_3D('',#5734,#5735,#5736);
#5734 = CARTESIAN_POINT('',(154.,10.,35.2));
#5735 = DIRECTION('',(0.,0.,-1.));
#5736 = DIRECTION('',(1.,0.,0.));
#5737 = PCURVE('',#2282,#5738);
#5738 = DEFINITIONAL_REPRESENTATION('',(#5739),#5747);
#5739 = ( BOUNDED_CURVE() B_SPLINE_CURVE(2,(#5740,#5741,#5742,#5743,
#5744,#5745,#5746),.UNSPECIFIED.,.T.,.F.) B_SPLINE_CURVE_WITH_KNOTS((1,2
    ,2,2,2,1),(-2.094395102393,0.,2.094395102393,4.188790204786,
6.28318530718,8.377580409573),.UNSPECIFIED.) CURVE() 
GEOMETRIC_REPRESENTATION_ITEM() RATIONAL_B_SPLINE_CURVE((1.,0.5,1.,0.5,
1.,0.5,1.)) REPRESENTATION_ITEM('') );
#5740 = CARTESIAN_POINT('',(1.7,2.9));
#5741 = CARTESIAN_POINT('',(1.7,-4.448637286707E-02));
#5742 = CARTESIAN_POINT('',(-0.85,1.427756813566));
#5743 = CARTESIAN_POINT('',(-3.4,2.9));
#5744 = CARTESIAN_POINT('',(-0.85,4.372243186434));
#5745 = CARTESIAN_POINT('',(1.7,5.844486372867));
#5746 = CARTESIAN_POINT('',(1.7,2.9));
#5747 = ( GEOMETRIC_REPRESENTATION_CONTEXT(2) 
PARAMETRIC_REPRESENTATION_CONTEXT() REPRESENTATION_CONTEXT('2D SPACE',''
  ) );
#5748 = PCURVE('',#5749,#5754);
#5749 = CYLINDRICAL_SURFACE('',#5750,1.7);
#5750 = AXIS2_PLACEMENT_3D('',#5751,#5752,#5753);
#5751 = CARTESIAN_POINT('',(154.,10.,29.));
#5752 = DIRECTION('',(-0.,-0.,-1.));
#5753 = DIRECTION('',(1.,0.,0.));
#5754 = DEFINITIONAL_REPRESENTATION('',(#5755),#5759);
#5755 = LINE('',#5756,#5757);
#5756 = CARTESIAN_POINT('',(-6.28318530718,-6.2));
#5757 = VECTOR('',#5758,1.);
#5758 = DIRECTION('',(1.,-0.));
#5759 = ( GEOMETRIC_REPRESENTATION_CONTEXT(2) 
PARAMETRIC_REPRESENTATION_CONTEXT() REPRESENTATION_CONTEXT('2D SPACE',''
  ) );
#5760 = ADVANCED_FACE('',(#5761),#2253,.T.);
#5761 = FACE_BOUND('',#5762,.T.);
#5762 = EDGE_LOOP('',(#5763,#5764,#5785,#5786));
#5763 = ORIENTED_EDGE('',*,*,#5704,.F.);
#5764 = ORIENTED_EDGE('',*,*,#5765,.T.);
#5765 = EDGE_CURVE('',#5682,#5530,#5766,.T.);
#5766 = SURFACE_CURVE('',#5767,(#5771,#5778),.PCURVE_S1.);
#5767 = LINE('',#5768,#5769);
#5768 = CARTESIAN_POINT('',(152.32568421935,7.1,35.2));
#5769 = VECTOR('',#5770,1.);
#5770 = DIRECTION('',(0.,0.,1.));
#5771 = PCURVE('',#2253,#5772);
#5772 = DEFINITIONAL_REPRESENTATION('',(#5773),#5777);
#5773 = LINE('',#5774,#5775);
#5774 = CARTESIAN_POINT('',(0.,-1.67431578065));
#5775 = VECTOR('',#5776,1.);
#5776 = DIRECTION('',(1.,0.));
#5777 = ( GEOMETRIC_REPRESENTATION_CONTEXT(2) 
PARAMETRIC_REPRESENTATION_CONTEXT() REPRESENTATION_CONTEXT('2D SPACE',''
  ) );
#5778 = PCURVE('',#5545,#5779);
#5779 = DEFINITIONAL_REPRESENTATION('',(#5780),#5784);
#5780 = LINE('',#5781,#5782);
#5781 = CARTESIAN_POINT('',(3.3486315613,0.));
#5782 = VECTOR('',#5783,1.);
#5783 = DIRECTION('',(0.,-1.));
#5784 = ( GEOMETRIC_REPRESENTATION_CONTEXT(2) 
PARAMETRIC_REPRESENTATION_CONTEXT() REPRESENTATION_CONTEXT('2D SPACE',''
  ) );
#5785 = ORIENTED_EDGE('',*,*,#5557,.F.);
#5786 = ORIENTED_EDGE('',*,*,#2238,.T.);
#5787 = ADVANCED_FACE('',(#5788),#2490,.F.);
#5788 = FACE_BOUND('',#5789,.T.);
#5789 = EDGE_LOOP('',(#5790,#5813,#5835,#5836));
#5790 = ORIENTED_EDGE('',*,*,#5791,.F.);
#5791 = EDGE_CURVE('',#5792,#2470,#5794,.T.);
#5792 = VERTEX_POINT('',#5793);
#5793 = CARTESIAN_POINT('',(11.7,10.,38.));
#5794 = SEAM_CURVE('',#5795,(#5799,#5806),.PCURVE_S1.);
#5795 = LINE('',#5796,#5797);
#5796 = CARTESIAN_POINT('',(11.7,10.,29.));
#5797 = VECTOR('',#5798,1.);
#5798 = DIRECTION('',(0.,0.,1.));
#5799 = PCURVE('',#2490,#5800);
#5800 = DEFINITIONAL_REPRESENTATION('',(#5801),#5805);
#5801 = LINE('',#5802,#5803);
#5802 = CARTESIAN_POINT('',(-6.28318530718,0.));
#5803 = VECTOR('',#5804,1.);
#5804 = DIRECTION('',(-0.,-1.));
#5805 = ( GEOMETRIC_REPRESENTATION_CONTEXT(2) 
PARAMETRIC_REPRESENTATION_CONTEXT() REPRESENTATION_CONTEXT('2D SPACE',''
  ) );
#5806 = PCURVE('',#2490,#5807);
#5807 = DEFINITIONAL_REPRESENTATION('',(#5808),#5812);
#5808 = LINE('',#5809,#5810);
#5809 = CARTESIAN_POINT('',(-0.,0.));
#5810 = VECTOR('',#5811,1.);
#5811 = DIRECTION('',(-0.,-1.));
#5812 = ( GEOMETRIC_REPRESENTATION_CONTEXT(2) 
PARAMETRIC_REPRESENTATION_CONTEXT() REPRESENTATION_CONTEXT('2D SPACE',''
  ) );
#5813 = ORIENTED_EDGE('',*,*,#5814,.F.);
#5814 = EDGE_CURVE('',#5792,#5792,#5815,.T.);
#5815 = SURFACE_CURVE('',#5816,(#5821,#5828),.PCURVE_S1.);
#5816 = CIRCLE('',#5817,1.7);
#5817 = AXIS2_PLACEMENT_3D('',#5818,#5819,#5820);
#5818 = CARTESIAN_POINT('',(10.,10.,38.));
#5819 = DIRECTION('',(0.,0.,1.));
#5820 = DIRECTION('',(1.,-2.089831575765E-15,0.));
#5821 = PCURVE('',#2490,#5822);
#5822 = DEFINITIONAL_REPRESENTATION('',(#5823),#5827);
#5823 = LINE('',#5824,#5825);
#5824 = CARTESIAN_POINT('',(-0.,-9.));
#5825 = VECTOR('',#5826,1.);
#5826 = DIRECTION('',(-1.,-0.));
#5827 = ( GEOMETRIC_REPRESENTATION_CONTEXT(2) 
PARAMETRIC_REPRESENTATION_CONTEXT() REPRESENTATION_CONTEXT('2D SPACE',''
  ) );
#5828 = PCURVE('',#2990,#5829);
#5829 = DEFINITIONAL_REPRESENTATION('',(#5830),#5834);
#5830 = CIRCLE('',#5831,1.7);
#5831 = AXIS2_PLACEMENT_2D('',#5832,#5833);
#5832 = CARTESIAN_POINT('',(11.,2.9));
#5833 = DIRECTION('',(1.,-2.089831575765E-15));
#5834 = ( GEOMETRIC_REPRESENTATION_CONTEXT(2) 
PARAMETRIC_REPRESENTATION_CONTEXT() REPRESENTATION_CONTEXT('2D SPACE',''
  ) );
#5835 = ORIENTED_EDGE('',*,*,#5791,.T.);
#5836 = ORIENTED_EDGE('',*,*,#2469,.F.);
#5837 = ADVANCED_FACE('',(#5838),#2525,.F.);
#5838 = FACE_BOUND('',#5839,.T.);
#5839 = EDGE_LOOP('',(#5840,#5861,#5862,#5863));
#5840 = ORIENTED_EDGE('',*,*,#5841,.F.);
#5841 = EDGE_CURVE('',#5582,#2505,#5842,.T.);
#5842 = SEAM_CURVE('',#5843,(#5847,#5854),.PCURVE_S1.);
#5843 = LINE('',#5844,#5845);
#5844 = CARTESIAN_POINT('',(155.7,10.,29.));
#5845 = VECTOR('',#5846,1.);
#5846 = DIRECTION('',(0.,0.,1.));
#5847 = PCURVE('',#2525,#5848);
#5848 = DEFINITIONAL_REPRESENTATION('',(#5849),#5853);
#5849 = LINE('',#5850,#5851);
#5850 = CARTESIAN_POINT('',(-6.28318530718,0.));
#5851 = VECTOR('',#5852,1.);
#5852 = DIRECTION('',(-0.,-1.));
#5853 = ( GEOMETRIC_REPRESENTATION_CONTEXT(2) 
PARAMETRIC_REPRESENTATION_CONTEXT() REPRESENTATION_CONTEXT('2D SPACE',''
  ) );
#5854 = PCURVE('',#2525,#5855);
#5855 = DEFINITIONAL_REPRESENTATION('',(#5856),#5860);
#5856 = LINE('',#5857,#5858);
#5857 = CARTESIAN_POINT('',(-0.,0.));
#5858 = VECTOR('',#5859,1.);
#5859 = DIRECTION('',(-0.,-1.));
#5860 = ( GEOMETRIC_REPRESENTATION_CONTEXT(2) 
PARAMETRIC_REPRESENTATION_CONTEXT() REPRESENTATION_CONTEXT('2D SPACE',''
  ) );
#5861 = ORIENTED_EDGE('',*,*,#5581,.F.);
#5862 = ORIENTED_EDGE('',*,*,#5841,.T.);
#5863 = ORIENTED_EDGE('',*,*,#2504,.F.);
#5864 = ADVANCED_FACE('',(#5865),#2560,.F.);
#5865 = FACE_BOUND('',#5866,.T.);
#5866 = EDGE_LOOP('',(#5867,#5890,#5916,#5917));
#5867 = ORIENTED_EDGE('',*,*,#5868,.F.);
#5868 = EDGE_CURVE('',#5869,#2540,#5871,.T.);
#5869 = VERTEX_POINT('',#5870);
#5870 = CARTESIAN_POINT('',(6.7,76.,38.));
#5871 = SEAM_CURVE('',#5872,(#5876,#5883),.PCURVE_S1.);
#5872 = LINE('',#5873,#5874);
#5873 = CARTESIAN_POINT('',(6.7,76.,29.));
#5874 = VECTOR('',#5875,1.);
#5875 = DIRECTION('',(0.,0.,1.));
#5876 = PCURVE('',#2560,#5877);
#5877 = DEFINITIONAL_REPRESENTATION('',(#5878),#5882);
#5878 = LINE('',#5879,#5880);
#5879 = CARTESIAN_POINT('',(-6.28318530718,0.));
#5880 = VECTOR('',#5881,1.);
#5881 = DIRECTION('',(-0.,-1.));
#5882 = ( GEOMETRIC_REPRESENTATION_CONTEXT(2) 
PARAMETRIC_REPRESENTATION_CONTEXT() REPRESENTATION_CONTEXT('2D SPACE',''
  ) );
#5883 = PCURVE('',#2560,#5884);
#5884 = DEFINITIONAL_REPRESENTATION('',(#5885),#5889);
#5885 = LINE('',#5886,#5887);
#5886 = CARTESIAN_POINT('',(-0.,0.));
#5887 = VECTOR('',#5888,1.);
#5888 = DIRECTION('',(-0.,-1.));
#5889 = ( GEOMETRIC_REPRESENTATION_CONTEXT(2) 
PARAMETRIC_REPRESENTATION_CONTEXT() REPRESENTATION_CONTEXT('2D SPACE',''
  ) );
#5890 = ORIENTED_EDGE('',*,*,#5891,.T.);
#5891 = EDGE_CURVE('',#5869,#5869,#5892,.T.);
#5892 = SURFACE_CURVE('',#5893,(#5898,#5905),.PCURVE_S1.);
#5893 = CIRCLE('',#5894,1.7);
#5894 = AXIS2_PLACEMENT_3D('',#5895,#5896,#5897);
#5895 = CARTESIAN_POINT('',(5.,76.,38.));
#5896 = DIRECTION('',(0.,0.,-1.));
#5897 = DIRECTION('',(1.,0.,0.));
#5898 = PCURVE('',#2560,#5899);
#5899 = DEFINITIONAL_REPRESENTATION('',(#5900),#5904);
#5900 = LINE('',#5901,#5902);
#5901 = CARTESIAN_POINT('',(-6.28318530718,-9.));
#5902 = VECTOR('',#5903,1.);
#5903 = DIRECTION('',(1.,-0.));
#5904 = ( GEOMETRIC_REPRESENTATION_CONTEXT(2) 
PARAMETRIC_REPRESENTATION_CONTEXT() REPRESENTATION_CONTEXT('2D SPACE',''
  ) );
#5905 = PCURVE('',#3672,#5906);
#5906 = DEFINITIONAL_REPRESENTATION('',(#5907),#5915);
#5907 = ( BOUNDED_CURVE() B_SPLINE_CURVE(2,(#5908,#5909,#5910,#5911,
#5912,#5913,#5914),.UNSPECIFIED.,.T.,.F.) B_SPLINE_CURVE_WITH_KNOTS((1,2
    ,2,2,2,1),(-2.094395102393,0.,2.094395102393,4.188790204786,
6.28318530718,8.377580409573),.UNSPECIFIED.) CURVE() 
GEOMETRIC_REPRESENTATION_ITEM() RATIONAL_B_SPLINE_CURVE((1.,0.5,1.,0.5,
1.,0.5,1.)) REPRESENTATION_ITEM('') );
#5908 = CARTESIAN_POINT('',(7.7,2.9));
#5909 = CARTESIAN_POINT('',(7.7,-4.448637286709E-02));
#5910 = CARTESIAN_POINT('',(5.15,1.427756813566));
#5911 = CARTESIAN_POINT('',(2.6,2.9));
#5912 = CARTESIAN_POINT('',(5.15,4.372243186434));
#5913 = CARTESIAN_POINT('',(7.7,5.844486372867));
#5914 = CARTESIAN_POINT('',(7.7,2.9));
#5915 = ( GEOMETRIC_REPRESENTATION_CONTEXT(2) 
PARAMETRIC_REPRESENTATION_CONTEXT() REPRESENTATION_CONTEXT('2D SPACE',''
  ) );
#5916 = ORIENTED_EDGE('',*,*,#5868,.T.);
#5917 = ORIENTED_EDGE('',*,*,#2539,.F.);
#5918 = ADVANCED_FACE('',(#5919),#2595,.F.);
#5919 = FACE_BOUND('',#5920,.T.);
#5920 = EDGE_LOOP('',(#5921,#5944,#5970,#5971));
#5921 = ORIENTED_EDGE('',*,*,#5922,.F.);
#5922 = EDGE_CURVE('',#5923,#2575,#5925,.T.);
#5923 = VERTEX_POINT('',#5924);
#5924 = CARTESIAN_POINT('',(11.7,142.,38.));
#5925 = SEAM_CURVE('',#5926,(#5930,#5937),.PCURVE_S1.);
#5926 = LINE('',#5927,#5928);
#5927 = CARTESIAN_POINT('',(11.7,142.,29.));
#5928 = VECTOR('',#5929,1.);
#5929 = DIRECTION('',(0.,0.,1.));
#5930 = PCURVE('',#2595,#5931);
#5931 = DEFINITIONAL_REPRESENTATION('',(#5932),#5936);
#5932 = LINE('',#5933,#5934);
#5933 = CARTESIAN_POINT('',(-6.28318530718,0.));
#5934 = VECTOR('',#5935,1.);
#5935 = DIRECTION('',(-0.,-1.));
#5936 = ( GEOMETRIC_REPRESENTATION_CONTEXT(2) 
PARAMETRIC_REPRESENTATION_CONTEXT() REPRESENTATION_CONTEXT('2D SPACE',''
  ) );
#5937 = PCURVE('',#2595,#5938);
#5938 = DEFINITIONAL_REPRESENTATION('',(#5939),#5943);
#5939 = LINE('',#5940,#5941);
#5940 = CARTESIAN_POINT('',(-0.,0.));
#5941 = VECTOR('',#5942,1.);
#5942 = DIRECTION('',(-0.,-1.));
#5943 = ( GEOMETRIC_REPRESENTATION_CONTEXT(2) 
PARAMETRIC_REPRESENTATION_CONTEXT() REPRESENTATION_CONTEXT('2D SPACE',''
  ) );
#5944 = ORIENTED_EDGE('',*,*,#5945,.T.);
#5945 = EDGE_CURVE('',#5923,#5923,#5946,.T.);
#5946 = SURFACE_CURVE('',#5947,(#5952,#5959),.PCURVE_S1.);
#5947 = CIRCLE('',#5948,1.7);
#5948 = AXIS2_PLACEMENT_3D('',#5949,#5950,#5951);
#5949 = CARTESIAN_POINT('',(10.,142.,38.));
#5950 = DIRECTION('',(0.,0.,-1.));
#5951 = DIRECTION('',(1.,0.,0.));
#5952 = PCURVE('',#2595,#5953);
#5953 = DEFINITIONAL_REPRESENTATION('',(#5954),#5958);
#5954 = LINE('',#5955,#5956);
#5955 = CARTESIAN_POINT('',(-6.28318530718,-9.));
#5956 = VECTOR('',#5957,1.);
#5957 = DIRECTION('',(1.,-0.));
#5958 = ( GEOMETRIC_REPRESENTATION_CONTEXT(2) 
PARAMETRIC_REPRESENTATION_CONTEXT() REPRESENTATION_CONTEXT('2D SPACE',''
  ) );
#5959 = PCURVE('',#3468,#5960);
#5960 = DEFINITIONAL_REPRESENTATION('',(#5961),#5969);
#5961 = ( BOUNDED_CURVE() B_SPLINE_CURVE(2,(#5962,#5963,#5964,#5965,
#5966,#5967,#5968),.UNSPECIFIED.,.T.,.F.) B_SPLINE_CURVE_WITH_KNOTS((1,2
    ,2,2,2,1),(-2.094395102393,0.,2.094395102393,4.188790204786,
6.28318530718,8.377580409573),.UNSPECIFIED.) CURVE() 
GEOMETRIC_REPRESENTATION_ITEM() RATIONAL_B_SPLINE_CURVE((1.,0.5,1.,0.5,
1.,0.5,1.)) REPRESENTATION_ITEM('') );
#5962 = CARTESIAN_POINT('',(12.7,2.9));
#5963 = CARTESIAN_POINT('',(12.7,-4.448637286708E-02));
#5964 = CARTESIAN_POINT('',(10.15,1.427756813566));
#5965 = CARTESIAN_POINT('',(7.6,2.9));
#5966 = CARTESIAN_POINT('',(10.15,4.372243186434));
#5967 = CARTESIAN_POINT('',(12.7,5.844486372867));
#5968 = CARTESIAN_POINT('',(12.7,2.9));
#5969 = ( GEOMETRIC_REPRESENTATION_CONTEXT(2) 
PARAMETRIC_REPRESENTATION_CONTEXT() REPRESENTATION_CONTEXT('2D SPACE',''
  ) );
#5970 = ORIENTED_EDGE('',*,*,#5922,.T.);
#5971 = ORIENTED_EDGE('',*,*,#2574,.F.);
#5972 = ADVANCED_FACE('',(#5973),#2632,.F.);
#5973 = FACE_BOUND('',#5974,.T.);
#5974 = EDGE_LOOP('',(#5975,#6006,#6027,#6028));
#5975 = ORIENTED_EDGE('',*,*,#5976,.F.);
#5976 = EDGE_CURVE('',#5977,#5979,#5981,.T.);
#5977 = VERTEX_POINT('',#5978);
#5978 = CARTESIAN_POINT('',(132.,8.1,40.));
#5979 = VERTEX_POINT('',#5980);
#5980 = CARTESIAN_POINT('',(155.9,32.,40.));
#5981 = SURFACE_CURVE('',#5982,(#5987,#5994),.PCURVE_S1.);
#5982 = CIRCLE('',#5983,23.9);
#5983 = AXIS2_PLACEMENT_3D('',#5984,#5985,#5986);
#5984 = CARTESIAN_POINT('',(132.,32.,40.));
#5985 = DIRECTION('',(0.,-0.,1.));
#5986 = DIRECTION('',(1.,0.,0.));
#5987 = PCURVE('',#2632,#5988);
#5988 = DEFINITIONAL_REPRESENTATION('',(#5989),#5993);
#5989 = LINE('',#5990,#5991);
#5990 = CARTESIAN_POINT('',(-0.,0.));
#5991 = VECTOR('',#5992,1.);
#5992 = DIRECTION('',(-1.,0.));
#5993 = ( GEOMETRIC_REPRESENTATION_CONTEXT(2) 
PARAMETRIC_REPRESENTATION_CONTEXT() REPRESENTATION_CONTEXT('2D SPACE',''
  ) );
#5994 = PCURVE('',#5995,#6000);
#5995 = PLANE('',#5996);
#5996 = AXIS2_PLACEMENT_3D('',#5997,#5998,#5999);
#5997 = CARTESIAN_POINT('',(82.,76.,40.));
#5998 = DIRECTION('',(0.,0.,1.));
#5999 = DIRECTION('',(1.,0.,-0.));
#6000 = DEFINITIONAL_REPRESENTATION('',(#6001),#6005);
#6001 = CIRCLE('',#6002,23.9);
#6002 = AXIS2_PLACEMENT_2D('',#6003,#6004);
#6003 = CARTESIAN_POINT('',(50.,-44.));
#6004 = DIRECTION('',(1.,0.));
#6005 = ( GEOMETRIC_REPRESENTATION_CONTEXT(2) 
PARAMETRIC_REPRESENTATION_CONTEXT() REPRESENTATION_CONTEXT('2D SPACE',''
  ) );
#6006 = ORIENTED_EDGE('',*,*,#6007,.T.);
#6007 = EDGE_CURVE('',#5977,#2612,#6008,.T.);
#6008 = SURFACE_CURVE('',#6009,(#6013,#6020),.PCURVE_S1.);
#6009 = LINE('',#6010,#6011);
#6010 = CARTESIAN_POINT('',(132.,8.1,40.));
#6011 = VECTOR('',#6012,1.);
#6012 = DIRECTION('',(0.,0.,1.));
#6013 = PCURVE('',#2632,#6014);
#6014 = DEFINITIONAL_REPRESENTATION('',(#6015),#6019);
#6015 = LINE('',#6016,#6017);
#6016 = CARTESIAN_POINT('',(-4.712388980385,0.));
#6017 = VECTOR('',#6018,1.);
#6018 = DIRECTION('',(-0.,-1.));
#6019 = ( GEOMETRIC_REPRESENTATION_CONTEXT(2) 
PARAMETRIC_REPRESENTATION_CONTEXT() REPRESENTATION_CONTEXT('2D SPACE',''
  ) );
#6020 = PCURVE('',#2659,#6021);
#6021 = DEFINITIONAL_REPRESENTATION('',(#6022),#6026);
#6022 = LINE('',#6023,#6024);
#6023 = CARTESIAN_POINT('',(100.,0.));
#6024 = VECTOR('',#6025,1.);
#6025 = DIRECTION('',(0.,-1.));
#6026 = ( GEOMETRIC_REPRESENTATION_CONTEXT(2) 
PARAMETRIC_REPRESENTATION_CONTEXT() REPRESENTATION_CONTEXT('2D SPACE',''
  ) );
#6027 = ORIENTED_EDGE('',*,*,#2609,.F.);
#6028 = ORIENTED_EDGE('',*,*,#6029,.F.);
#6029 = EDGE_CURVE('',#5979,#2610,#6030,.T.);
#6030 = SURFACE_CURVE('',#6031,(#6035,#6042),.PCURVE_S1.);
#6031 = LINE('',#6032,#6033);
#6032 = CARTESIAN_POINT('',(155.9,32.,40.));
#6033 = VECTOR('',#6034,1.);
#6034 = DIRECTION('',(0.,0.,1.));
#6035 = PCURVE('',#2632,#6036);
#6036 = DEFINITIONAL_REPRESENTATION('',(#6037),#6041);
#6037 = LINE('',#6038,#6039);
#6038 = CARTESIAN_POINT('',(-6.28318530718,0.));
#6039 = VECTOR('',#6040,1.);
#6040 = DIRECTION('',(-0.,-1.));
#6041 = ( GEOMETRIC_REPRESENTATION_CONTEXT(2) 
PARAMETRIC_REPRESENTATION_CONTEXT() REPRESENTATION_CONTEXT('2D SPACE',''
  ) );
#6042 = PCURVE('',#2834,#6043);
#6043 = DEFINITIONAL_REPRESENTATION('',(#6044),#6048);
#6044 = LINE('',#6045,#6046);
#6045 = CARTESIAN_POINT('',(0.,0.));
#6046 = VECTOR('',#6047,1.);
#6047 = DIRECTION('',(0.,-1.));
#6048 = ( GEOMETRIC_REPRESENTATION_CONTEXT(2) 
PARAMETRIC_REPRESENTATION_CONTEXT() REPRESENTATION_CONTEXT('2D SPACE',''
  ) );
#6049 = ADVANCED_FACE('',(#6050),#2834,.T.);
#6050 = FACE_BOUND('',#6051,.T.);
#6051 = EDGE_LOOP('',(#6052,#6075,#6076,#6077));
#6052 = ORIENTED_EDGE('',*,*,#6053,.F.);
#6053 = EDGE_CURVE('',#5979,#6054,#6056,.T.);
#6054 = VERTEX_POINT('',#6055);
#6055 = CARTESIAN_POINT('',(155.9,120.,40.));
#6056 = SURFACE_CURVE('',#6057,(#6061,#6068),.PCURVE_S1.);
#6057 = LINE('',#6058,#6059);
#6058 = CARTESIAN_POINT('',(155.9,8.1,40.));
#6059 = VECTOR('',#6060,1.);
#6060 = DIRECTION('',(0.,1.,0.));
#6061 = PCURVE('',#2834,#6062);
#6062 = DEFINITIONAL_REPRESENTATION('',(#6063),#6067);
#6063 = LINE('',#6064,#6065);
#6064 = CARTESIAN_POINT('',(-23.9,0.));
#6065 = VECTOR('',#6066,1.);
#6066 = DIRECTION('',(1.,0.));
#6067 = ( GEOMETRIC_REPRESENTATION_CONTEXT(2) 
PARAMETRIC_REPRESENTATION_CONTEXT() REPRESENTATION_CONTEXT('2D SPACE',''
  ) );
#6068 = PCURVE('',#5995,#6069);
#6069 = DEFINITIONAL_REPRESENTATION('',(#6070),#6074);
#6070 = LINE('',#6071,#6072);
#6071 = CARTESIAN_POINT('',(73.9,-67.9));
#6072 = VECTOR('',#6073,1.);
#6073 = DIRECTION('',(0.,1.));
#6074 = ( GEOMETRIC_REPRESENTATION_CONTEXT(2) 
PARAMETRIC_REPRESENTATION_CONTEXT() REPRESENTATION_CONTEXT('2D SPACE',''
  ) );
#6075 = ORIENTED_EDGE('',*,*,#6029,.T.);
#6076 = ORIENTED_EDGE('',*,*,#2821,.F.);
#6077 = ORIENTED_EDGE('',*,*,#6078,.F.);
#6078 = EDGE_CURVE('',#6054,#2789,#6079,.T.);
#6079 = SURFACE_CURVE('',#6080,(#6084,#6091),.PCURVE_S1.);
#6080 = LINE('',#6081,#6082);
#6081 = CARTESIAN_POINT('',(155.9,120.,40.));
#6082 = VECTOR('',#6083,1.);
#6083 = DIRECTION('',(0.,0.,1.));
#6084 = PCURVE('',#2834,#6085);
#6085 = DEFINITIONAL_REPRESENTATION('',(#6086),#6090);
#6086 = LINE('',#6087,#6088);
#6087 = CARTESIAN_POINT('',(88.,0.));
#6088 = VECTOR('',#6089,1.);
#6089 = DIRECTION('',(0.,-1.));
#6090 = ( GEOMETRIC_REPRESENTATION_CONTEXT(2) 
PARAMETRIC_REPRESENTATION_CONTEXT() REPRESENTATION_CONTEXT('2D SPACE',''
  ) );
#6091 = PCURVE('',#2809,#6092);
#6092 = DEFINITIONAL_REPRESENTATION('',(#6093),#6097);
#6093 = LINE('',#6094,#6095);
#6094 = CARTESIAN_POINT('',(-0.,0.));
#6095 = VECTOR('',#6096,1.);
#6096 = DIRECTION('',(-0.,-1.));
#6097 = ( GEOMETRIC_REPRESENTATION_CONTEXT(2) 
PARAMETRIC_REPRESENTATION_CONTEXT() REPRESENTATION_CONTEXT('2D SPACE',''
  ) );
#6098 = ADVANCED_FACE('',(#6099),#2659,.T.);
#6099 = FACE_BOUND('',#6100,.T.);
#6100 = EDGE_LOOP('',(#6101,#6124,#6145,#6146));
#6101 = ORIENTED_EDGE('',*,*,#6102,.F.);
#6102 = EDGE_CURVE('',#6103,#5977,#6105,.T.);
#6103 = VERTEX_POINT('',#6104);
#6104 = CARTESIAN_POINT('',(32.,8.1,40.));
#6105 = SURFACE_CURVE('',#6106,(#6110,#6117),.PCURVE_S1.);
#6106 = LINE('',#6107,#6108);
#6107 = CARTESIAN_POINT('',(8.1,8.1,40.));
#6108 = VECTOR('',#6109,1.);
#6109 = DIRECTION('',(1.,0.,0.));
#6110 = PCURVE('',#2659,#6111);
#6111 = DEFINITIONAL_REPRESENTATION('',(#6112),#6116);
#6112 = LINE('',#6113,#6114);
#6113 = CARTESIAN_POINT('',(-23.9,0.));
#6114 = VECTOR('',#6115,1.);
#6115 = DIRECTION('',(1.,0.));
#6116 = ( GEOMETRIC_REPRESENTATION_CONTEXT(2) 
PARAMETRIC_REPRESENTATION_CONTEXT() REPRESENTATION_CONTEXT('2D SPACE',''
  ) );
#6117 = PCURVE('',#5995,#6118);
#6118 = DEFINITIONAL_REPRESENTATION('',(#6119),#6123);
#6119 = LINE('',#6120,#6121);
#6120 = CARTESIAN_POINT('',(-73.9,-67.9));
#6121 = VECTOR('',#6122,1.);
#6122 = DIRECTION('',(1.,0.));
#6123 = ( GEOMETRIC_REPRESENTATION_CONTEXT(2) 
PARAMETRIC_REPRESENTATION_CONTEXT() REPRESENTATION_CONTEXT('2D SPACE',''
  ) );
#6124 = ORIENTED_EDGE('',*,*,#6125,.T.);
#6125 = EDGE_CURVE('',#6103,#2645,#6126,.T.);
#6126 = SURFACE_CURVE('',#6127,(#6131,#6138),.PCURVE_S1.);
#6127 = LINE('',#6128,#6129);
#6128 = CARTESIAN_POINT('',(32.,8.1,40.));
#6129 = VECTOR('',#6130,1.);
#6130 = DIRECTION('',(0.,0.,1.));
#6131 = PCURVE('',#2659,#6132);
#6132 = DEFINITIONAL_REPRESENTATION('',(#6133),#6137);
#6133 = LINE('',#6134,#6135);
#6134 = CARTESIAN_POINT('',(0.,0.));
#6135 = VECTOR('',#6136,1.);
#6136 = DIRECTION('',(0.,-1.));
#6137 = ( GEOMETRIC_REPRESENTATION_CONTEXT(2) 
PARAMETRIC_REPRESENTATION_CONTEXT() REPRESENTATION_CONTEXT('2D SPACE',''
  ) );
#6138 = PCURVE('',#2691,#6139);
#6139 = DEFINITIONAL_REPRESENTATION('',(#6140),#6144);
#6140 = LINE('',#6141,#6142);
#6141 = CARTESIAN_POINT('',(-4.712388980385,0.));
#6142 = VECTOR('',#6143,1.);
#6143 = DIRECTION('',(-0.,-1.));
#6144 = ( GEOMETRIC_REPRESENTATION_CONTEXT(2) 
PARAMETRIC_REPRESENTATION_CONTEXT() REPRESENTATION_CONTEXT('2D SPACE',''
  ) );
#6145 = ORIENTED_EDGE('',*,*,#2644,.F.);
#6146 = ORIENTED_EDGE('',*,*,#6007,.F.);
#6147 = ADVANCED_FACE('',(#6148),#2809,.F.);
#6148 = FACE_BOUND('',#6149,.T.);
#6149 = EDGE_LOOP('',(#6150,#6174,#6175,#6176));
#6150 = ORIENTED_EDGE('',*,*,#6151,.F.);
#6151 = EDGE_CURVE('',#6054,#6152,#6154,.T.);
#6152 = VERTEX_POINT('',#6153);
#6153 = CARTESIAN_POINT('',(132.,143.9,40.));
#6154 = SURFACE_CURVE('',#6155,(#6160,#6167),.PCURVE_S1.);
#6155 = CIRCLE('',#6156,23.9);
#6156 = AXIS2_PLACEMENT_3D('',#6157,#6158,#6159);
#6157 = CARTESIAN_POINT('',(132.,120.,40.));
#6158 = DIRECTION('',(0.,-0.,1.));
#6159 = DIRECTION('',(1.,0.,0.));
#6160 = PCURVE('',#2809,#6161);
#6161 = DEFINITIONAL_REPRESENTATION('',(#6162),#6166);
#6162 = LINE('',#6163,#6164);
#6163 = CARTESIAN_POINT('',(-0.,0.));
#6164 = VECTOR('',#6165,1.);
#6165 = DIRECTION('',(-1.,0.));
#6166 = ( GEOMETRIC_REPRESENTATION_CONTEXT(2) 
PARAMETRIC_REPRESENTATION_CONTEXT() REPRESENTATION_CONTEXT('2D SPACE',''
  ) );
#6167 = PCURVE('',#5995,#6168);
#6168 = DEFINITIONAL_REPRESENTATION('',(#6169),#6173);
#6169 = CIRCLE('',#6170,23.9);
#6170 = AXIS2_PLACEMENT_2D('',#6171,#6172);
#6171 = CARTESIAN_POINT('',(50.,44.));
#6172 = DIRECTION('',(1.,0.));
#6173 = ( GEOMETRIC_REPRESENTATION_CONTEXT(2) 
PARAMETRIC_REPRESENTATION_CONTEXT() REPRESENTATION_CONTEXT('2D SPACE',''
  ) );
#6174 = ORIENTED_EDGE('',*,*,#6078,.T.);
#6175 = ORIENTED_EDGE('',*,*,#2788,.F.);
#6176 = ORIENTED_EDGE('',*,*,#6177,.F.);
#6177 = EDGE_CURVE('',#6152,#2763,#6178,.T.);
#6178 = SURFACE_CURVE('',#6179,(#6183,#6190),.PCURVE_S1.);
#6179 = LINE('',#6180,#6181);
#6180 = CARTESIAN_POINT('',(132.,143.9,40.));
#6181 = VECTOR('',#6182,1.);
#6182 = DIRECTION('',(0.,0.,1.));
#6183 = PCURVE('',#2809,#6184);
#6184 = DEFINITIONAL_REPRESENTATION('',(#6185),#6189);
#6185 = LINE('',#6186,#6187);
#6186 = CARTESIAN_POINT('',(-1.570796326795,0.));
#6187 = VECTOR('',#6188,1.);
#6188 = DIRECTION('',(-0.,-1.));
#6189 = ( GEOMETRIC_REPRESENTATION_CONTEXT(2) 
PARAMETRIC_REPRESENTATION_CONTEXT() REPRESENTATION_CONTEXT('2D SPACE',''
  ) );
#6190 = PCURVE('',#2777,#6191);
#6191 = DEFINITIONAL_REPRESENTATION('',(#6192),#6196);
#6192 = LINE('',#6193,#6194);
#6193 = CARTESIAN_POINT('',(0.,-0.));
#6194 = VECTOR('',#6195,1.);
#6195 = DIRECTION('',(0.,-1.));
#6196 = ( GEOMETRIC_REPRESENTATION_CONTEXT(2) 
PARAMETRIC_REPRESENTATION_CONTEXT() REPRESENTATION_CONTEXT('2D SPACE',''
  ) );
#6197 = ADVANCED_FACE('',(#6198),#2691,.F.);
#6198 = FACE_BOUND('',#6199,.T.);
#6199 = EDGE_LOOP('',(#6200,#6224,#6245,#6246));
#6200 = ORIENTED_EDGE('',*,*,#6201,.F.);
#6201 = EDGE_CURVE('',#6202,#6103,#6204,.T.);
#6202 = VERTEX_POINT('',#6203);
#6203 = CARTESIAN_POINT('',(8.1,32.,40.));
#6204 = SURFACE_CURVE('',#6205,(#6210,#6217),.PCURVE_S1.);
#6205 = CIRCLE('',#6206,23.9);
#6206 = AXIS2_PLACEMENT_3D('',#6207,#6208,#6209);
#6207 = CARTESIAN_POINT('',(32.,32.,40.));
#6208 = DIRECTION('',(0.,-0.,1.));
#6209 = DIRECTION('',(1.,0.,0.));
#6210 = PCURVE('',#2691,#6211);
#6211 = DEFINITIONAL_REPRESENTATION('',(#6212),#6216);
#6212 = LINE('',#6213,#6214);
#6213 = CARTESIAN_POINT('',(-0.,0.));
#6214 = VECTOR('',#6215,1.);
#6215 = DIRECTION('',(-1.,0.));
#6216 = ( GEOMETRIC_REPRESENTATION_CONTEXT(2) 
PARAMETRIC_REPRESENTATION_CONTEXT() REPRESENTATION_CONTEXT('2D SPACE',''
  ) );
#6217 = PCURVE('',#5995,#6218);
#6218 = DEFINITIONAL_REPRESENTATION('',(#6219),#6223);
#6219 = CIRCLE('',#6220,23.9);
#6220 = AXIS2_PLACEMENT_2D('',#6221,#6222);
#6221 = CARTESIAN_POINT('',(-50.,-44.));
#6222 = DIRECTION('',(1.,0.));
#6223 = ( GEOMETRIC_REPRESENTATION_CONTEXT(2) 
PARAMETRIC_REPRESENTATION_CONTEXT() REPRESENTATION_CONTEXT('2D SPACE',''
  ) );
#6224 = ORIENTED_EDGE('',*,*,#6225,.T.);
#6225 = EDGE_CURVE('',#6202,#2671,#6226,.T.);
#6226 = SURFACE_CURVE('',#6227,(#6231,#6238),.PCURVE_S1.);
#6227 = LINE('',#6228,#6229);
#6228 = CARTESIAN_POINT('',(8.1,32.,40.));
#6229 = VECTOR('',#6230,1.);
#6230 = DIRECTION('',(0.,0.,1.));
#6231 = PCURVE('',#2691,#6232);
#6232 = DEFINITIONAL_REPRESENTATION('',(#6233),#6237);
#6233 = LINE('',#6234,#6235);
#6234 = CARTESIAN_POINT('',(-3.14159265359,0.));
#6235 = VECTOR('',#6236,1.);
#6236 = DIRECTION('',(-0.,-1.));
#6237 = ( GEOMETRIC_REPRESENTATION_CONTEXT(2) 
PARAMETRIC_REPRESENTATION_CONTEXT() REPRESENTATION_CONTEXT('2D SPACE',''
  ) );
#6238 = PCURVE('',#2718,#6239);
#6239 = DEFINITIONAL_REPRESENTATION('',(#6240),#6244);
#6240 = LINE('',#6241,#6242);
#6241 = CARTESIAN_POINT('',(88.,0.));
#6242 = VECTOR('',#6243,1.);
#6243 = DIRECTION('',(0.,-1.));
#6244 = ( GEOMETRIC_REPRESENTATION_CONTEXT(2) 
PARAMETRIC_REPRESENTATION_CONTEXT() REPRESENTATION_CONTEXT('2D SPACE',''
  ) );
#6245 = ORIENTED_EDGE('',*,*,#2670,.F.);
#6246 = ORIENTED_EDGE('',*,*,#6125,.F.);
#6247 = ADVANCED_FACE('',(#6248),#2777,.T.);
#6248 = FACE_BOUND('',#6249,.T.);
#6249 = EDGE_LOOP('',(#6250,#6273,#6274,#6275));
#6250 = ORIENTED_EDGE('',*,*,#6251,.F.);
#6251 = EDGE_CURVE('',#6152,#6252,#6254,.T.);
#6252 = VERTEX_POINT('',#6253);
#6253 = CARTESIAN_POINT('',(32.,143.9,40.));
#6254 = SURFACE_CURVE('',#6255,(#6259,#6266),.PCURVE_S1.);
#6255 = LINE('',#6256,#6257);
#6256 = CARTESIAN_POINT('',(155.9,143.9,40.));
#6257 = VECTOR('',#6258,1.);
#6258 = DIRECTION('',(-1.,0.,0.));
#6259 = PCURVE('',#2777,#6260);
#6260 = DEFINITIONAL_REPRESENTATION('',(#6261),#6265);
#6261 = LINE('',#6262,#6263);
#6262 = CARTESIAN_POINT('',(-23.9,-0.));
#6263 = VECTOR('',#6264,1.);
#6264 = DIRECTION('',(1.,0.));
#6265 = ( GEOMETRIC_REPRESENTATION_CONTEXT(2) 
PARAMETRIC_REPRESENTATION_CONTEXT() REPRESENTATION_CONTEXT('2D SPACE',''
  ) );
#6266 = PCURVE('',#5995,#6267);
#6267 = DEFINITIONAL_REPRESENTATION('',(#6268),#6272);
#6268 = LINE('',#6269,#6270);
#6269 = CARTESIAN_POINT('',(73.9,67.9));
#6270 = VECTOR('',#6271,1.);
#6271 = DIRECTION('',(-1.,0.));
#6272 = ( GEOMETRIC_REPRESENTATION_CONTEXT(2) 
PARAMETRIC_REPRESENTATION_CONTEXT() REPRESENTATION_CONTEXT('2D SPACE',''
  ) );
#6273 = ORIENTED_EDGE('',*,*,#6177,.T.);
#6274 = ORIENTED_EDGE('',*,*,#2762,.F.);
#6275 = ORIENTED_EDGE('',*,*,#6276,.F.);
#6276 = EDGE_CURVE('',#6252,#2730,#6277,.T.);
#6277 = SURFACE_CURVE('',#6278,(#6282,#6289),.PCURVE_S1.);
#6278 = LINE('',#6279,#6280);
#6279 = CARTESIAN_POINT('',(32.,143.9,40.));
#6280 = VECTOR('',#6281,1.);
#6281 = DIRECTION('',(0.,0.,1.));
#6282 = PCURVE('',#2777,#6283);
#6283 = DEFINITIONAL_REPRESENTATION('',(#6284),#6288);
#6284 = LINE('',#6285,#6286);
#6285 = CARTESIAN_POINT('',(100.,0.));
#6286 = VECTOR('',#6287,1.);
#6287 = DIRECTION('',(0.,-1.));
#6288 = ( GEOMETRIC_REPRESENTATION_CONTEXT(2) 
PARAMETRIC_REPRESENTATION_CONTEXT() REPRESENTATION_CONTEXT('2D SPACE',''
  ) );
#6289 = PCURVE('',#2750,#6290);
#6290 = DEFINITIONAL_REPRESENTATION('',(#6291),#6295);
#6291 = LINE('',#6292,#6293);
#6292 = CARTESIAN_POINT('',(-1.570796326795,0.));
#6293 = VECTOR('',#6294,1.);
#6294 = DIRECTION('',(-0.,-1.));
#6295 = ( GEOMETRIC_REPRESENTATION_CONTEXT(2) 
PARAMETRIC_REPRESENTATION_CONTEXT() REPRESENTATION_CONTEXT('2D SPACE',''
  ) );
#6296 = ADVANCED_FACE('',(#6297),#2718,.T.);
#6297 = FACE_BOUND('',#6298,.T.);
#6298 = EDGE_LOOP('',(#6299,#6322,#6343,#6344));
#6299 = ORIENTED_EDGE('',*,*,#6300,.F.);
#6300 = EDGE_CURVE('',#6301,#6202,#6303,.T.);
#6301 = VERTEX_POINT('',#6302);
#6302 = CARTESIAN_POINT('',(8.1,120.,40.));
#6303 = SURFACE_CURVE('',#6304,(#6308,#6315),.PCURVE_S1.);
#6304 = LINE('',#6305,#6306);
#6305 = CARTESIAN_POINT('',(8.1,143.9,40.));
#6306 = VECTOR('',#6307,1.);
#6307 = DIRECTION('',(0.,-1.,0.));
#6308 = PCURVE('',#2718,#6309);
#6309 = DEFINITIONAL_REPRESENTATION('',(#6310),#6314);
#6310 = LINE('',#6311,#6312);
#6311 = CARTESIAN_POINT('',(-23.9,0.));
#6312 = VECTOR('',#6313,1.);
#6313 = DIRECTION('',(1.,0.));
#6314 = ( GEOMETRIC_REPRESENTATION_CONTEXT(2) 
PARAMETRIC_REPRESENTATION_CONTEXT() REPRESENTATION_CONTEXT('2D SPACE',''
  ) );
#6315 = PCURVE('',#5995,#6316);
#6316 = DEFINITIONAL_REPRESENTATION('',(#6317),#6321);
#6317 = LINE('',#6318,#6319);
#6318 = CARTESIAN_POINT('',(-73.9,67.9));
#6319 = VECTOR('',#6320,1.);
#6320 = DIRECTION('',(0.,-1.));
#6321 = ( GEOMETRIC_REPRESENTATION_CONTEXT(2) 
PARAMETRIC_REPRESENTATION_CONTEXT() REPRESENTATION_CONTEXT('2D SPACE',''
  ) );
#6322 = ORIENTED_EDGE('',*,*,#6323,.T.);
#6323 = EDGE_CURVE('',#6301,#2704,#6324,.T.);
#6324 = SURFACE_CURVE('',#6325,(#6329,#6336),.PCURVE_S1.);
#6325 = LINE('',#6326,#6327);
#6326 = CARTESIAN_POINT('',(8.1,120.,40.));
#6327 = VECTOR('',#6328,1.);
#6328 = DIRECTION('',(0.,0.,1.));
#6329 = PCURVE('',#2718,#6330);
#6330 = DEFINITIONAL_REPRESENTATION('',(#6331),#6335);
#6331 = LINE('',#6332,#6333);
#6332 = CARTESIAN_POINT('',(0.,0.));
#6333 = VECTOR('',#6334,1.);
#6334 = DIRECTION('',(0.,-1.));
#6335 = ( GEOMETRIC_REPRESENTATION_CONTEXT(2) 
PARAMETRIC_REPRESENTATION_CONTEXT() REPRESENTATION_CONTEXT('2D SPACE',''
  ) );
#6336 = PCURVE('',#2750,#6337);
#6337 = DEFINITIONAL_REPRESENTATION('',(#6338),#6342);
#6338 = LINE('',#6339,#6340);
#6339 = CARTESIAN_POINT('',(-3.14159265359,0.));
#6340 = VECTOR('',#6341,1.);
#6341 = DIRECTION('',(-0.,-1.));
#6342 = ( GEOMETRIC_REPRESENTATION_CONTEXT(2) 
PARAMETRIC_REPRESENTATION_CONTEXT() REPRESENTATION_CONTEXT('2D SPACE',''
  ) );
#6343 = ORIENTED_EDGE('',*,*,#2703,.F.);
#6344 = ORIENTED_EDGE('',*,*,#6225,.F.);
#6345 = ADVANCED_FACE('',(#6346),#2750,.F.);
#6346 = FACE_BOUND('',#6347,.T.);
#6347 = EDGE_LOOP('',(#6348,#6370,#6371,#6372));
#6348 = ORIENTED_EDGE('',*,*,#6349,.F.);
#6349 = EDGE_CURVE('',#6252,#6301,#6350,.T.);
#6350 = SURFACE_CURVE('',#6351,(#6356,#6363),.PCURVE_S1.);
#6351 = CIRCLE('',#6352,23.9);
#6352 = AXIS2_PLACEMENT_3D('',#6353,#6354,#6355);
#6353 = CARTESIAN_POINT('',(32.,120.,40.));
#6354 = DIRECTION('',(0.,-0.,1.));
#6355 = DIRECTION('',(1.,0.,0.));
#6356 = PCURVE('',#2750,#6357);
#6357 = DEFINITIONAL_REPRESENTATION('',(#6358),#6362);
#6358 = LINE('',#6359,#6360);
#6359 = CARTESIAN_POINT('',(-0.,0.));
#6360 = VECTOR('',#6361,1.);
#6361 = DIRECTION('',(-1.,0.));
#6362 = ( GEOMETRIC_REPRESENTATION_CONTEXT(2) 
PARAMETRIC_REPRESENTATION_CONTEXT() REPRESENTATION_CONTEXT('2D SPACE',''
  ) );
#6363 = PCURVE('',#5995,#6364);
#6364 = DEFINITIONAL_REPRESENTATION('',(#6365),#6369);
#6365 = CIRCLE('',#6366,23.9);
#6366 = AXIS2_PLACEMENT_2D('',#6367,#6368);
#6367 = CARTESIAN_POINT('',(-50.,44.));
#6368 = DIRECTION('',(1.,0.));
#6369 = ( GEOMETRIC_REPRESENTATION_CONTEXT(2) 
PARAMETRIC_REPRESENTATION_CONTEXT() REPRESENTATION_CONTEXT('2D SPACE',''
  ) );
#6370 = ORIENTED_EDGE('',*,*,#6276,.T.);
#6371 = ORIENTED_EDGE('',*,*,#2729,.F.);
#6372 = ORIENTED_EDGE('',*,*,#6323,.F.);
#6373 = ADVANCED_FACE('',(#6374),#2868,.F.);
#6374 = FACE_BOUND('',#6375,.T.);
#6375 = EDGE_LOOP('',(#6376,#6399,#6425,#6426));
#6376 = ORIENTED_EDGE('',*,*,#6377,.F.);
#6377 = EDGE_CURVE('',#6378,#2848,#6380,.T.);
#6378 = VERTEX_POINT('',#6379);
#6379 = CARTESIAN_POINT('',(160.7,76.,38.));
#6380 = SEAM_CURVE('',#6381,(#6385,#6392),.PCURVE_S1.);
#6381 = LINE('',#6382,#6383);
#6382 = CARTESIAN_POINT('',(160.7,76.,29.));
#6383 = VECTOR('',#6384,1.);
#6384 = DIRECTION('',(0.,0.,1.));
#6385 = PCURVE('',#2868,#6386);
#6386 = DEFINITIONAL_REPRESENTATION('',(#6387),#6391);
#6387 = LINE('',#6388,#6389);
#6388 = CARTESIAN_POINT('',(-6.28318530718,0.));
#6389 = VECTOR('',#6390,1.);
#6390 = DIRECTION('',(-0.,-1.));
#6391 = ( GEOMETRIC_REPRESENTATION_CONTEXT(2) 
PARAMETRIC_REPRESENTATION_CONTEXT() REPRESENTATION_CONTEXT('2D SPACE',''
  ) );
#6392 = PCURVE('',#2868,#6393);
#6393 = DEFINITIONAL_REPRESENTATION('',(#6394),#6398);
#6394 = LINE('',#6395,#6396);
#6395 = CARTESIAN_POINT('',(-0.,0.));
#6396 = VECTOR('',#6397,1.);
#6397 = DIRECTION('',(-0.,-1.));
#6398 = ( GEOMETRIC_REPRESENTATION_CONTEXT(2) 
PARAMETRIC_REPRESENTATION_CONTEXT() REPRESENTATION_CONTEXT('2D SPACE',''
  ) );
#6399 = ORIENTED_EDGE('',*,*,#6400,.T.);
#6400 = EDGE_CURVE('',#6378,#6378,#6401,.T.);
#6401 = SURFACE_CURVE('',#6402,(#6407,#6414),.PCURVE_S1.);
#6402 = CIRCLE('',#6403,1.7);
#6403 = AXIS2_PLACEMENT_3D('',#6404,#6405,#6406);
#6404 = CARTESIAN_POINT('',(159.,76.,38.));
#6405 = DIRECTION('',(0.,0.,-1.));
#6406 = DIRECTION('',(1.,0.,0.));
#6407 = PCURVE('',#2868,#6408);
#6408 = DEFINITIONAL_REPRESENTATION('',(#6409),#6413);
#6409 = LINE('',#6410,#6411);
#6410 = CARTESIAN_POINT('',(-6.28318530718,-9.));
#6411 = VECTOR('',#6412,1.);
#6412 = DIRECTION('',(1.,-0.));
#6413 = ( GEOMETRIC_REPRESENTATION_CONTEXT(2) 
PARAMETRIC_REPRESENTATION_CONTEXT() REPRESENTATION_CONTEXT('2D SPACE',''
  ) );
#6414 = PCURVE('',#4268,#6415);
#6415 = DEFINITIONAL_REPRESENTATION('',(#6416),#6424);
#6416 = ( BOUNDED_CURVE() B_SPLINE_CURVE(2,(#6417,#6418,#6419,#6420,
#6421,#6422,#6423),.UNSPECIFIED.,.T.,.F.) B_SPLINE_CURVE_WITH_KNOTS((1,2
    ,2,2,2,1),(-2.094395102393,0.,2.094395102393,4.188790204786,
6.28318530718,8.377580409573),.UNSPECIFIED.) CURVE() 
GEOMETRIC_REPRESENTATION_ITEM() RATIONAL_B_SPLINE_CURVE((1.,0.5,1.,0.5,
1.,0.5,1.)) REPRESENTATION_ITEM('') );
#6417 = CARTESIAN_POINT('',(1.7,2.9));
#6418 = CARTESIAN_POINT('',(1.7,-4.448637286707E-02));
#6419 = CARTESIAN_POINT('',(-0.85,1.427756813566));
#6420 = CARTESIAN_POINT('',(-3.4,2.9));
#6421 = CARTESIAN_POINT('',(-0.85,4.372243186434));
#6422 = CARTESIAN_POINT('',(1.7,5.844486372867));
#6423 = CARTESIAN_POINT('',(1.7,2.9));
#6424 = ( GEOMETRIC_REPRESENTATION_CONTEXT(2) 
PARAMETRIC_REPRESENTATION_CONTEXT() REPRESENTATION_CONTEXT('2D SPACE',''
  ) );
#6425 = ORIENTED_EDGE('',*,*,#6377,.T.);
#6426 = ORIENTED_EDGE('',*,*,#2847,.F.);
#6427 = ADVANCED_FACE('',(#6428),#2903,.F.);
#6428 = FACE_BOUND('',#6429,.T.);
#6429 = EDGE_LOOP('',(#6430,#6453,#6479,#6480));
#6430 = ORIENTED_EDGE('',*,*,#6431,.F.);
#6431 = EDGE_CURVE('',#6432,#2883,#6434,.T.);
#6432 = VERTEX_POINT('',#6433);
#6433 = CARTESIAN_POINT('',(155.7,142.,38.));
#6434 = SEAM_CURVE('',#6435,(#6439,#6446),.PCURVE_S1.);
#6435 = LINE('',#6436,#6437);
#6436 = CARTESIAN_POINT('',(155.7,142.,29.));
#6437 = VECTOR('',#6438,1.);
#6438 = DIRECTION('',(0.,0.,1.));
#6439 = PCURVE('',#2903,#6440);
#6440 = DEFINITIONAL_REPRESENTATION('',(#6441),#6445);
#6441 = LINE('',#6442,#6443);
#6442 = CARTESIAN_POINT('',(-6.28318530718,0.));
#6443 = VECTOR('',#6444,1.);
#6444 = DIRECTION('',(-0.,-1.));
#6445 = ( GEOMETRIC_REPRESENTATION_CONTEXT(2) 
PARAMETRIC_REPRESENTATION_CONTEXT() REPRESENTATION_CONTEXT('2D SPACE',''
  ) );
#6446 = PCURVE('',#2903,#6447);
#6447 = DEFINITIONAL_REPRESENTATION('',(#6448),#6452);
#6448 = LINE('',#6449,#6450);
#6449 = CARTESIAN_POINT('',(-0.,0.));
#6450 = VECTOR('',#6451,1.);
#6451 = DIRECTION('',(-0.,-1.));
#6452 = ( GEOMETRIC_REPRESENTATION_CONTEXT(2) 
PARAMETRIC_REPRESENTATION_CONTEXT() REPRESENTATION_CONTEXT('2D SPACE',''
  ) );
#6453 = ORIENTED_EDGE('',*,*,#6454,.T.);
#6454 = EDGE_CURVE('',#6432,#6432,#6455,.T.);
#6455 = SURFACE_CURVE('',#6456,(#6461,#6468),.PCURVE_S1.);
#6456 = CIRCLE('',#6457,1.7);
#6457 = AXIS2_PLACEMENT_3D('',#6458,#6459,#6460);
#6458 = CARTESIAN_POINT('',(154.,142.,38.));
#6459 = DIRECTION('',(0.,0.,-1.));
#6460 = DIRECTION('',(1.,0.,0.));
#6461 = PCURVE('',#2903,#6462);
#6462 = DEFINITIONAL_REPRESENTATION('',(#6463),#6467);
#6463 = LINE('',#6464,#6465);
#6464 = CARTESIAN_POINT('',(-6.28318530718,-9.));
#6465 = VECTOR('',#6466,1.);
#6466 = DIRECTION('',(1.,-0.));
#6467 = ( GEOMETRIC_REPRESENTATION_CONTEXT(2) 
PARAMETRIC_REPRESENTATION_CONTEXT() REPRESENTATION_CONTEXT('2D SPACE',''
  ) );
#6468 = PCURVE('',#4070,#6469);
#6469 = DEFINITIONAL_REPRESENTATION('',(#6470),#6478);
#6470 = ( BOUNDED_CURVE() B_SPLINE_CURVE(2,(#6471,#6472,#6473,#6474,
#6475,#6476,#6477),.UNSPECIFIED.,.T.,.F.) B_SPLINE_CURVE_WITH_KNOTS((1,2
    ,2,2,2,1),(-2.094395102393,0.,2.094395102393,4.188790204786,
6.28318530718,8.377580409573),.UNSPECIFIED.) CURVE() 
GEOMETRIC_REPRESENTATION_ITEM() RATIONAL_B_SPLINE_CURVE((1.,0.5,1.,0.5,
1.,0.5,1.)) REPRESENTATION_ITEM('') );
#6471 = CARTESIAN_POINT('',(1.7,2.9));
#6472 = CARTESIAN_POINT('',(1.7,-4.448637286707E-02));
#6473 = CARTESIAN_POINT('',(-0.85,1.427756813566));
#6474 = CARTESIAN_POINT('',(-3.4,2.9));
#6475 = CARTESIAN_POINT('',(-0.85,4.372243186434));
#6476 = CARTESIAN_POINT('',(1.7,5.844486372867));
#6477 = CARTESIAN_POINT('',(1.7,2.9));
#6478 = ( GEOMETRIC_REPRESENTATION_CONTEXT(2) 
PARAMETRIC_REPRESENTATION_CONTEXT() REPRESENTATION_CONTEXT('2D SPACE',''
  ) );
#6479 = ORIENTED_EDGE('',*,*,#6431,.T.);
#6480 = ORIENTED_EDGE('',*,*,#2882,.F.);
#6481 = ADVANCED_FACE('',(#6482),#2961,.T.);
#6482 = FACE_BOUND('',#6483,.T.);
#6483 = EDGE_LOOP('',(#6484,#6507,#6535,#6556));
#6484 = ORIENTED_EDGE('',*,*,#6485,.T.);
#6485 = EDGE_CURVE('',#2945,#6486,#6488,.T.);
#6486 = VERTEX_POINT('',#6487);
#6487 = CARTESIAN_POINT('',(11.67431578065,7.1,38.));
#6488 = SURFACE_CURVE('',#6489,(#6493,#6500),.PCURVE_S1.);
#6489 = LINE('',#6490,#6491);
#6490 = CARTESIAN_POINT('',(1.818456583831,7.1,38.));
#6491 = VECTOR('',#6492,1.);
#6492 = DIRECTION('',(1.,-9.011679265739E-17,0.));
#6493 = PCURVE('',#2961,#6494);
#6494 = DEFINITIONAL_REPRESENTATION('',(#6495),#6499);
#6495 = LINE('',#6496,#6497);
#6496 = CARTESIAN_POINT('',(2.8,2.818456583831));
#6497 = VECTOR('',#6498,1.);
#6498 = DIRECTION('',(0.,1.));
#6499 = ( GEOMETRIC_REPRESENTATION_CONTEXT(2) 
PARAMETRIC_REPRESENTATION_CONTEXT() REPRESENTATION_CONTEXT('2D SPACE',''
  ) );
#6500 = PCURVE('',#2990,#6501);
#6501 = DEFINITIONAL_REPRESENTATION('',(#6502),#6506);
#6502 = LINE('',#6503,#6504);
#6503 = CARTESIAN_POINT('',(2.818456583831,0.));
#6504 = VECTOR('',#6505,1.);
#6505 = DIRECTION('',(1.,-9.011679265739E-17));
#6506 = ( GEOMETRIC_REPRESENTATION_CONTEXT(2) 
PARAMETRIC_REPRESENTATION_CONTEXT() REPRESENTATION_CONTEXT('2D SPACE',''
  ) );
#6507 = ORIENTED_EDGE('',*,*,#6508,.F.);
#6508 = EDGE_CURVE('',#6509,#6486,#6511,.T.);
#6509 = VERTEX_POINT('',#6510);
#6510 = CARTESIAN_POINT('',(11.67431578065,7.1,35.2));
#6511 = SURFACE_CURVE('',#6512,(#6516,#6523),.PCURVE_S1.);
#6512 = LINE('',#6513,#6514);
#6513 = CARTESIAN_POINT('',(11.67431578065,7.1,35.2));
#6514 = VECTOR('',#6515,1.);
#6515 = DIRECTION('',(0.,0.,1.));
#6516 = PCURVE('',#2961,#6517);
#6517 = DEFINITIONAL_REPRESENTATION('',(#6518),#6522);
#6518 = LINE('',#6519,#6520);
#6519 = CARTESIAN_POINT('',(0.,12.67431578065));
#6520 = VECTOR('',#6521,1.);
#6521 = DIRECTION('',(1.,0.));
#6522 = ( GEOMETRIC_REPRESENTATION_CONTEXT(2) 
PARAMETRIC_REPRESENTATION_CONTEXT() REPRESENTATION_CONTEXT('2D SPACE',''
  ) );
#6523 = PCURVE('',#6524,#6529);
#6524 = PLANE('',#6525);
#6525 = AXIS2_PLACEMENT_3D('',#6526,#6527,#6528);
#6526 = CARTESIAN_POINT('',(11.67431578065,7.1,35.2));
#6527 = DIRECTION('',(-0.866025403784,0.5,0.));
#6528 = DIRECTION('',(0.5,0.866025403784,0.));
#6529 = DEFINITIONAL_REPRESENTATION('',(#6530),#6534);
#6530 = LINE('',#6531,#6532);
#6531 = CARTESIAN_POINT('',(0.,0.));
#6532 = VECTOR('',#6533,1.);
#6533 = DIRECTION('',(0.,-1.));
#6534 = ( GEOMETRIC_REPRESENTATION_CONTEXT(2) 
PARAMETRIC_REPRESENTATION_CONTEXT() REPRESENTATION_CONTEXT('2D SPACE',''
  ) );
#6535 = ORIENTED_EDGE('',*,*,#6536,.T.);
#6536 = EDGE_CURVE('',#6509,#2947,#6537,.T.);
#6537 = SURFACE_CURVE('',#6538,(#6542,#6549),.PCURVE_S1.);
#6538 = LINE('',#6539,#6540);
#6539 = CARTESIAN_POINT('',(11.67431578065,7.1,35.2));
#6540 = VECTOR('',#6541,1.);
#6541 = DIRECTION('',(-1.,9.011679265739E-17,0.));
#6542 = PCURVE('',#2961,#6543);
#6543 = DEFINITIONAL_REPRESENTATION('',(#6544),#6548);
#6544 = LINE('',#6545,#6546);
#6545 = CARTESIAN_POINT('',(0.,12.67431578065));
#6546 = VECTOR('',#6547,1.);
#6547 = DIRECTION('',(0.,-1.));
#6548 = ( GEOMETRIC_REPRESENTATION_CONTEXT(2) 
PARAMETRIC_REPRESENTATION_CONTEXT() REPRESENTATION_CONTEXT('2D SPACE',''
  ) );
#6549 = PCURVE('',#3048,#6550);
#6550 = DEFINITIONAL_REPRESENTATION('',(#6551),#6555);
#6551 = LINE('',#6552,#6553);
#6552 = CARTESIAN_POINT('',(12.67431578065,-8.881784197001E-16));
#6553 = VECTOR('',#6554,1.);
#6554 = DIRECTION('',(-1.,9.011679265739E-17));
#6555 = ( GEOMETRIC_REPRESENTATION_CONTEXT(2) 
PARAMETRIC_REPRESENTATION_CONTEXT() REPRESENTATION_CONTEXT('2D SPACE',''
  ) );
#6556 = ORIENTED_EDGE('',*,*,#2944,.F.);
#6557 = ADVANCED_FACE('',(#6558,#6634),#3048,.T.);
#6558 = FACE_BOUND('',#6559,.T.);
#6559 = EDGE_LOOP('',(#6560,#6561,#6562,#6585,#6613));
#6560 = ORIENTED_EDGE('',*,*,#3033,.F.);
#6561 = ORIENTED_EDGE('',*,*,#6536,.F.);
#6562 = ORIENTED_EDGE('',*,*,#6563,.T.);
#6563 = EDGE_CURVE('',#6509,#6564,#6566,.T.);
#6564 = VERTEX_POINT('',#6565);
#6565 = CARTESIAN_POINT('',(13.3486315613,10.,35.2));
#6566 = SURFACE_CURVE('',#6567,(#6571,#6578),.PCURVE_S1.);
#6567 = LINE('',#6568,#6569);
#6568 = CARTESIAN_POINT('',(11.67431578065,7.1,35.2));
#6569 = VECTOR('',#6570,1.);
#6570 = DIRECTION('',(0.5,0.866025403784,0.));
#6571 = PCURVE('',#3048,#6572);
#6572 = DEFINITIONAL_REPRESENTATION('',(#6573),#6577);
#6573 = LINE('',#6574,#6575);
#6574 = CARTESIAN_POINT('',(12.67431578065,-8.881784197001E-16));
#6575 = VECTOR('',#6576,1.);
#6576 = DIRECTION('',(0.5,0.866025403784));
#6577 = ( GEOMETRIC_REPRESENTATION_CONTEXT(2) 
PARAMETRIC_REPRESENTATION_CONTEXT() REPRESENTATION_CONTEXT('2D SPACE',''
  ) );
#6578 = PCURVE('',#6524,#6579);
#6579 = DEFINITIONAL_REPRESENTATION('',(#6580),#6584);
#6580 = LINE('',#6581,#6582);
#6581 = CARTESIAN_POINT('',(0.,0.));
#6582 = VECTOR('',#6583,1.);
#6583 = DIRECTION('',(1.,0.));
#6584 = ( GEOMETRIC_REPRESENTATION_CONTEXT(2) 
PARAMETRIC_REPRESENTATION_CONTEXT() REPRESENTATION_CONTEXT('2D SPACE',''
  ) );
#6585 = ORIENTED_EDGE('',*,*,#6586,.T.);
#6586 = EDGE_CURVE('',#6564,#6587,#6589,.T.);
#6587 = VERTEX_POINT('',#6588);
#6588 = CARTESIAN_POINT('',(11.67431578065,12.9,35.2));
#6589 = SURFACE_CURVE('',#6590,(#6594,#6601),.PCURVE_S1.);
#6590 = LINE('',#6591,#6592);
#6591 = CARTESIAN_POINT('',(13.3486315613,10.,35.2));
#6592 = VECTOR('',#6593,1.);
#6593 = DIRECTION('',(-0.5,0.866025403784,0.));
#6594 = PCURVE('',#3048,#6595);
#6595 = DEFINITIONAL_REPRESENTATION('',(#6596),#6600);
#6596 = LINE('',#6597,#6598);
#6597 = CARTESIAN_POINT('',(14.3486315613,2.9));
#6598 = VECTOR('',#6599,1.);
#6599 = DIRECTION('',(-0.5,0.866025403784));
#6600 = ( GEOMETRIC_REPRESENTATION_CONTEXT(2) 
PARAMETRIC_REPRESENTATION_CONTEXT() REPRESENTATION_CONTEXT('2D SPACE',''
  ) );
#6601 = PCURVE('',#6602,#6607);
#6602 = PLANE('',#6603);
#6603 = AXIS2_PLACEMENT_3D('',#6604,#6605,#6606);
#6604 = CARTESIAN_POINT('',(13.3486315613,10.,35.2));
#6605 = DIRECTION('',(-0.866025403784,-0.5,0.));
#6606 = DIRECTION('',(-0.5,0.866025403784,0.));
#6607 = DEFINITIONAL_REPRESENTATION('',(#6608),#6612);
#6608 = LINE('',#6609,#6610);
#6609 = CARTESIAN_POINT('',(0.,0.));
#6610 = VECTOR('',#6611,1.);
#6611 = DIRECTION('',(1.,0.));
#6612 = ( GEOMETRIC_REPRESENTATION_CONTEXT(2) 
PARAMETRIC_REPRESENTATION_CONTEXT() REPRESENTATION_CONTEXT('2D SPACE',''
  ) );
#6613 = ORIENTED_EDGE('',*,*,#6614,.T.);
#6614 = EDGE_CURVE('',#6587,#3007,#6615,.T.);
#6615 = SURFACE_CURVE('',#6616,(#6620,#6627),.PCURVE_S1.);
#6616 = LINE('',#6617,#6618);
#6617 = CARTESIAN_POINT('',(11.67431578065,12.9,35.2));
#6618 = VECTOR('',#6619,1.);
#6619 = DIRECTION('',(-1.,-1.527256088214E-16,0.));
#6620 = PCURVE('',#3048,#6621);
#6621 = DEFINITIONAL_REPRESENTATION('',(#6622),#6626);
#6622 = LINE('',#6623,#6624);
#6623 = CARTESIAN_POINT('',(12.67431578065,5.8));
#6624 = VECTOR('',#6625,1.);
#6625 = DIRECTION('',(-1.,-1.527256088214E-16));
#6626 = ( GEOMETRIC_REPRESENTATION_CONTEXT(2) 
PARAMETRIC_REPRESENTATION_CONTEXT() REPRESENTATION_CONTEXT('2D SPACE',''
  ) );
#6627 = PCURVE('',#3021,#6628);
#6628 = DEFINITIONAL_REPRESENTATION('',(#6629),#6633);
#6629 = LINE('',#6630,#6631);
#6630 = CARTESIAN_POINT('',(0.,12.67431578065));
#6631 = VECTOR('',#6632,1.);
#6632 = DIRECTION('',(0.,-1.));
#6633 = ( GEOMETRIC_REPRESENTATION_CONTEXT(2) 
PARAMETRIC_REPRESENTATION_CONTEXT() REPRESENTATION_CONTEXT('2D SPACE',''
  ) );
#6634 = FACE_BOUND('',#6635,.T.);
#6635 = EDGE_LOOP('',(#6636));
#6636 = ORIENTED_EDGE('',*,*,#6637,.T.);
#6637 = EDGE_CURVE('',#6638,#6638,#6640,.T.);
#6638 = VERTEX_POINT('',#6639);
#6639 = CARTESIAN_POINT('',(11.7,10.,35.2));
#6640 = SURFACE_CURVE('',#6641,(#6646,#6657),.PCURVE_S1.);
#6641 = CIRCLE('',#6642,1.7);
#6642 = AXIS2_PLACEMENT_3D('',#6643,#6644,#6645);
#6643 = CARTESIAN_POINT('',(10.,10.,35.2));
#6644 = DIRECTION('',(0.,0.,-1.));
#6645 = DIRECTION('',(1.,0.,0.));
#6646 = PCURVE('',#3048,#6647);
#6647 = DEFINITIONAL_REPRESENTATION('',(#6648),#6656);
#6648 = ( BOUNDED_CURVE() B_SPLINE_CURVE(2,(#6649,#6650,#6651,#6652,
#6653,#6654,#6655),.UNSPECIFIED.,.T.,.F.) B_SPLINE_CURVE_WITH_KNOTS((1,2
    ,2,2,2,1),(-2.094395102393,0.,2.094395102393,4.188790204786,
6.28318530718,8.377580409573),.UNSPECIFIED.) CURVE() 
GEOMETRIC_REPRESENTATION_ITEM() RATIONAL_B_SPLINE_CURVE((1.,0.5,1.,0.5,
1.,0.5,1.)) REPRESENTATION_ITEM('') );
#6649 = CARTESIAN_POINT('',(12.7,2.9));
#6650 = CARTESIAN_POINT('',(12.7,-4.448637286709E-02));
#6651 = CARTESIAN_POINT('',(10.15,1.427756813566));
#6652 = CARTESIAN_POINT('',(7.6,2.9));
#6653 = CARTESIAN_POINT('',(10.15,4.372243186434));
#6654 = CARTESIAN_POINT('',(12.7,5.844486372867));
#6655 = CARTESIAN_POINT('',(12.7,2.9));
#6656 = ( GEOMETRIC_REPRESENTATION_CONTEXT(2) 
PARAMETRIC_REPRESENTATION_CONTEXT() REPRESENTATION_CONTEXT('2D SPACE',''
  ) );
#6657 = PCURVE('',#6658,#6663);
#6658 = CYLINDRICAL_SURFACE('',#6659,1.7);
#6659 = AXIS2_PLACEMENT_3D('',#6660,#6661,#6662);
#6660 = CARTESIAN_POINT('',(10.,10.,29.));
#6661 = DIRECTION('',(-0.,-0.,-1.));
#6662 = DIRECTION('',(1.,0.,0.));
#6663 = DEFINITIONAL_REPRESENTATION('',(#6664),#6668);
#6664 = LINE('',#6665,#6666);
#6665 = CARTESIAN_POINT('',(-6.28318530718,-6.2));
#6666 = VECTOR('',#6667,1.);
#6667 = DIRECTION('',(1.,-0.));
#6668 = ( GEOMETRIC_REPRESENTATION_CONTEXT(2) 
PARAMETRIC_REPRESENTATION_CONTEXT() REPRESENTATION_CONTEXT('2D SPACE',''
  ) );
#6669 = ADVANCED_FACE('',(#6670),#3021,.F.);
#6670 = FACE_BOUND('',#6671,.F.);
#6671 = EDGE_LOOP('',(#6672,#6695,#6716,#6717));
#6672 = ORIENTED_EDGE('',*,*,#6673,.F.);
#6673 = EDGE_CURVE('',#6674,#2974,#6676,.T.);
#6674 = VERTEX_POINT('',#6675);
#6675 = CARTESIAN_POINT('',(11.67431578065,12.9,38.));
#6676 = SURFACE_CURVE('',#6677,(#6681,#6688),.PCURVE_S1.);
#6677 = LINE('',#6678,#6679);
#6678 = CARTESIAN_POINT('',(11.67431578065,12.9,38.));
#6679 = VECTOR('',#6680,1.);
#6680 = DIRECTION('',(-1.,-1.527256088214E-16,0.));
#6681 = PCURVE('',#3021,#6682);
#6682 = DEFINITIONAL_REPRESENTATION('',(#6683),#6687);
#6683 = LINE('',#6684,#6685);
#6684 = CARTESIAN_POINT('',(2.8,12.67431578065));
#6685 = VECTOR('',#6686,1.);
#6686 = DIRECTION('',(0.,-1.));
#6687 = ( GEOMETRIC_REPRESENTATION_CONTEXT(2) 
PARAMETRIC_REPRESENTATION_CONTEXT() REPRESENTATION_CONTEXT('2D SPACE',''
  ) );
#6688 = PCURVE('',#2990,#6689);
#6689 = DEFINITIONAL_REPRESENTATION('',(#6690),#6694);
#6690 = LINE('',#6691,#6692);
#6691 = CARTESIAN_POINT('',(12.67431578065,5.8));
#6692 = VECTOR('',#6693,1.);
#6693 = DIRECTION('',(-1.,-1.527256088214E-16));
#6694 = ( GEOMETRIC_REPRESENTATION_CONTEXT(2) 
PARAMETRIC_REPRESENTATION_CONTEXT() REPRESENTATION_CONTEXT('2D SPACE',''
  ) );
#6695 = ORIENTED_EDGE('',*,*,#6696,.F.);
#6696 = EDGE_CURVE('',#6587,#6674,#6697,.T.);
#6697 = SURFACE_CURVE('',#6698,(#6702,#6709),.PCURVE_S1.);
#6698 = LINE('',#6699,#6700);
#6699 = CARTESIAN_POINT('',(11.67431578065,12.9,35.2));
#6700 = VECTOR('',#6701,1.);
#6701 = DIRECTION('',(0.,0.,1.));
#6702 = PCURVE('',#3021,#6703);
#6703 = DEFINITIONAL_REPRESENTATION('',(#6704),#6708);
#6704 = LINE('',#6705,#6706);
#6705 = CARTESIAN_POINT('',(0.,12.67431578065));
#6706 = VECTOR('',#6707,1.);
#6707 = DIRECTION('',(1.,0.));
#6708 = ( GEOMETRIC_REPRESENTATION_CONTEXT(2) 
PARAMETRIC_REPRESENTATION_CONTEXT() REPRESENTATION_CONTEXT('2D SPACE',''
  ) );
#6709 = PCURVE('',#6602,#6710);
#6710 = DEFINITIONAL_REPRESENTATION('',(#6711),#6715);
#6711 = LINE('',#6712,#6713);
#6712 = CARTESIAN_POINT('',(3.3486315613,0.));
#6713 = VECTOR('',#6714,1.);
#6714 = DIRECTION('',(0.,-1.));
#6715 = ( GEOMETRIC_REPRESENTATION_CONTEXT(2) 
PARAMETRIC_REPRESENTATION_CONTEXT() REPRESENTATION_CONTEXT('2D SPACE',''
  ) );
#6716 = ORIENTED_EDGE('',*,*,#6614,.T.);
#6717 = ORIENTED_EDGE('',*,*,#3006,.F.);
#6718 = ADVANCED_FACE('',(#6719,#6768),#2990,.F.);
#6719 = FACE_BOUND('',#6720,.F.);
#6720 = EDGE_LOOP('',(#6721,#6722,#6723,#6746,#6767));
#6721 = ORIENTED_EDGE('',*,*,#2973,.F.);
#6722 = ORIENTED_EDGE('',*,*,#6485,.T.);
#6723 = ORIENTED_EDGE('',*,*,#6724,.T.);
#6724 = EDGE_CURVE('',#6486,#6725,#6727,.T.);
#6725 = VERTEX_POINT('',#6726);
#6726 = CARTESIAN_POINT('',(13.3486315613,10.,38.));
#6727 = SURFACE_CURVE('',#6728,(#6732,#6739),.PCURVE_S1.);
#6728 = LINE('',#6729,#6730);
#6729 = CARTESIAN_POINT('',(11.67431578065,7.1,38.));
#6730 = VECTOR('',#6731,1.);
#6731 = DIRECTION('',(0.5,0.866025403784,0.));
#6732 = PCURVE('',#2990,#6733);
#6733 = DEFINITIONAL_REPRESENTATION('',(#6734),#6738);
#6734 = LINE('',#6735,#6736);
#6735 = CARTESIAN_POINT('',(12.67431578065,-8.881784197001E-16));
#6736 = VECTOR('',#6737,1.);
#6737 = DIRECTION('',(0.5,0.866025403784));
#6738 = ( GEOMETRIC_REPRESENTATION_CONTEXT(2) 
PARAMETRIC_REPRESENTATION_CONTEXT() REPRESENTATION_CONTEXT('2D SPACE',''
  ) );
#6739 = PCURVE('',#6524,#6740);
#6740 = DEFINITIONAL_REPRESENTATION('',(#6741),#6745);
#6741 = LINE('',#6742,#6743);
#6742 = CARTESIAN_POINT('',(0.,-2.8));
#6743 = VECTOR('',#6744,1.);
#6744 = DIRECTION('',(1.,0.));
#6745 = ( GEOMETRIC_REPRESENTATION_CONTEXT(2) 
PARAMETRIC_REPRESENTATION_CONTEXT() REPRESENTATION_CONTEXT('2D SPACE',''
  ) );
#6746 = ORIENTED_EDGE('',*,*,#6747,.T.);
#6747 = EDGE_CURVE('',#6725,#6674,#6748,.T.);
#6748 = SURFACE_CURVE('',#6749,(#6753,#6760),.PCURVE_S1.);
#6749 = LINE('',#6750,#6751);
#6750 = CARTESIAN_POINT('',(13.3486315613,10.,38.));
#6751 = VECTOR('',#6752,1.);
#6752 = DIRECTION('',(-0.5,0.866025403784,0.));
#6753 = PCURVE('',#2990,#6754);
#6754 = DEFINITIONAL_REPRESENTATION('',(#6755),#6759);
#6755 = LINE('',#6756,#6757);
#6756 = CARTESIAN_POINT('',(14.3486315613,2.9));
#6757 = VECTOR('',#6758,1.);
#6758 = DIRECTION('',(-0.5,0.866025403784));
#6759 = ( GEOMETRIC_REPRESENTATION_CONTEXT(2) 
PARAMETRIC_REPRESENTATION_CONTEXT() REPRESENTATION_CONTEXT('2D SPACE',''
  ) );
#6760 = PCURVE('',#6602,#6761);
#6761 = DEFINITIONAL_REPRESENTATION('',(#6762),#6766);
#6762 = LINE('',#6763,#6764);
#6763 = CARTESIAN_POINT('',(0.,-2.8));
#6764 = VECTOR('',#6765,1.);
#6765 = DIRECTION('',(1.,0.));
#6766 = ( GEOMETRIC_REPRESENTATION_CONTEXT(2) 
PARAMETRIC_REPRESENTATION_CONTEXT() REPRESENTATION_CONTEXT('2D SPACE',''
  ) );
#6767 = ORIENTED_EDGE('',*,*,#6673,.T.);
#6768 = FACE_BOUND('',#6769,.F.);
#6769 = EDGE_LOOP('',(#6770));
#6770 = ORIENTED_EDGE('',*,*,#5814,.F.);
#6771 = ADVANCED_FACE('',(#6772,#6780),#3107,.T.);
#6772 = FACE_BOUND('',#6773,.T.);
#6773 = EDGE_LOOP('',(#6774,#6775,#6776,#6777,#6778,#6779));
#6774 = ORIENTED_EDGE('',*,*,#3091,.T.);
#6775 = ORIENTED_EDGE('',*,*,#3237,.F.);
#6776 = ORIENTED_EDGE('',*,*,#3714,.T.);
#6777 = ORIENTED_EDGE('',*,*,#3568,.T.);
#6778 = ORIENTED_EDGE('',*,*,#3370,.T.);
#6779 = ORIENTED_EDGE('',*,*,#3164,.T.);
#6780 = FACE_BOUND('',#6781,.T.);
#6781 = EDGE_LOOP('',(#6782));
#6782 = ORIENTED_EDGE('',*,*,#4796,.T.);
#6783 = ADVANCED_FACE('',(#6784,#6792),#3314,.T.);
#6784 = FACE_BOUND('',#6785,.T.);
#6785 = EDGE_LOOP('',(#6786,#6787,#6788,#6789,#6790,#6791));
#6786 = ORIENTED_EDGE('',*,*,#3763,.T.);
#6787 = ORIENTED_EDGE('',*,*,#3299,.F.);
#6788 = ORIENTED_EDGE('',*,*,#4000,.T.);
#6789 = ORIENTED_EDGE('',*,*,#3964,.T.);
#6790 = ORIENTED_EDGE('',*,*,#3888,.T.);
#6791 = ORIENTED_EDGE('',*,*,#3811,.T.);
#6792 = FACE_BOUND('',#6793,.T.);
#6793 = EDGE_LOOP('',(#6794));
#6794 = ORIENTED_EDGE('',*,*,#4850,.T.);
#6795 = ADVANCED_FACE('',(#6796),#3439,.T.);
#6796 = FACE_BOUND('',#6797,.T.);
#6797 = EDGE_LOOP('',(#6798,#6821,#6849,#6870));
#6798 = ORIENTED_EDGE('',*,*,#6799,.T.);
#6799 = EDGE_CURVE('',#3423,#6800,#6802,.T.);
#6800 = VERTEX_POINT('',#6801);
#6801 = CARTESIAN_POINT('',(11.67431578065,139.1,38.));
#6802 = SURFACE_CURVE('',#6803,(#6807,#6814),.PCURVE_S1.);
#6803 = LINE('',#6804,#6805);
#6804 = CARTESIAN_POINT('',(4.32811879009E-02,139.1,38.));
#6805 = VECTOR('',#6806,1.);
#6806 = DIRECTION('',(1.,0.,0.));
#6807 = PCURVE('',#3439,#6808);
#6808 = DEFINITIONAL_REPRESENTATION('',(#6809),#6813);
#6809 = LINE('',#6810,#6811);
#6810 = CARTESIAN_POINT('',(2.8,1.043281187901));
#6811 = VECTOR('',#6812,1.);
#6812 = DIRECTION('',(0.,1.));
#6813 = ( GEOMETRIC_REPRESENTATION_CONTEXT(2) 
PARAMETRIC_REPRESENTATION_CONTEXT() REPRESENTATION_CONTEXT('2D SPACE',''
  ) );
#6814 = PCURVE('',#3468,#6815);
#6815 = DEFINITIONAL_REPRESENTATION('',(#6816),#6820);
#6816 = LINE('',#6817,#6818);
#6817 = CARTESIAN_POINT('',(1.043281187901,0.));
#6818 = VECTOR('',#6819,1.);
#6819 = DIRECTION('',(1.,0.));
#6820 = ( GEOMETRIC_REPRESENTATION_CONTEXT(2) 
PARAMETRIC_REPRESENTATION_CONTEXT() REPRESENTATION_CONTEXT('2D SPACE',''
  ) );
#6821 = ORIENTED_EDGE('',*,*,#6822,.F.);
#6822 = EDGE_CURVE('',#6823,#6800,#6825,.T.);
#6823 = VERTEX_POINT('',#6824);
#6824 = CARTESIAN_POINT('',(11.67431578065,139.1,35.2));
#6825 = SURFACE_CURVE('',#6826,(#6830,#6837),.PCURVE_S1.);
#6826 = LINE('',#6827,#6828);
#6827 = CARTESIAN_POINT('',(11.67431578065,139.1,35.2));
#6828 = VECTOR('',#6829,1.);
#6829 = DIRECTION('',(0.,0.,1.));
#6830 = PCURVE('',#3439,#6831);
#6831 = DEFINITIONAL_REPRESENTATION('',(#6832),#6836);
#6832 = LINE('',#6833,#6834);
#6833 = CARTESIAN_POINT('',(0.,12.67431578065));
#6834 = VECTOR('',#6835,1.);
#6835 = DIRECTION('',(1.,0.));
#6836 = ( GEOMETRIC_REPRESENTATION_CONTEXT(2) 
PARAMETRIC_REPRESENTATION_CONTEXT() REPRESENTATION_CONTEXT('2D SPACE',''
  ) );
#6837 = PCURVE('',#6838,#6843);
#6838 = PLANE('',#6839);
#6839 = AXIS2_PLACEMENT_3D('',#6840,#6841,#6842);
#6840 = CARTESIAN_POINT('',(11.67431578065,139.1,35.2));
#6841 = DIRECTION('',(-0.866025403784,0.5,0.));
#6842 = DIRECTION('',(0.5,0.866025403784,0.));
#6843 = DEFINITIONAL_REPRESENTATION('',(#6844),#6848);
#6844 = LINE('',#6845,#6846);
#6845 = CARTESIAN_POINT('',(0.,0.));
#6846 = VECTOR('',#6847,1.);
#6847 = DIRECTION('',(0.,-1.));
#6848 = ( GEOMETRIC_REPRESENTATION_CONTEXT(2) 
PARAMETRIC_REPRESENTATION_CONTEXT() REPRESENTATION_CONTEXT('2D SPACE',''
  ) );
#6849 = ORIENTED_EDGE('',*,*,#6850,.T.);
#6850 = EDGE_CURVE('',#6823,#3425,#6851,.T.);
#6851 = SURFACE_CURVE('',#6852,(#6856,#6863),.PCURVE_S1.);
#6852 = LINE('',#6853,#6854);
#6853 = CARTESIAN_POINT('',(11.67431578065,139.1,35.2));
#6854 = VECTOR('',#6855,1.);
#6855 = DIRECTION('',(-1.,0.,0.));
#6856 = PCURVE('',#3439,#6857);
#6857 = DEFINITIONAL_REPRESENTATION('',(#6858),#6862);
#6858 = LINE('',#6859,#6860);
#6859 = CARTESIAN_POINT('',(0.,12.67431578065));
#6860 = VECTOR('',#6861,1.);
#6861 = DIRECTION('',(0.,-1.));
#6862 = ( GEOMETRIC_REPRESENTATION_CONTEXT(2) 
PARAMETRIC_REPRESENTATION_CONTEXT() REPRESENTATION_CONTEXT('2D SPACE',''
  ) );
#6863 = PCURVE('',#3526,#6864);
#6864 = DEFINITIONAL_REPRESENTATION('',(#6865),#6869);
#6865 = LINE('',#6866,#6867);
#6866 = CARTESIAN_POINT('',(12.67431578065,0.));
#6867 = VECTOR('',#6868,1.);
#6868 = DIRECTION('',(-1.,0.));
#6869 = ( GEOMETRIC_REPRESENTATION_CONTEXT(2) 
PARAMETRIC_REPRESENTATION_CONTEXT() REPRESENTATION_CONTEXT('2D SPACE',''
  ) );
#6870 = ORIENTED_EDGE('',*,*,#3422,.F.);
#6871 = ADVANCED_FACE('',(#6872,#6948),#3526,.T.);
#6872 = FACE_BOUND('',#6873,.T.);
#6873 = EDGE_LOOP('',(#6874,#6875,#6876,#6899,#6927));
#6874 = ORIENTED_EDGE('',*,*,#3511,.F.);
#6875 = ORIENTED_EDGE('',*,*,#6850,.F.);
#6876 = ORIENTED_EDGE('',*,*,#6877,.T.);
#6877 = EDGE_CURVE('',#6823,#6878,#6880,.T.);
#6878 = VERTEX_POINT('',#6879);
#6879 = CARTESIAN_POINT('',(13.3486315613,142.,35.2));
#6880 = SURFACE_CURVE('',#6881,(#6885,#6892),.PCURVE_S1.);
#6881 = LINE('',#6882,#6883);
#6882 = CARTESIAN_POINT('',(11.67431578065,139.1,35.2));
#6883 = VECTOR('',#6884,1.);
#6884 = DIRECTION('',(0.5,0.866025403784,0.));
#6885 = PCURVE('',#3526,#6886);
#6886 = DEFINITIONAL_REPRESENTATION('',(#6887),#6891);
#6887 = LINE('',#6888,#6889);
#6888 = CARTESIAN_POINT('',(12.67431578065,0.));
#6889 = VECTOR('',#6890,1.);
#6890 = DIRECTION('',(0.5,0.866025403784));
#6891 = ( GEOMETRIC_REPRESENTATION_CONTEXT(2) 
PARAMETRIC_REPRESENTATION_CONTEXT() REPRESENTATION_CONTEXT('2D SPACE',''
  ) );
#6892 = PCURVE('',#6838,#6893);
#6893 = DEFINITIONAL_REPRESENTATION('',(#6894),#6898);
#6894 = LINE('',#6895,#6896);
#6895 = CARTESIAN_POINT('',(0.,0.));
#6896 = VECTOR('',#6897,1.);
#6897 = DIRECTION('',(1.,0.));
#6898 = ( GEOMETRIC_REPRESENTATION_CONTEXT(2) 
PARAMETRIC_REPRESENTATION_CONTEXT() REPRESENTATION_CONTEXT('2D SPACE',''
  ) );
#6899 = ORIENTED_EDGE('',*,*,#6900,.T.);
#6900 = EDGE_CURVE('',#6878,#6901,#6903,.T.);
#6901 = VERTEX_POINT('',#6902);
#6902 = CARTESIAN_POINT('',(11.67431578065,144.9,35.2));
#6903 = SURFACE_CURVE('',#6904,(#6908,#6915),.PCURVE_S1.);
#6904 = LINE('',#6905,#6906);
#6905 = CARTESIAN_POINT('',(13.3486315613,142.,35.2));
#6906 = VECTOR('',#6907,1.);
#6907 = DIRECTION('',(-0.5,0.866025403784,0.));
#6908 = PCURVE('',#3526,#6909);
#6909 = DEFINITIONAL_REPRESENTATION('',(#6910),#6914);
#6910 = LINE('',#6911,#6912);
#6911 = CARTESIAN_POINT('',(14.3486315613,2.9));
#6912 = VECTOR('',#6913,1.);
#6913 = DIRECTION('',(-0.5,0.866025403784));
#6914 = ( GEOMETRIC_REPRESENTATION_CONTEXT(2) 
PARAMETRIC_REPRESENTATION_CONTEXT() REPRESENTATION_CONTEXT('2D SPACE',''
  ) );
#6915 = PCURVE('',#6916,#6921);
#6916 = PLANE('',#6917);
#6917 = AXIS2_PLACEMENT_3D('',#6918,#6919,#6920);
#6918 = CARTESIAN_POINT('',(13.3486315613,142.,35.2));
#6919 = DIRECTION('',(-0.866025403784,-0.5,0.));
#6920 = DIRECTION('',(-0.5,0.866025403784,0.));
#6921 = DEFINITIONAL_REPRESENTATION('',(#6922),#6926);
#6922 = LINE('',#6923,#6924);
#6923 = CARTESIAN_POINT('',(0.,0.));
#6924 = VECTOR('',#6925,1.);
#6925 = DIRECTION('',(1.,0.));
#6926 = ( GEOMETRIC_REPRESENTATION_CONTEXT(2) 
PARAMETRIC_REPRESENTATION_CONTEXT() REPRESENTATION_CONTEXT('2D SPACE',''
  ) );
#6927 = ORIENTED_EDGE('',*,*,#6928,.T.);
#6928 = EDGE_CURVE('',#6901,#3485,#6929,.T.);
#6929 = SURFACE_CURVE('',#6930,(#6934,#6941),.PCURVE_S1.);
#6930 = LINE('',#6931,#6932);
#6931 = CARTESIAN_POINT('',(11.67431578065,144.9,35.2));
#6932 = VECTOR('',#6933,1.);
#6933 = DIRECTION('',(-1.,0.,0.));
#6934 = PCURVE('',#3526,#6935);
#6935 = DEFINITIONAL_REPRESENTATION('',(#6936),#6940);
#6936 = LINE('',#6937,#6938);
#6937 = CARTESIAN_POINT('',(12.67431578065,5.8));
#6938 = VECTOR('',#6939,1.);
#6939 = DIRECTION('',(-1.,0.));
#6940 = ( GEOMETRIC_REPRESENTATION_CONTEXT(2) 
PARAMETRIC_REPRESENTATION_CONTEXT() REPRESENTATION_CONTEXT('2D SPACE',''
  ) );
#6941 = PCURVE('',#3499,#6942);
#6942 = DEFINITIONAL_REPRESENTATION('',(#6943),#6947);
#6943 = LINE('',#6944,#6945);
#6944 = CARTESIAN_POINT('',(0.,12.67431578065));
#6945 = VECTOR('',#6946,1.);
#6946 = DIRECTION('',(0.,-1.));
#6947 = ( GEOMETRIC_REPRESENTATION_CONTEXT(2) 
PARAMETRIC_REPRESENTATION_CONTEXT() REPRESENTATION_CONTEXT('2D SPACE',''
  ) );
#6948 = FACE_BOUND('',#6949,.T.);
#6949 = EDGE_LOOP('',(#6950));
#6950 = ORIENTED_EDGE('',*,*,#6951,.T.);
#6951 = EDGE_CURVE('',#6952,#6952,#6954,.T.);
#6952 = VERTEX_POINT('',#6953);
#6953 = CARTESIAN_POINT('',(11.7,142.,35.2));
#6954 = SURFACE_CURVE('',#6955,(#6960,#6971),.PCURVE_S1.);
#6955 = CIRCLE('',#6956,1.7);
#6956 = AXIS2_PLACEMENT_3D('',#6957,#6958,#6959);
#6957 = CARTESIAN_POINT('',(10.,142.,35.2));
#6958 = DIRECTION('',(0.,0.,-1.));
#6959 = DIRECTION('',(1.,0.,0.));
#6960 = PCURVE('',#3526,#6961);
#6961 = DEFINITIONAL_REPRESENTATION('',(#6962),#6970);
#6962 = ( BOUNDED_CURVE() B_SPLINE_CURVE(2,(#6963,#6964,#6965,#6966,
#6967,#6968,#6969),.UNSPECIFIED.,.T.,.F.) B_SPLINE_CURVE_WITH_KNOTS((1,2
    ,2,2,2,1),(-2.094395102393,0.,2.094395102393,4.188790204786,
6.28318530718,8.377580409573),.UNSPECIFIED.) CURVE() 
GEOMETRIC_REPRESENTATION_ITEM() RATIONAL_B_SPLINE_CURVE((1.,0.5,1.,0.5,
1.,0.5,1.)) REPRESENTATION_ITEM('') );
#6963 = CARTESIAN_POINT('',(12.7,2.9));
#6964 = CARTESIAN_POINT('',(12.7,-4.448637286708E-02));
#6965 = CARTESIAN_POINT('',(10.15,1.427756813566));
#6966 = CARTESIAN_POINT('',(7.6,2.9));
#6967 = CARTESIAN_POINT('',(10.15,4.372243186434));
#6968 = CARTESIAN_POINT('',(12.7,5.844486372867));
#6969 = CARTESIAN_POINT('',(12.7,2.9));
#6970 = ( GEOMETRIC_REPRESENTATION_CONTEXT(2) 
PARAMETRIC_REPRESENTATION_CONTEXT() REPRESENTATION_CONTEXT('2D SPACE',''
  ) );
#6971 = PCURVE('',#6972,#6977);
#6972 = CYLINDRICAL_SURFACE('',#6973,1.7);
#6973 = AXIS2_PLACEMENT_3D('',#6974,#6975,#6976);
#6974 = CARTESIAN_POINT('',(10.,142.,29.));
#6975 = DIRECTION('',(-0.,-0.,-1.));
#6976 = DIRECTION('',(1.,0.,0.));
#6977 = DEFINITIONAL_REPRESENTATION('',(#6978),#6982);
#6978 = LINE('',#6979,#6980);
#6979 = CARTESIAN_POINT('',(-6.28318530718,-6.2));
#6980 = VECTOR('',#6981,1.);
#6981 = DIRECTION('',(1.,-0.));
#6982 = ( GEOMETRIC_REPRESENTATION_CONTEXT(2) 
PARAMETRIC_REPRESENTATION_CONTEXT() REPRESENTATION_CONTEXT('2D SPACE',''
  ) );
#6983 = ADVANCED_FACE('',(#6984),#3499,.F.);
#6984 = FACE_BOUND('',#6985,.F.);
#6985 = EDGE_LOOP('',(#6986,#7009,#7030,#7031));
#6986 = ORIENTED_EDGE('',*,*,#6987,.F.);
#6987 = EDGE_CURVE('',#6988,#3452,#6990,.T.);
#6988 = VERTEX_POINT('',#6989);
#6989 = CARTESIAN_POINT('',(11.67431578065,144.9,38.));
#6990 = SURFACE_CURVE('',#6991,(#6995,#7002),.PCURVE_S1.);
#6991 = LINE('',#6992,#6993);
#6992 = CARTESIAN_POINT('',(11.67431578065,144.9,38.));
#6993 = VECTOR('',#6994,1.);
#6994 = DIRECTION('',(-1.,0.,0.));
#6995 = PCURVE('',#3499,#6996);
#6996 = DEFINITIONAL_REPRESENTATION('',(#6997),#7001);
#6997 = LINE('',#6998,#6999);
#6998 = CARTESIAN_POINT('',(2.8,12.67431578065));
#6999 = VECTOR('',#7000,1.);
#7000 = DIRECTION('',(0.,-1.));
#7001 = ( GEOMETRIC_REPRESENTATION_CONTEXT(2) 
PARAMETRIC_REPRESENTATION_CONTEXT() REPRESENTATION_CONTEXT('2D SPACE',''
  ) );
#7002 = PCURVE('',#3468,#7003);
#7003 = DEFINITIONAL_REPRESENTATION('',(#7004),#7008);
#7004 = LINE('',#7005,#7006);
#7005 = CARTESIAN_POINT('',(12.67431578065,5.8));
#7006 = VECTOR('',#7007,1.);
#7007 = DIRECTION('',(-1.,0.));
#7008 = ( GEOMETRIC_REPRESENTATION_CONTEXT(2) 
PARAMETRIC_REPRESENTATION_CONTEXT() REPRESENTATION_CONTEXT('2D SPACE',''
  ) );
#7009 = ORIENTED_EDGE('',*,*,#7010,.F.);
#7010 = EDGE_CURVE('',#6901,#6988,#7011,.T.);
#7011 = SURFACE_CURVE('',#7012,(#7016,#7023),.PCURVE_S1.);
#7012 = LINE('',#7013,#7014);
#7013 = CARTESIAN_POINT('',(11.67431578065,144.9,35.2));
#7014 = VECTOR('',#7015,1.);
#7015 = DIRECTION('',(0.,0.,1.));
#7016 = PCURVE('',#3499,#7017);
#7017 = DEFINITIONAL_REPRESENTATION('',(#7018),#7022);
#7018 = LINE('',#7019,#7020);
#7019 = CARTESIAN_POINT('',(0.,12.67431578065));
#7020 = VECTOR('',#7021,1.);
#7021 = DIRECTION('',(1.,0.));
#7022 = ( GEOMETRIC_REPRESENTATION_CONTEXT(2) 
PARAMETRIC_REPRESENTATION_CONTEXT() REPRESENTATION_CONTEXT('2D SPACE',''
  ) );
#7023 = PCURVE('',#6916,#7024);
#7024 = DEFINITIONAL_REPRESENTATION('',(#7025),#7029);
#7025 = LINE('',#7026,#7027);
#7026 = CARTESIAN_POINT('',(3.3486315613,0.));
#7027 = VECTOR('',#7028,1.);
#7028 = DIRECTION('',(0.,-1.));
#7029 = ( GEOMETRIC_REPRESENTATION_CONTEXT(2) 
PARAMETRIC_REPRESENTATION_CONTEXT() REPRESENTATION_CONTEXT('2D SPACE',''
  ) );
#7030 = ORIENTED_EDGE('',*,*,#6928,.T.);
#7031 = ORIENTED_EDGE('',*,*,#3484,.F.);
#7032 = ADVANCED_FACE('',(#7033,#7082),#3468,.F.);
#7033 = FACE_BOUND('',#7034,.F.);
#7034 = EDGE_LOOP('',(#7035,#7036,#7037,#7060,#7081));
#7035 = ORIENTED_EDGE('',*,*,#3451,.F.);
#7036 = ORIENTED_EDGE('',*,*,#6799,.T.);
#7037 = ORIENTED_EDGE('',*,*,#7038,.T.);
#7038 = EDGE_CURVE('',#6800,#7039,#7041,.T.);
#7039 = VERTEX_POINT('',#7040);
#7040 = CARTESIAN_POINT('',(13.3486315613,142.,38.));
#7041 = SURFACE_CURVE('',#7042,(#7046,#7053),.PCURVE_S1.);
#7042 = LINE('',#7043,#7044);
#7043 = CARTESIAN_POINT('',(11.67431578065,139.1,38.));
#7044 = VECTOR('',#7045,1.);
#7045 = DIRECTION('',(0.5,0.866025403784,0.));
#7046 = PCURVE('',#3468,#7047);
#7047 = DEFINITIONAL_REPRESENTATION('',(#7048),#7052);
#7048 = LINE('',#7049,#7050);
#7049 = CARTESIAN_POINT('',(12.67431578065,0.));
#7050 = VECTOR('',#7051,1.);
#7051 = DIRECTION('',(0.5,0.866025403784));
#7052 = ( GEOMETRIC_REPRESENTATION_CONTEXT(2) 
PARAMETRIC_REPRESENTATION_CONTEXT() REPRESENTATION_CONTEXT('2D SPACE',''
  ) );
#7053 = PCURVE('',#6838,#7054);
#7054 = DEFINITIONAL_REPRESENTATION('',(#7055),#7059);
#7055 = LINE('',#7056,#7057);
#7056 = CARTESIAN_POINT('',(0.,-2.8));
#7057 = VECTOR('',#7058,1.);
#7058 = DIRECTION('',(1.,0.));
#7059 = ( GEOMETRIC_REPRESENTATION_CONTEXT(2) 
PARAMETRIC_REPRESENTATION_CONTEXT() REPRESENTATION_CONTEXT('2D SPACE',''
  ) );
#7060 = ORIENTED_EDGE('',*,*,#7061,.T.);
#7061 = EDGE_CURVE('',#7039,#6988,#7062,.T.);
#7062 = SURFACE_CURVE('',#7063,(#7067,#7074),.PCURVE_S1.);
#7063 = LINE('',#7064,#7065);
#7064 = CARTESIAN_POINT('',(13.3486315613,142.,38.));
#7065 = VECTOR('',#7066,1.);
#7066 = DIRECTION('',(-0.5,0.866025403784,0.));
#7067 = PCURVE('',#3468,#7068);
#7068 = DEFINITIONAL_REPRESENTATION('',(#7069),#7073);
#7069 = LINE('',#7070,#7071);
#7070 = CARTESIAN_POINT('',(14.3486315613,2.9));
#7071 = VECTOR('',#7072,1.);
#7072 = DIRECTION('',(-0.5,0.866025403784));
#7073 = ( GEOMETRIC_REPRESENTATION_CONTEXT(2) 
PARAMETRIC_REPRESENTATION_CONTEXT() REPRESENTATION_CONTEXT('2D SPACE',''
  ) );
#7074 = PCURVE('',#6916,#7075);
#7075 = DEFINITIONAL_REPRESENTATION('',(#7076),#7080);
#7076 = LINE('',#7077,#7078);
#7077 = CARTESIAN_POINT('',(0.,-2.8));
#7078 = VECTOR('',#7079,1.);
#7079 = DIRECTION('',(1.,0.));
#7080 = ( GEOMETRIC_REPRESENTATION_CONTEXT(2) 
PARAMETRIC_REPRESENTATION_CONTEXT() REPRESENTATION_CONTEXT('2D SPACE',''
  ) );
#7081 = ORIENTED_EDGE('',*,*,#6987,.T.);
#7082 = FACE_BOUND('',#7083,.F.);
#7083 = EDGE_LOOP('',(#7084));
#7084 = ORIENTED_EDGE('',*,*,#5945,.T.);
#7085 = ADVANCED_FACE('',(#7086,#7189),#3618,.T.);
#7086 = FACE_BOUND('',#7087,.T.);
#7087 = EDGE_LOOP('',(#7088,#7089,#7112,#7140,#7168));
#7088 = ORIENTED_EDGE('',*,*,#3601,.T.);
#7089 = ORIENTED_EDGE('',*,*,#7090,.T.);
#7090 = EDGE_CURVE('',#3604,#7091,#7093,.T.);
#7091 = VERTEX_POINT('',#7092);
#7092 = CARTESIAN_POINT('',(6.67431578065,73.1,35.2));
#7093 = SURFACE_CURVE('',#7094,(#7098,#7105),.PCURVE_S1.);
#7094 = LINE('',#7095,#7096);
#7095 = CARTESIAN_POINT('',(0.,73.1,35.2));
#7096 = VECTOR('',#7097,1.);
#7097 = DIRECTION('',(1.,0.,0.));
#7098 = PCURVE('',#3618,#7099);
#7099 = DEFINITIONAL_REPRESENTATION('',(#7100),#7104);
#7100 = LINE('',#7101,#7102);
#7101 = CARTESIAN_POINT('',(1.,0.));
#7102 = VECTOR('',#7103,1.);
#7103 = DIRECTION('',(1.,0.));
#7104 = ( GEOMETRIC_REPRESENTATION_CONTEXT(2) 
PARAMETRIC_REPRESENTATION_CONTEXT() REPRESENTATION_CONTEXT('2D SPACE',''
  ) );
#7105 = PCURVE('',#3645,#7106);
#7106 = DEFINITIONAL_REPRESENTATION('',(#7107),#7111);
#7107 = LINE('',#7108,#7109);
#7108 = CARTESIAN_POINT('',(0.,1.));
#7109 = VECTOR('',#7110,1.);
#7110 = DIRECTION('',(0.,1.));
#7111 = ( GEOMETRIC_REPRESENTATION_CONTEXT(2) 
PARAMETRIC_REPRESENTATION_CONTEXT() REPRESENTATION_CONTEXT('2D SPACE',''
  ) );
#7112 = ORIENTED_EDGE('',*,*,#7113,.T.);
#7113 = EDGE_CURVE('',#7091,#7114,#7116,.T.);
#7114 = VERTEX_POINT('',#7115);
#7115 = CARTESIAN_POINT('',(8.3486315613,76.,35.2));
#7116 = SURFACE_CURVE('',#7117,(#7121,#7128),.PCURVE_S1.);
#7117 = LINE('',#7118,#7119);
#7118 = CARTESIAN_POINT('',(6.67431578065,73.1,35.2));
#7119 = VECTOR('',#7120,1.);
#7120 = DIRECTION('',(0.5,0.866025403784,0.));
#7121 = PCURVE('',#3618,#7122);
#7122 = DEFINITIONAL_REPRESENTATION('',(#7123),#7127);
#7123 = LINE('',#7124,#7125);
#7124 = CARTESIAN_POINT('',(7.67431578065,0.));
#7125 = VECTOR('',#7126,1.);
#7126 = DIRECTION('',(0.5,0.866025403784));
#7127 = ( GEOMETRIC_REPRESENTATION_CONTEXT(2) 
PARAMETRIC_REPRESENTATION_CONTEXT() REPRESENTATION_CONTEXT('2D SPACE',''
  ) );
#7128 = PCURVE('',#7129,#7134);
#7129 = PLANE('',#7130);
#7130 = AXIS2_PLACEMENT_3D('',#7131,#7132,#7133);
#7131 = CARTESIAN_POINT('',(6.67431578065,73.1,35.2));
#7132 = DIRECTION('',(-0.866025403784,0.5,0.));
#7133 = DIRECTION('',(0.5,0.866025403784,0.));
#7134 = DEFINITIONAL_REPRESENTATION('',(#7135),#7139);
#7135 = LINE('',#7136,#7137);
#7136 = CARTESIAN_POINT('',(0.,0.));
#7137 = VECTOR('',#7138,1.);
#7138 = DIRECTION('',(1.,0.));
#7139 = ( GEOMETRIC_REPRESENTATION_CONTEXT(2) 
PARAMETRIC_REPRESENTATION_CONTEXT() REPRESENTATION_CONTEXT('2D SPACE',''
  ) );
#7140 = ORIENTED_EDGE('',*,*,#7141,.T.);
#7141 = EDGE_CURVE('',#7114,#7142,#7144,.T.);
#7142 = VERTEX_POINT('',#7143);
#7143 = CARTESIAN_POINT('',(6.67431578065,78.9,35.2));
#7144 = SURFACE_CURVE('',#7145,(#7149,#7156),.PCURVE_S1.);
#7145 = LINE('',#7146,#7147);
#7146 = CARTESIAN_POINT('',(8.3486315613,76.,35.2));
#7147 = VECTOR('',#7148,1.);
#7148 = DIRECTION('',(-0.5,0.866025403784,0.));
#7149 = PCURVE('',#3618,#7150);
#7150 = DEFINITIONAL_REPRESENTATION('',(#7151),#7155);
#7151 = LINE('',#7152,#7153);
#7152 = CARTESIAN_POINT('',(9.3486315613,2.9));
#7153 = VECTOR('',#7154,1.);
#7154 = DIRECTION('',(-0.5,0.866025403784));
#7155 = ( GEOMETRIC_REPRESENTATION_CONTEXT(2) 
PARAMETRIC_REPRESENTATION_CONTEXT() REPRESENTATION_CONTEXT('2D SPACE',''
  ) );
#7156 = PCURVE('',#7157,#7162);
#7157 = PLANE('',#7158);
#7158 = AXIS2_PLACEMENT_3D('',#7159,#7160,#7161);
#7159 = CARTESIAN_POINT('',(8.3486315613,76.,35.2));
#7160 = DIRECTION('',(-0.866025403784,-0.5,0.));
#7161 = DIRECTION('',(-0.5,0.866025403784,0.));
#7162 = DEFINITIONAL_REPRESENTATION('',(#7163),#7167);
#7163 = LINE('',#7164,#7165);
#7164 = CARTESIAN_POINT('',(0.,0.));
#7165 = VECTOR('',#7166,1.);
#7166 = DIRECTION('',(1.,0.));
#7167 = ( GEOMETRIC_REPRESENTATION_CONTEXT(2) 
PARAMETRIC_REPRESENTATION_CONTEXT() REPRESENTATION_CONTEXT('2D SPACE',''
  ) );
#7168 = ORIENTED_EDGE('',*,*,#7169,.T.);
#7169 = EDGE_CURVE('',#7142,#3602,#7170,.T.);
#7170 = SURFACE_CURVE('',#7171,(#7175,#7182),.PCURVE_S1.);
#7171 = LINE('',#7172,#7173);
#7172 = CARTESIAN_POINT('',(6.67431578065,78.9,35.2));
#7173 = VECTOR('',#7174,1.);
#7174 = DIRECTION('',(-1.,-2.12918525018E-15,0.));
#7175 = PCURVE('',#3618,#7176);
#7176 = DEFINITIONAL_REPRESENTATION('',(#7177),#7181);
#7177 = LINE('',#7178,#7179);
#7178 = CARTESIAN_POINT('',(7.67431578065,5.8));
#7179 = VECTOR('',#7180,1.);
#7180 = DIRECTION('',(-1.,-2.12918525018E-15));
#7181 = ( GEOMETRIC_REPRESENTATION_CONTEXT(2) 
PARAMETRIC_REPRESENTATION_CONTEXT() REPRESENTATION_CONTEXT('2D SPACE',''
  ) );
#7182 = PCURVE('',#3697,#7183);
#7183 = DEFINITIONAL_REPRESENTATION('',(#7184),#7188);
#7184 = LINE('',#7185,#7186);
#7185 = CARTESIAN_POINT('',(0.,7.67431578065));
#7186 = VECTOR('',#7187,1.);
#7187 = DIRECTION('',(0.,-1.));
#7188 = ( GEOMETRIC_REPRESENTATION_CONTEXT(2) 
PARAMETRIC_REPRESENTATION_CONTEXT() REPRESENTATION_CONTEXT('2D SPACE',''
  ) );
#7189 = FACE_BOUND('',#7190,.T.);
#7190 = EDGE_LOOP('',(#7191));
#7191 = ORIENTED_EDGE('',*,*,#7192,.T.);
#7192 = EDGE_CURVE('',#7193,#7193,#7195,.T.);
#7193 = VERTEX_POINT('',#7194);
#7194 = CARTESIAN_POINT('',(6.7,76.,35.2));
#7195 = SURFACE_CURVE('',#7196,(#7201,#7212),.PCURVE_S1.);
#7196 = CIRCLE('',#7197,1.7);
#7197 = AXIS2_PLACEMENT_3D('',#7198,#7199,#7200);
#7198 = CARTESIAN_POINT('',(5.,76.,35.2));
#7199 = DIRECTION('',(0.,0.,-1.));
#7200 = DIRECTION('',(1.,0.,0.));
#7201 = PCURVE('',#3618,#7202);
#7202 = DEFINITIONAL_REPRESENTATION('',(#7203),#7211);
#7203 = ( BOUNDED_CURVE() B_SPLINE_CURVE(2,(#7204,#7205,#7206,#7207,
#7208,#7209,#7210),.UNSPECIFIED.,.T.,.F.) B_SPLINE_CURVE_WITH_KNOTS((1,2
    ,2,2,2,1),(-2.094395102393,0.,2.094395102393,4.188790204786,
6.28318530718,8.377580409573),.UNSPECIFIED.) CURVE() 
GEOMETRIC_REPRESENTATION_ITEM() RATIONAL_B_SPLINE_CURVE((1.,0.5,1.,0.5,
1.,0.5,1.)) REPRESENTATION_ITEM('') );
#7204 = CARTESIAN_POINT('',(7.7,2.9));
#7205 = CARTESIAN_POINT('',(7.7,-4.448637286709E-02));
#7206 = CARTESIAN_POINT('',(5.15,1.427756813566));
#7207 = CARTESIAN_POINT('',(2.6,2.9));
#7208 = CARTESIAN_POINT('',(5.15,4.372243186434));
#7209 = CARTESIAN_POINT('',(7.7,5.844486372867));
#7210 = CARTESIAN_POINT('',(7.7,2.9));
#7211 = ( GEOMETRIC_REPRESENTATION_CONTEXT(2) 
PARAMETRIC_REPRESENTATION_CONTEXT() REPRESENTATION_CONTEXT('2D SPACE',''
  ) );
#7212 = PCURVE('',#7213,#7218);
#7213 = CYLINDRICAL_SURFACE('',#7214,1.7);
#7214 = AXIS2_PLACEMENT_3D('',#7215,#7216,#7217);
#7215 = CARTESIAN_POINT('',(5.,76.,29.));
#7216 = DIRECTION('',(-0.,-0.,-1.));
#7217 = DIRECTION('',(1.,0.,0.));
#7218 = DEFINITIONAL_REPRESENTATION('',(#7219),#7223);
#7219 = LINE('',#7220,#7221);
#7220 = CARTESIAN_POINT('',(-6.28318530718,-6.2));
#7221 = VECTOR('',#7222,1.);
#7222 = DIRECTION('',(1.,-0.));
#7223 = ( GEOMETRIC_REPRESENTATION_CONTEXT(2) 
PARAMETRIC_REPRESENTATION_CONTEXT() REPRESENTATION_CONTEXT('2D SPACE',''
  ) );
#7224 = ADVANCED_FACE('',(#7225),#3697,.F.);
#7225 = FACE_BOUND('',#7226,.F.);
#7226 = EDGE_LOOP('',(#7227,#7250,#7271,#7272));
#7227 = ORIENTED_EDGE('',*,*,#7228,.F.);
#7228 = EDGE_CURVE('',#7229,#3658,#7231,.T.);
#7229 = VERTEX_POINT('',#7230);
#7230 = CARTESIAN_POINT('',(6.67431578065,78.9,38.));
#7231 = SURFACE_CURVE('',#7232,(#7236,#7243),.PCURVE_S1.);
#7232 = LINE('',#7233,#7234);
#7233 = CARTESIAN_POINT('',(6.67431578065,78.9,38.));
#7234 = VECTOR('',#7235,1.);
#7235 = DIRECTION('',(-1.,-2.12918525018E-15,0.));
#7236 = PCURVE('',#3697,#7237);
#7237 = DEFINITIONAL_REPRESENTATION('',(#7238),#7242);
#7238 = LINE('',#7239,#7240);
#7239 = CARTESIAN_POINT('',(2.8,7.67431578065));
#7240 = VECTOR('',#7241,1.);
#7241 = DIRECTION('',(0.,-1.));
#7242 = ( GEOMETRIC_REPRESENTATION_CONTEXT(2) 
PARAMETRIC_REPRESENTATION_CONTEXT() REPRESENTATION_CONTEXT('2D SPACE',''
  ) );
#7243 = PCURVE('',#3672,#7244);
#7244 = DEFINITIONAL_REPRESENTATION('',(#7245),#7249);
#7245 = LINE('',#7246,#7247);
#7246 = CARTESIAN_POINT('',(7.67431578065,5.8));
#7247 = VECTOR('',#7248,1.);
#7248 = DIRECTION('',(-1.,-2.12918525018E-15));
#7249 = ( GEOMETRIC_REPRESENTATION_CONTEXT(2) 
PARAMETRIC_REPRESENTATION_CONTEXT() REPRESENTATION_CONTEXT('2D SPACE',''
  ) );
#7250 = ORIENTED_EDGE('',*,*,#7251,.F.);
#7251 = EDGE_CURVE('',#7142,#7229,#7252,.T.);
#7252 = SURFACE_CURVE('',#7253,(#7257,#7264),.PCURVE_S1.);
#7253 = LINE('',#7254,#7255);
#7254 = CARTESIAN_POINT('',(6.67431578065,78.9,35.2));
#7255 = VECTOR('',#7256,1.);
#7256 = DIRECTION('',(0.,0.,1.));
#7257 = PCURVE('',#3697,#7258);
#7258 = DEFINITIONAL_REPRESENTATION('',(#7259),#7263);
#7259 = LINE('',#7260,#7261);
#7260 = CARTESIAN_POINT('',(0.,7.67431578065));
#7261 = VECTOR('',#7262,1.);
#7262 = DIRECTION('',(1.,0.));
#7263 = ( GEOMETRIC_REPRESENTATION_CONTEXT(2) 
PARAMETRIC_REPRESENTATION_CONTEXT() REPRESENTATION_CONTEXT('2D SPACE',''
  ) );
#7264 = PCURVE('',#7157,#7265);
#7265 = DEFINITIONAL_REPRESENTATION('',(#7266),#7270);
#7266 = LINE('',#7267,#7268);
#7267 = CARTESIAN_POINT('',(3.3486315613,0.));
#7268 = VECTOR('',#7269,1.);
#7269 = DIRECTION('',(0.,-1.));
#7270 = ( GEOMETRIC_REPRESENTATION_CONTEXT(2) 
PARAMETRIC_REPRESENTATION_CONTEXT() REPRESENTATION_CONTEXT('2D SPACE',''
  ) );
#7271 = ORIENTED_EDGE('',*,*,#7169,.T.);
#7272 = ORIENTED_EDGE('',*,*,#3684,.T.);
#7273 = ADVANCED_FACE('',(#7274,#7345),#3672,.F.);
#7274 = FACE_BOUND('',#7275,.F.);
#7275 = EDGE_LOOP('',(#7276,#7277,#7300,#7323,#7344));
#7276 = ORIENTED_EDGE('',*,*,#3657,.T.);
#7277 = ORIENTED_EDGE('',*,*,#7278,.F.);
#7278 = EDGE_CURVE('',#7279,#3631,#7281,.T.);
#7279 = VERTEX_POINT('',#7280);
#7280 = CARTESIAN_POINT('',(6.67431578065,73.1,38.));
#7281 = SURFACE_CURVE('',#7282,(#7286,#7293),.PCURVE_S1.);
#7282 = LINE('',#7283,#7284);
#7283 = CARTESIAN_POINT('',(6.67431578065,73.1,38.));
#7284 = VECTOR('',#7285,1.);
#7285 = DIRECTION('',(-1.,0.,0.));
#7286 = PCURVE('',#3672,#7287);
#7287 = DEFINITIONAL_REPRESENTATION('',(#7288),#7292);
#7288 = LINE('',#7289,#7290);
#7289 = CARTESIAN_POINT('',(7.67431578065,0.));
#7290 = VECTOR('',#7291,1.);
#7291 = DIRECTION('',(-1.,0.));
#7292 = ( GEOMETRIC_REPRESENTATION_CONTEXT(2) 
PARAMETRIC_REPRESENTATION_CONTEXT() REPRESENTATION_CONTEXT('2D SPACE',''
  ) );
#7293 = PCURVE('',#3645,#7294);
#7294 = DEFINITIONAL_REPRESENTATION('',(#7295),#7299);
#7295 = LINE('',#7296,#7297);
#7296 = CARTESIAN_POINT('',(2.8,7.67431578065));
#7297 = VECTOR('',#7298,1.);
#7298 = DIRECTION('',(0.,-1.));
#7299 = ( GEOMETRIC_REPRESENTATION_CONTEXT(2) 
PARAMETRIC_REPRESENTATION_CONTEXT() REPRESENTATION_CONTEXT('2D SPACE',''
  ) );
#7300 = ORIENTED_EDGE('',*,*,#7301,.T.);
#7301 = EDGE_CURVE('',#7279,#7302,#7304,.T.);
#7302 = VERTEX_POINT('',#7303);
#7303 = CARTESIAN_POINT('',(8.3486315613,76.,38.));
#7304 = SURFACE_CURVE('',#7305,(#7309,#7316),.PCURVE_S1.);
#7305 = LINE('',#7306,#7307);
#7306 = CARTESIAN_POINT('',(6.67431578065,73.1,38.));
#7307 = VECTOR('',#7308,1.);
#7308 = DIRECTION('',(0.5,0.866025403784,0.));
#7309 = PCURVE('',#3672,#7310);
#7310 = DEFINITIONAL_REPRESENTATION('',(#7311),#7315);
#7311 = LINE('',#7312,#7313);
#7312 = CARTESIAN_POINT('',(7.67431578065,0.));
#7313 = VECTOR('',#7314,1.);
#7314 = DIRECTION('',(0.5,0.866025403784));
#7315 = ( GEOMETRIC_REPRESENTATION_CONTEXT(2) 
PARAMETRIC_REPRESENTATION_CONTEXT() REPRESENTATION_CONTEXT('2D SPACE',''
  ) );
#7316 = PCURVE('',#7129,#7317);
#7317 = DEFINITIONAL_REPRESENTATION('',(#7318),#7322);
#7318 = LINE('',#7319,#7320);
#7319 = CARTESIAN_POINT('',(0.,-2.8));
#7320 = VECTOR('',#7321,1.);
#7321 = DIRECTION('',(1.,0.));
#7322 = ( GEOMETRIC_REPRESENTATION_CONTEXT(2) 
PARAMETRIC_REPRESENTATION_CONTEXT() REPRESENTATION_CONTEXT('2D SPACE',''
  ) );
#7323 = ORIENTED_EDGE('',*,*,#7324,.T.);
#7324 = EDGE_CURVE('',#7302,#7229,#7325,.T.);
#7325 = SURFACE_CURVE('',#7326,(#7330,#7337),.PCURVE_S1.);
#7326 = LINE('',#7327,#7328);
#7327 = CARTESIAN_POINT('',(8.3486315613,76.,38.));
#7328 = VECTOR('',#7329,1.);
#7329 = DIRECTION('',(-0.5,0.866025403784,0.));
#7330 = PCURVE('',#3672,#7331);
#7331 = DEFINITIONAL_REPRESENTATION('',(#7332),#7336);
#7332 = LINE('',#7333,#7334);
#7333 = CARTESIAN_POINT('',(9.3486315613,2.9));
#7334 = VECTOR('',#7335,1.);
#7335 = DIRECTION('',(-0.5,0.866025403784));
#7336 = ( GEOMETRIC_REPRESENTATION_CONTEXT(2) 
PARAMETRIC_REPRESENTATION_CONTEXT() REPRESENTATION_CONTEXT('2D SPACE',''
  ) );
#7337 = PCURVE('',#7157,#7338);
#7338 = DEFINITIONAL_REPRESENTATION('',(#7339),#7343);
#7339 = LINE('',#7340,#7341);
#7340 = CARTESIAN_POINT('',(0.,-2.8));
#7341 = VECTOR('',#7342,1.);
#7342 = DIRECTION('',(1.,0.));
#7343 = ( GEOMETRIC_REPRESENTATION_CONTEXT(2) 
PARAMETRIC_REPRESENTATION_CONTEXT() REPRESENTATION_CONTEXT('2D SPACE',''
  ) );
#7344 = ORIENTED_EDGE('',*,*,#7228,.T.);
#7345 = FACE_BOUND('',#7346,.F.);
#7346 = EDGE_LOOP('',(#7347));
#7347 = ORIENTED_EDGE('',*,*,#5891,.T.);
#7348 = ADVANCED_FACE('',(#7349),#3645,.T.);
#7349 = FACE_BOUND('',#7350,.T.);
#7350 = EDGE_LOOP('',(#7351,#7352,#7373,#7374));
#7351 = ORIENTED_EDGE('',*,*,#7278,.F.);
#7352 = ORIENTED_EDGE('',*,*,#7353,.F.);
#7353 = EDGE_CURVE('',#7091,#7279,#7354,.T.);
#7354 = SURFACE_CURVE('',#7355,(#7359,#7366),.PCURVE_S1.);
#7355 = LINE('',#7356,#7357);
#7356 = CARTESIAN_POINT('',(6.67431578065,73.1,35.2));
#7357 = VECTOR('',#7358,1.);
#7358 = DIRECTION('',(0.,0.,1.));
#7359 = PCURVE('',#3645,#7360);
#7360 = DEFINITIONAL_REPRESENTATION('',(#7361),#7365);
#7361 = LINE('',#7362,#7363);
#7362 = CARTESIAN_POINT('',(0.,7.67431578065));
#7363 = VECTOR('',#7364,1.);
#7364 = DIRECTION('',(1.,0.));
#7365 = ( GEOMETRIC_REPRESENTATION_CONTEXT(2) 
PARAMETRIC_REPRESENTATION_CONTEXT() REPRESENTATION_CONTEXT('2D SPACE',''
  ) );
#7366 = PCURVE('',#7129,#7367);
#7367 = DEFINITIONAL_REPRESENTATION('',(#7368),#7372);
#7368 = LINE('',#7369,#7370);
#7369 = CARTESIAN_POINT('',(0.,0.));
#7370 = VECTOR('',#7371,1.);
#7371 = DIRECTION('',(0.,-1.));
#7372 = ( GEOMETRIC_REPRESENTATION_CONTEXT(2) 
PARAMETRIC_REPRESENTATION_CONTEXT() REPRESENTATION_CONTEXT('2D SPACE',''
  ) );
#7373 = ORIENTED_EDGE('',*,*,#7090,.F.);
#7374 = ORIENTED_EDGE('',*,*,#3630,.T.);
#7375 = ADVANCED_FACE('',(#7376,#7479),#4070,.F.);
#7376 = FACE_BOUND('',#7377,.F.);
#7377 = EDGE_LOOP('',(#7378,#7401,#7429,#7457,#7478));
#7378 = ORIENTED_EDGE('',*,*,#7379,.F.);
#7379 = EDGE_CURVE('',#7380,#4052,#7382,.T.);
#7380 = VERTEX_POINT('',#7381);
#7381 = CARTESIAN_POINT('',(152.32568421935,144.9,38.));
#7382 = SURFACE_CURVE('',#7383,(#7387,#7394),.PCURVE_S1.);
#7383 = LINE('',#7384,#7385);
#7384 = CARTESIAN_POINT('',(152.32568421935,144.9,38.));
#7385 = VECTOR('',#7386,1.);
#7386 = DIRECTION('',(1.,0.,0.));
#7387 = PCURVE('',#4070,#7388);
#7388 = DEFINITIONAL_REPRESENTATION('',(#7389),#7393);
#7389 = LINE('',#7390,#7391);
#7390 = CARTESIAN_POINT('',(-1.67431578065,5.8));
#7391 = VECTOR('',#7392,1.);
#7392 = DIRECTION('',(1.,0.));
#7393 = ( GEOMETRIC_REPRESENTATION_CONTEXT(2) 
PARAMETRIC_REPRESENTATION_CONTEXT() REPRESENTATION_CONTEXT('2D SPACE',''
  ) );
#7394 = PCURVE('',#4159,#7395);
#7395 = DEFINITIONAL_REPRESENTATION('',(#7396),#7400);
#7396 = LINE('',#7397,#7398);
#7397 = CARTESIAN_POINT('',(2.8,-1.67431578065));
#7398 = VECTOR('',#7399,1.);
#7399 = DIRECTION('',(0.,1.));
#7400 = ( GEOMETRIC_REPRESENTATION_CONTEXT(2) 
PARAMETRIC_REPRESENTATION_CONTEXT() REPRESENTATION_CONTEXT('2D SPACE',''
  ) );
#7401 = ORIENTED_EDGE('',*,*,#7402,.T.);
#7402 = EDGE_CURVE('',#7380,#7403,#7405,.T.);
#7403 = VERTEX_POINT('',#7404);
#7404 = CARTESIAN_POINT('',(150.6513684387,142.,38.));
#7405 = SURFACE_CURVE('',#7406,(#7410,#7417),.PCURVE_S1.);
#7406 = LINE('',#7407,#7408);
#7407 = CARTESIAN_POINT('',(152.32568421935,144.9,38.));
#7408 = VECTOR('',#7409,1.);
#7409 = DIRECTION('',(-0.5,-0.866025403784,0.));
#7410 = PCURVE('',#4070,#7411);
#7411 = DEFINITIONAL_REPRESENTATION('',(#7412),#7416);
#7412 = LINE('',#7413,#7414);
#7413 = CARTESIAN_POINT('',(-1.67431578065,5.8));
#7414 = VECTOR('',#7415,1.);
#7415 = DIRECTION('',(-0.5,-0.866025403784));
#7416 = ( GEOMETRIC_REPRESENTATION_CONTEXT(2) 
PARAMETRIC_REPRESENTATION_CONTEXT() REPRESENTATION_CONTEXT('2D SPACE',''
  ) );
#7417 = PCURVE('',#7418,#7423);
#7418 = PLANE('',#7419);
#7419 = AXIS2_PLACEMENT_3D('',#7420,#7421,#7422);
#7420 = CARTESIAN_POINT('',(152.32568421935,144.9,35.2));
#7421 = DIRECTION('',(0.866025403784,-0.5,0.));
#7422 = DIRECTION('',(-0.5,-0.866025403784,0.));
#7423 = DEFINITIONAL_REPRESENTATION('',(#7424),#7428);
#7424 = LINE('',#7425,#7426);
#7425 = CARTESIAN_POINT('',(0.,-2.8));
#7426 = VECTOR('',#7427,1.);
#7427 = DIRECTION('',(1.,0.));
#7428 = ( GEOMETRIC_REPRESENTATION_CONTEXT(2) 
PARAMETRIC_REPRESENTATION_CONTEXT() REPRESENTATION_CONTEXT('2D SPACE',''
  ) );
#7429 = ORIENTED_EDGE('',*,*,#7430,.T.);
#7430 = EDGE_CURVE('',#7403,#7431,#7433,.T.);
#7431 = VERTEX_POINT('',#7432);
#7432 = CARTESIAN_POINT('',(152.32568421935,139.1,38.));
#7433 = SURFACE_CURVE('',#7434,(#7438,#7445),.PCURVE_S1.);
#7434 = LINE('',#7435,#7436);
#7435 = CARTESIAN_POINT('',(150.6513684387,142.,38.));
#7436 = VECTOR('',#7437,1.);
#7437 = DIRECTION('',(0.5,-0.866025403784,0.));
#7438 = PCURVE('',#4070,#7439);
#7439 = DEFINITIONAL_REPRESENTATION('',(#7440),#7444);
#7440 = LINE('',#7441,#7442);
#7441 = CARTESIAN_POINT('',(-3.3486315613,2.9));
#7442 = VECTOR('',#7443,1.);
#7443 = DIRECTION('',(0.5,-0.866025403784));
#7444 = ( GEOMETRIC_REPRESENTATION_CONTEXT(2) 
PARAMETRIC_REPRESENTATION_CONTEXT() REPRESENTATION_CONTEXT('2D SPACE',''
  ) );
#7445 = PCURVE('',#7446,#7451);
#7446 = PLANE('',#7447);
#7447 = AXIS2_PLACEMENT_3D('',#7448,#7449,#7450);
#7448 = CARTESIAN_POINT('',(150.6513684387,142.,35.2));
#7449 = DIRECTION('',(0.866025403784,0.5,-0.));
#7450 = DIRECTION('',(0.5,-0.866025403784,0.));
#7451 = DEFINITIONAL_REPRESENTATION('',(#7452),#7456);
#7452 = LINE('',#7453,#7454);
#7453 = CARTESIAN_POINT('',(0.,-2.8));
#7454 = VECTOR('',#7455,1.);
#7455 = DIRECTION('',(1.,0.));
#7456 = ( GEOMETRIC_REPRESENTATION_CONTEXT(2) 
PARAMETRIC_REPRESENTATION_CONTEXT() REPRESENTATION_CONTEXT('2D SPACE',''
  ) );
#7457 = ORIENTED_EDGE('',*,*,#7458,.F.);
#7458 = EDGE_CURVE('',#4054,#7431,#7459,.T.);
#7459 = SURFACE_CURVE('',#7460,(#7464,#7471),.PCURVE_S1.);
#7460 = LINE('',#7461,#7462);
#7461 = CARTESIAN_POINT('',(163.95671881209,139.1,38.));
#7462 = VECTOR('',#7463,1.);
#7463 = DIRECTION('',(-1.,0.,0.));
#7464 = PCURVE('',#4070,#7465);
#7465 = DEFINITIONAL_REPRESENTATION('',(#7466),#7470);
#7466 = LINE('',#7467,#7468);
#7467 = CARTESIAN_POINT('',(9.956718812099,0.));
#7468 = VECTOR('',#7469,1.);
#7469 = DIRECTION('',(-1.,0.));
#7470 = ( GEOMETRIC_REPRESENTATION_CONTEXT(2) 
PARAMETRIC_REPRESENTATION_CONTEXT() REPRESENTATION_CONTEXT('2D SPACE',''
  ) );
#7471 = PCURVE('',#4101,#7472);
#7472 = DEFINITIONAL_REPRESENTATION('',(#7473),#7477);
#7473 = LINE('',#7474,#7475);
#7474 = CARTESIAN_POINT('',(2.8,9.956718812099));
#7475 = VECTOR('',#7476,1.);
#7476 = DIRECTION('',(0.,-1.));
#7477 = ( GEOMETRIC_REPRESENTATION_CONTEXT(2) 
PARAMETRIC_REPRESENTATION_CONTEXT() REPRESENTATION_CONTEXT('2D SPACE',''
  ) );
#7478 = ORIENTED_EDGE('',*,*,#4051,.F.);
#7479 = FACE_BOUND('',#7480,.F.);
#7480 = EDGE_LOOP('',(#7481));
#7481 = ORIENTED_EDGE('',*,*,#6454,.T.);
#7482 = ADVANCED_FACE('',(#7483),#4159,.F.);
#7483 = FACE_BOUND('',#7484,.F.);
#7484 = EDGE_LOOP('',(#7485,#7508,#7529,#7530));
#7485 = ORIENTED_EDGE('',*,*,#7486,.F.);
#7486 = EDGE_CURVE('',#7487,#4114,#7489,.T.);
#7487 = VERTEX_POINT('',#7488);
#7488 = CARTESIAN_POINT('',(152.32568421935,144.9,35.2));
#7489 = SURFACE_CURVE('',#7490,(#7494,#7501),.PCURVE_S1.);
#7490 = LINE('',#7491,#7492);
#7491 = CARTESIAN_POINT('',(152.32568421935,144.9,35.2));
#7492 = VECTOR('',#7493,1.);
#7493 = DIRECTION('',(1.,0.,0.));
#7494 = PCURVE('',#4159,#7495);
#7495 = DEFINITIONAL_REPRESENTATION('',(#7496),#7500);
#7496 = LINE('',#7497,#7498);
#7497 = CARTESIAN_POINT('',(0.,-1.67431578065));
#7498 = VECTOR('',#7499,1.);
#7499 = DIRECTION('',(0.,1.));
#7500 = ( GEOMETRIC_REPRESENTATION_CONTEXT(2) 
PARAMETRIC_REPRESENTATION_CONTEXT() REPRESENTATION_CONTEXT('2D SPACE',''
  ) );
#7501 = PCURVE('',#4130,#7502);
#7502 = DEFINITIONAL_REPRESENTATION('',(#7503),#7507);
#7503 = LINE('',#7504,#7505);
#7504 = CARTESIAN_POINT('',(-1.67431578065,5.8));
#7505 = VECTOR('',#7506,1.);
#7506 = DIRECTION('',(1.,0.));
#7507 = ( GEOMETRIC_REPRESENTATION_CONTEXT(2) 
PARAMETRIC_REPRESENTATION_CONTEXT() REPRESENTATION_CONTEXT('2D SPACE',''
  ) );
#7508 = ORIENTED_EDGE('',*,*,#7509,.T.);
#7509 = EDGE_CURVE('',#7487,#7380,#7510,.T.);
#7510 = SURFACE_CURVE('',#7511,(#7515,#7522),.PCURVE_S1.);
#7511 = LINE('',#7512,#7513);
#7512 = CARTESIAN_POINT('',(152.32568421935,144.9,35.2));
#7513 = VECTOR('',#7514,1.);
#7514 = DIRECTION('',(0.,0.,1.));
#7515 = PCURVE('',#4159,#7516);
#7516 = DEFINITIONAL_REPRESENTATION('',(#7517),#7521);
#7517 = LINE('',#7518,#7519);
#7518 = CARTESIAN_POINT('',(0.,-1.67431578065));
#7519 = VECTOR('',#7520,1.);
#7520 = DIRECTION('',(1.,0.));
#7521 = ( GEOMETRIC_REPRESENTATION_CONTEXT(2) 
PARAMETRIC_REPRESENTATION_CONTEXT() REPRESENTATION_CONTEXT('2D SPACE',''
  ) );
#7522 = PCURVE('',#7418,#7523);
#7523 = DEFINITIONAL_REPRESENTATION('',(#7524),#7528);
#7524 = LINE('',#7525,#7526);
#7525 = CARTESIAN_POINT('',(0.,0.));
#7526 = VECTOR('',#7527,1.);
#7527 = DIRECTION('',(0.,-1.));
#7528 = ( GEOMETRIC_REPRESENTATION_CONTEXT(2) 
PARAMETRIC_REPRESENTATION_CONTEXT() REPRESENTATION_CONTEXT('2D SPACE',''
  ) );
#7529 = ORIENTED_EDGE('',*,*,#7379,.T.);
#7530 = ORIENTED_EDGE('',*,*,#4146,.T.);
#7531 = ADVANCED_FACE('',(#7532,#7603),#4130,.T.);
#7532 = FACE_BOUND('',#7533,.T.);
#7533 = EDGE_LOOP('',(#7534,#7535,#7558,#7581,#7602));
#7534 = ORIENTED_EDGE('',*,*,#7486,.F.);
#7535 = ORIENTED_EDGE('',*,*,#7536,.T.);
#7536 = EDGE_CURVE('',#7487,#7537,#7539,.T.);
#7537 = VERTEX_POINT('',#7538);
#7538 = CARTESIAN_POINT('',(150.6513684387,142.,35.2));
#7539 = SURFACE_CURVE('',#7540,(#7544,#7551),.PCURVE_S1.);
#7540 = LINE('',#7541,#7542);
#7541 = CARTESIAN_POINT('',(152.32568421935,144.9,35.2));
#7542 = VECTOR('',#7543,1.);
#7543 = DIRECTION('',(-0.5,-0.866025403784,0.));
#7544 = PCURVE('',#4130,#7545);
#7545 = DEFINITIONAL_REPRESENTATION('',(#7546),#7550);
#7546 = LINE('',#7547,#7548);
#7547 = CARTESIAN_POINT('',(-1.67431578065,5.8));
#7548 = VECTOR('',#7549,1.);
#7549 = DIRECTION('',(-0.5,-0.866025403784));
#7550 = ( GEOMETRIC_REPRESENTATION_CONTEXT(2) 
PARAMETRIC_REPRESENTATION_CONTEXT() REPRESENTATION_CONTEXT('2D SPACE',''
  ) );
#7551 = PCURVE('',#7418,#7552);
#7552 = DEFINITIONAL_REPRESENTATION('',(#7553),#7557);
#7553 = LINE('',#7554,#7555);
#7554 = CARTESIAN_POINT('',(0.,0.));
#7555 = VECTOR('',#7556,1.);
#7556 = DIRECTION('',(1.,0.));
#7557 = ( GEOMETRIC_REPRESENTATION_CONTEXT(2) 
PARAMETRIC_REPRESENTATION_CONTEXT() REPRESENTATION_CONTEXT('2D SPACE',''
  ) );
#7558 = ORIENTED_EDGE('',*,*,#7559,.T.);
#7559 = EDGE_CURVE('',#7537,#7560,#7562,.T.);
#7560 = VERTEX_POINT('',#7561);
#7561 = CARTESIAN_POINT('',(152.32568421935,139.1,35.2));
#7562 = SURFACE_CURVE('',#7563,(#7567,#7574),.PCURVE_S1.);
#7563 = LINE('',#7564,#7565);
#7564 = CARTESIAN_POINT('',(150.6513684387,142.,35.2));
#7565 = VECTOR('',#7566,1.);
#7566 = DIRECTION('',(0.5,-0.866025403784,0.));
#7567 = PCURVE('',#4130,#7568);
#7568 = DEFINITIONAL_REPRESENTATION('',(#7569),#7573);
#7569 = LINE('',#7570,#7571);
#7570 = CARTESIAN_POINT('',(-3.3486315613,2.9));
#7571 = VECTOR('',#7572,1.);
#7572 = DIRECTION('',(0.5,-0.866025403784));
#7573 = ( GEOMETRIC_REPRESENTATION_CONTEXT(2) 
PARAMETRIC_REPRESENTATION_CONTEXT() REPRESENTATION_CONTEXT('2D SPACE',''
  ) );
#7574 = PCURVE('',#7446,#7575);
#7575 = DEFINITIONAL_REPRESENTATION('',(#7576),#7580);
#7576 = LINE('',#7577,#7578);
#7577 = CARTESIAN_POINT('',(0.,0.));
#7578 = VECTOR('',#7579,1.);
#7579 = DIRECTION('',(1.,0.));
#7580 = ( GEOMETRIC_REPRESENTATION_CONTEXT(2) 
PARAMETRIC_REPRESENTATION_CONTEXT() REPRESENTATION_CONTEXT('2D SPACE',''
  ) );
#7581 = ORIENTED_EDGE('',*,*,#7582,.T.);
#7582 = EDGE_CURVE('',#7560,#4087,#7583,.T.);
#7583 = SURFACE_CURVE('',#7584,(#7588,#7595),.PCURVE_S1.);
#7584 = LINE('',#7585,#7586);
#7585 = CARTESIAN_POINT('',(152.32568421935,139.1,35.2));
#7586 = VECTOR('',#7587,1.);
#7587 = DIRECTION('',(1.,0.,0.));
#7588 = PCURVE('',#4130,#7589);
#7589 = DEFINITIONAL_REPRESENTATION('',(#7590),#7594);
#7590 = LINE('',#7591,#7592);
#7591 = CARTESIAN_POINT('',(-1.67431578065,0.));
#7592 = VECTOR('',#7593,1.);
#7593 = DIRECTION('',(1.,0.));
#7594 = ( GEOMETRIC_REPRESENTATION_CONTEXT(2) 
PARAMETRIC_REPRESENTATION_CONTEXT() REPRESENTATION_CONTEXT('2D SPACE',''
  ) );
#7595 = PCURVE('',#4101,#7596);
#7596 = DEFINITIONAL_REPRESENTATION('',(#7597),#7601);
#7597 = LINE('',#7598,#7599);
#7598 = CARTESIAN_POINT('',(0.,-1.67431578065));
#7599 = VECTOR('',#7600,1.);
#7600 = DIRECTION('',(0.,1.));
#7601 = ( GEOMETRIC_REPRESENTATION_CONTEXT(2) 
PARAMETRIC_REPRESENTATION_CONTEXT() REPRESENTATION_CONTEXT('2D SPACE',''
  ) );
#7602 = ORIENTED_EDGE('',*,*,#4113,.F.);
#7603 = FACE_BOUND('',#7604,.T.);
#7604 = EDGE_LOOP('',(#7605));
#7605 = ORIENTED_EDGE('',*,*,#7606,.T.);
#7606 = EDGE_CURVE('',#7607,#7607,#7609,.T.);
#7607 = VERTEX_POINT('',#7608);
#7608 = CARTESIAN_POINT('',(155.7,142.,35.2));
#7609 = SURFACE_CURVE('',#7610,(#7615,#7626),.PCURVE_S1.);
#7610 = CIRCLE('',#7611,1.7);
#7611 = AXIS2_PLACEMENT_3D('',#7612,#7613,#7614);
#7612 = CARTESIAN_POINT('',(154.,142.,35.2));
#7613 = DIRECTION('',(0.,0.,-1.));
#7614 = DIRECTION('',(1.,0.,0.));
#7615 = PCURVE('',#4130,#7616);
#7616 = DEFINITIONAL_REPRESENTATION('',(#7617),#7625);
#7617 = ( BOUNDED_CURVE() B_SPLINE_CURVE(2,(#7618,#7619,#7620,#7621,
#7622,#7623,#7624),.UNSPECIFIED.,.T.,.F.) B_SPLINE_CURVE_WITH_KNOTS((1,2
    ,2,2,2,1),(-2.094395102393,0.,2.094395102393,4.188790204786,
6.28318530718,8.377580409573),.UNSPECIFIED.) CURVE() 
GEOMETRIC_REPRESENTATION_ITEM() RATIONAL_B_SPLINE_CURVE((1.,0.5,1.,0.5,
1.,0.5,1.)) REPRESENTATION_ITEM('') );
#7618 = CARTESIAN_POINT('',(1.7,2.9));
#7619 = CARTESIAN_POINT('',(1.7,-4.448637286707E-02));
#7620 = CARTESIAN_POINT('',(-0.85,1.427756813566));
#7621 = CARTESIAN_POINT('',(-3.4,2.9));
#7622 = CARTESIAN_POINT('',(-0.85,4.372243186434));
#7623 = CARTESIAN_POINT('',(1.7,5.844486372867));
#7624 = CARTESIAN_POINT('',(1.7,2.9));
#7625 = ( GEOMETRIC_REPRESENTATION_CONTEXT(2) 
PARAMETRIC_REPRESENTATION_CONTEXT() REPRESENTATION_CONTEXT('2D SPACE',''
  ) );
#7626 = PCURVE('',#7627,#7632);
#7627 = CYLINDRICAL_SURFACE('',#7628,1.7);
#7628 = AXIS2_PLACEMENT_3D('',#7629,#7630,#7631);
#7629 = CARTESIAN_POINT('',(154.,142.,29.));
#7630 = DIRECTION('',(-0.,-0.,-1.));
#7631 = DIRECTION('',(1.,0.,0.));
#7632 = DEFINITIONAL_REPRESENTATION('',(#7633),#7637);
#7633 = LINE('',#7634,#7635);
#7634 = CARTESIAN_POINT('',(-6.28318530718,-6.2));
#7635 = VECTOR('',#7636,1.);
#7636 = DIRECTION('',(1.,-0.));
#7637 = ( GEOMETRIC_REPRESENTATION_CONTEXT(2) 
PARAMETRIC_REPRESENTATION_CONTEXT() REPRESENTATION_CONTEXT('2D SPACE',''
  ) );
#7638 = ADVANCED_FACE('',(#7639),#4101,.T.);
#7639 = FACE_BOUND('',#7640,.T.);
#7640 = EDGE_LOOP('',(#7641,#7642,#7663,#7664));
#7641 = ORIENTED_EDGE('',*,*,#7582,.F.);
#7642 = ORIENTED_EDGE('',*,*,#7643,.T.);
#7643 = EDGE_CURVE('',#7560,#7431,#7644,.T.);
#7644 = SURFACE_CURVE('',#7645,(#7649,#7656),.PCURVE_S1.);
#7645 = LINE('',#7646,#7647);
#7646 = CARTESIAN_POINT('',(152.32568421935,139.1,35.2));
#7647 = VECTOR('',#7648,1.);
#7648 = DIRECTION('',(0.,0.,1.));
#7649 = PCURVE('',#4101,#7650);
#7650 = DEFINITIONAL_REPRESENTATION('',(#7651),#7655);
#7651 = LINE('',#7652,#7653);
#7652 = CARTESIAN_POINT('',(0.,-1.67431578065));
#7653 = VECTOR('',#7654,1.);
#7654 = DIRECTION('',(1.,0.));
#7655 = ( GEOMETRIC_REPRESENTATION_CONTEXT(2) 
PARAMETRIC_REPRESENTATION_CONTEXT() REPRESENTATION_CONTEXT('2D SPACE',''
  ) );
#7656 = PCURVE('',#7446,#7657);
#7657 = DEFINITIONAL_REPRESENTATION('',(#7658),#7662);
#7658 = LINE('',#7659,#7660);
#7659 = CARTESIAN_POINT('',(3.3486315613,0.));
#7660 = VECTOR('',#7661,1.);
#7661 = DIRECTION('',(0.,-1.));
#7662 = ( GEOMETRIC_REPRESENTATION_CONTEXT(2) 
PARAMETRIC_REPRESENTATION_CONTEXT() REPRESENTATION_CONTEXT('2D SPACE',''
  ) );
#7663 = ORIENTED_EDGE('',*,*,#7458,.F.);
#7664 = ORIENTED_EDGE('',*,*,#4086,.T.);
#7665 = ADVANCED_FACE('',(#7666,#7674,#7709),#4217,.T.);
#7666 = FACE_BOUND('',#7667,.T.);
#7667 = EDGE_LOOP('',(#7668,#7669,#7670,#7671,#7672,#7673));
#7668 = ORIENTED_EDGE('',*,*,#4202,.F.);
#7669 = ORIENTED_EDGE('',*,*,#4692,.T.);
#7670 = ORIENTED_EDGE('',*,*,#4664,.T.);
#7671 = ORIENTED_EDGE('',*,*,#4615,.T.);
#7672 = ORIENTED_EDGE('',*,*,#4558,.T.);
#7673 = ORIENTED_EDGE('',*,*,#4482,.T.);
#7674 = FACE_BOUND('',#7675,.T.);
#7675 = EDGE_LOOP('',(#7676));
#7676 = ORIENTED_EDGE('',*,*,#7677,.T.);
#7677 = EDGE_CURVE('',#7678,#7678,#7680,.T.);
#7678 = VERTEX_POINT('',#7679);
#7679 = CARTESIAN_POINT('',(172.7,118.,5.));
#7680 = SURFACE_CURVE('',#7681,(#7686,#7697),.PCURVE_S1.);
#7681 = CIRCLE('',#7682,1.7);
#7682 = AXIS2_PLACEMENT_3D('',#7683,#7684,#7685);
#7683 = CARTESIAN_POINT('',(171.,118.,5.));
#7684 = DIRECTION('',(0.,0.,-1.));
#7685 = DIRECTION('',(1.,0.,0.));
#7686 = PCURVE('',#4217,#7687);
#7687 = DEFINITIONAL_REPRESENTATION('',(#7688),#7696);
#7688 = ( BOUNDED_CURVE() B_SPLINE_CURVE(2,(#7689,#7690,#7691,#7692,
#7693,#7694,#7695),.UNSPECIFIED.,.T.,.F.) B_SPLINE_CURVE_WITH_KNOTS((1,2
    ,2,2,2,1),(-2.094395102393,0.,2.094395102393,4.188790204786,
6.28318530718,8.377580409573),.UNSPECIFIED.) CURVE() 
GEOMETRIC_REPRESENTATION_ITEM() RATIONAL_B_SPLINE_CURVE((1.,0.5,1.,0.5,
1.,0.5,1.)) REPRESENTATION_ITEM('') );
#7689 = CARTESIAN_POINT('',(-3.3,-1.42108547152E-14));
#7690 = CARTESIAN_POINT('',(-3.3,-2.944486372867));
#7691 = CARTESIAN_POINT('',(-5.85,-1.472243186434));
#7692 = CARTESIAN_POINT('',(-8.4,-1.462723462691E-14));
#7693 = CARTESIAN_POINT('',(-5.85,1.472243186434));
#7694 = CARTESIAN_POINT('',(-3.3,2.944486372867));
#7695 = CARTESIAN_POINT('',(-3.3,-1.42108547152E-14));
#7696 = ( GEOMETRIC_REPRESENTATION_CONTEXT(2) 
PARAMETRIC_REPRESENTATION_CONTEXT() REPRESENTATION_CONTEXT('2D SPACE',''
  ) );
#7697 = PCURVE('',#7698,#7703);
#7698 = CYLINDRICAL_SURFACE('',#7699,1.7);
#7699 = AXIS2_PLACEMENT_3D('',#7700,#7701,#7702);
#7700 = CARTESIAN_POINT('',(171.,118.,-1.));
#7701 = DIRECTION('',(-0.,-0.,-1.));
#7702 = DIRECTION('',(1.,0.,0.));
#7703 = DEFINITIONAL_REPRESENTATION('',(#7704),#7708);
#7704 = LINE('',#7705,#7706);
#7705 = CARTESIAN_POINT('',(-6.28318530718,-6.));
#7706 = VECTOR('',#7707,1.);
#7707 = DIRECTION('',(1.,-0.));
#7708 = ( GEOMETRIC_REPRESENTATION_CONTEXT(2) 
PARAMETRIC_REPRESENTATION_CONTEXT() REPRESENTATION_CONTEXT('2D SPACE',''
  ) );
#7709 = FACE_BOUND('',#7710,.T.);
#7710 = EDGE_LOOP('',(#7711));
#7711 = ORIENTED_EDGE('',*,*,#7712,.T.);
#7712 = EDGE_CURVE('',#7713,#7713,#7715,.T.);
#7713 = VERTEX_POINT('',#7714);
#7714 = CARTESIAN_POINT('',(184.7,118.,5.));
#7715 = SURFACE_CURVE('',#7716,(#7721,#7732),.PCURVE_S1.);
#7716 = CIRCLE('',#7717,1.7);
#7717 = AXIS2_PLACEMENT_3D('',#7718,#7719,#7720);
#7718 = CARTESIAN_POINT('',(183.,118.,5.));
#7719 = DIRECTION('',(0.,0.,-1.));
#7720 = DIRECTION('',(1.,0.,0.));
#7721 = PCURVE('',#4217,#7722);
#7722 = DEFINITIONAL_REPRESENTATION('',(#7723),#7731);
#7723 = ( BOUNDED_CURVE() B_SPLINE_CURVE(2,(#7724,#7725,#7726,#7727,
#7728,#7729,#7730),.UNSPECIFIED.,.T.,.F.) B_SPLINE_CURVE_WITH_KNOTS((1,2
    ,2,2,2,1),(-2.094395102393,0.,2.094395102393,4.188790204786,
6.28318530718,8.377580409573),.UNSPECIFIED.) CURVE() 
GEOMETRIC_REPRESENTATION_ITEM() RATIONAL_B_SPLINE_CURVE((1.,0.5,1.,0.5,
1.,0.5,1.)) REPRESENTATION_ITEM('') );
#7724 = CARTESIAN_POINT('',(8.7,-1.42108547152E-14));
#7725 = CARTESIAN_POINT('',(8.7,-2.944486372867));
#7726 = CARTESIAN_POINT('',(6.15,-1.472243186434));
#7727 = CARTESIAN_POINT('',(3.6,-1.462723462691E-14));
#7728 = CARTESIAN_POINT('',(6.15,1.472243186434));
#7729 = CARTESIAN_POINT('',(8.7,2.944486372867));
#7730 = CARTESIAN_POINT('',(8.7,-1.42108547152E-14));
#7731 = ( GEOMETRIC_REPRESENTATION_CONTEXT(2) 
PARAMETRIC_REPRESENTATION_CONTEXT() REPRESENTATION_CONTEXT('2D SPACE',''
  ) );
#7732 = PCURVE('',#7733,#7738);
#7733 = CYLINDRICAL_SURFACE('',#7734,1.7);
#7734 = AXIS2_PLACEMENT_3D('',#7735,#7736,#7737);
#7735 = CARTESIAN_POINT('',(183.,118.,-1.));
#7736 = DIRECTION('',(-0.,-0.,-1.));
#7737 = DIRECTION('',(1.,0.,0.));
#7738 = DEFINITIONAL_REPRESENTATION('',(#7739),#7743);
#7739 = LINE('',#7740,#7741);
#7740 = CARTESIAN_POINT('',(-6.28318530718,-6.));
#7741 = VECTOR('',#7742,1.);
#7742 = DIRECTION('',(1.,-0.));
#7743 = ( GEOMETRIC_REPRESENTATION_CONTEXT(2) 
PARAMETRIC_REPRESENTATION_CONTEXT() REPRESENTATION_CONTEXT('2D SPACE',''
  ) );
#7744 = ADVANCED_FACE('',(#7745,#7848),#4268,.F.);
#7745 = FACE_BOUND('',#7746,.F.);
#7746 = EDGE_LOOP('',(#7747,#7770,#7798,#7826,#7847));
#7747 = ORIENTED_EDGE('',*,*,#7748,.F.);
#7748 = EDGE_CURVE('',#7749,#4254,#7751,.T.);
#7749 = VERTEX_POINT('',#7750);
#7750 = CARTESIAN_POINT('',(157.32568421935,78.9,38.));
#7751 = SURFACE_CURVE('',#7752,(#7756,#7763),.PCURVE_S1.);
#7752 = LINE('',#7753,#7754);
#7753 = CARTESIAN_POINT('',(157.32568421935,78.9,38.));
#7754 = VECTOR('',#7755,1.);
#7755 = DIRECTION('',(1.,-2.12918525018E-15,0.));
#7756 = PCURVE('',#4268,#7757);
#7757 = DEFINITIONAL_REPRESENTATION('',(#7758),#7762);
#7758 = LINE('',#7759,#7760);
#7759 = CARTESIAN_POINT('',(-1.67431578065,5.8));
#7760 = VECTOR('',#7761,1.);
#7761 = DIRECTION('',(1.,-2.12918525018E-15));
#7762 = ( GEOMETRIC_REPRESENTATION_CONTEXT(2) 
PARAMETRIC_REPRESENTATION_CONTEXT() REPRESENTATION_CONTEXT('2D SPACE',''
  ) );
#7763 = PCURVE('',#4347,#7764);
#7764 = DEFINITIONAL_REPRESENTATION('',(#7765),#7769);
#7765 = LINE('',#7766,#7767);
#7766 = CARTESIAN_POINT('',(2.8,-1.67431578065));
#7767 = VECTOR('',#7768,1.);
#7768 = DIRECTION('',(0.,1.));
#7769 = ( GEOMETRIC_REPRESENTATION_CONTEXT(2) 
PARAMETRIC_REPRESENTATION_CONTEXT() REPRESENTATION_CONTEXT('2D SPACE',''
  ) );
#7770 = ORIENTED_EDGE('',*,*,#7771,.T.);
#7771 = EDGE_CURVE('',#7749,#7772,#7774,.T.);
#7772 = VERTEX_POINT('',#7773);
#7773 = CARTESIAN_POINT('',(155.6513684387,76.,38.));
#7774 = SURFACE_CURVE('',#7775,(#7779,#7786),.PCURVE_S1.);
#7775 = LINE('',#7776,#7777);
#7776 = CARTESIAN_POINT('',(157.32568421935,78.9,38.));
#7777 = VECTOR('',#7778,1.);
#7778 = DIRECTION('',(-0.5,-0.866025403784,0.));
#7779 = PCURVE('',#4268,#7780);
#7780 = DEFINITIONAL_REPRESENTATION('',(#7781),#7785);
#7781 = LINE('',#7782,#7783);
#7782 = CARTESIAN_POINT('',(-1.67431578065,5.8));
#7783 = VECTOR('',#7784,1.);
#7784 = DIRECTION('',(-0.5,-0.866025403784));
#7785 = ( GEOMETRIC_REPRESENTATION_CONTEXT(2) 
PARAMETRIC_REPRESENTATION_CONTEXT() REPRESENTATION_CONTEXT('2D SPACE',''
  ) );
#7786 = PCURVE('',#7787,#7792);
#7787 = PLANE('',#7788);
#7788 = AXIS2_PLACEMENT_3D('',#7789,#7790,#7791);
#7789 = CARTESIAN_POINT('',(157.32568421935,78.9,35.2));
#7790 = DIRECTION('',(0.866025403784,-0.5,0.));
#7791 = DIRECTION('',(-0.5,-0.866025403784,0.));
#7792 = DEFINITIONAL_REPRESENTATION('',(#7793),#7797);
#7793 = LINE('',#7794,#7795);
#7794 = CARTESIAN_POINT('',(0.,-2.8));
#7795 = VECTOR('',#7796,1.);
#7796 = DIRECTION('',(1.,0.));
#7797 = ( GEOMETRIC_REPRESENTATION_CONTEXT(2) 
PARAMETRIC_REPRESENTATION_CONTEXT() REPRESENTATION_CONTEXT('2D SPACE',''
  ) );
#7798 = ORIENTED_EDGE('',*,*,#7799,.T.);
#7799 = EDGE_CURVE('',#7772,#7800,#7802,.T.);
#7800 = VERTEX_POINT('',#7801);
#7801 = CARTESIAN_POINT('',(157.32568421935,73.1,38.));
#7802 = SURFACE_CURVE('',#7803,(#7807,#7814),.PCURVE_S1.);
#7803 = LINE('',#7804,#7805);
#7804 = CARTESIAN_POINT('',(155.6513684387,76.,38.));
#7805 = VECTOR('',#7806,1.);
#7806 = DIRECTION('',(0.5,-0.866025403784,0.));
#7807 = PCURVE('',#4268,#7808);
#7808 = DEFINITIONAL_REPRESENTATION('',(#7809),#7813);
#7809 = LINE('',#7810,#7811);
#7810 = CARTESIAN_POINT('',(-3.3486315613,2.9));
#7811 = VECTOR('',#7812,1.);
#7812 = DIRECTION('',(0.5,-0.866025403784));
#7813 = ( GEOMETRIC_REPRESENTATION_CONTEXT(2) 
PARAMETRIC_REPRESENTATION_CONTEXT() REPRESENTATION_CONTEXT('2D SPACE',''
  ) );
#7814 = PCURVE('',#7815,#7820);
#7815 = PLANE('',#7816);
#7816 = AXIS2_PLACEMENT_3D('',#7817,#7818,#7819);
#7817 = CARTESIAN_POINT('',(155.6513684387,76.,35.2));
#7818 = DIRECTION('',(0.866025403784,0.5,-0.));
#7819 = DIRECTION('',(0.5,-0.866025403784,0.));
#7820 = DEFINITIONAL_REPRESENTATION('',(#7821),#7825);
#7821 = LINE('',#7822,#7823);
#7822 = CARTESIAN_POINT('',(0.,-2.8));
#7823 = VECTOR('',#7824,1.);
#7824 = DIRECTION('',(1.,0.));
#7825 = ( GEOMETRIC_REPRESENTATION_CONTEXT(2) 
PARAMETRIC_REPRESENTATION_CONTEXT() REPRESENTATION_CONTEXT('2D SPACE',''
  ) );
#7826 = ORIENTED_EDGE('',*,*,#7827,.F.);
#7827 = EDGE_CURVE('',#4252,#7800,#7828,.T.);
#7828 = SURFACE_CURVE('',#7829,(#7833,#7840),.PCURVE_S1.);
#7829 = LINE('',#7830,#7831);
#7830 = CARTESIAN_POINT('',(164.,73.1,38.));
#7831 = VECTOR('',#7832,1.);
#7832 = DIRECTION('',(-1.,0.,0.));
#7833 = PCURVE('',#4268,#7834);
#7834 = DEFINITIONAL_REPRESENTATION('',(#7835),#7839);
#7835 = LINE('',#7836,#7837);
#7836 = CARTESIAN_POINT('',(5.,0.));
#7837 = VECTOR('',#7838,1.);
#7838 = DIRECTION('',(-1.,0.));
#7839 = ( GEOMETRIC_REPRESENTATION_CONTEXT(2) 
PARAMETRIC_REPRESENTATION_CONTEXT() REPRESENTATION_CONTEXT('2D SPACE',''
  ) );
#7840 = PCURVE('',#4295,#7841);
#7841 = DEFINITIONAL_REPRESENTATION('',(#7842),#7846);
#7842 = LINE('',#7843,#7844);
#7843 = CARTESIAN_POINT('',(2.8,5.));
#7844 = VECTOR('',#7845,1.);
#7845 = DIRECTION('',(0.,-1.));
#7846 = ( GEOMETRIC_REPRESENTATION_CONTEXT(2) 
PARAMETRIC_REPRESENTATION_CONTEXT() REPRESENTATION_CONTEXT('2D SPACE',''
  ) );
#7847 = ORIENTED_EDGE('',*,*,#4251,.T.);
#7848 = FACE_BOUND('',#7849,.F.);
#7849 = EDGE_LOOP('',(#7850));
#7850 = ORIENTED_EDGE('',*,*,#6400,.T.);
#7851 = ADVANCED_FACE('',(#7852),#4295,.T.);
#7852 = FACE_BOUND('',#7853,.T.);
#7853 = EDGE_LOOP('',(#7854,#7877,#7898,#7899));
#7854 = ORIENTED_EDGE('',*,*,#7855,.F.);
#7855 = EDGE_CURVE('',#7856,#4281,#7858,.T.);
#7856 = VERTEX_POINT('',#7857);
#7857 = CARTESIAN_POINT('',(157.32568421935,73.1,35.2));
#7858 = SURFACE_CURVE('',#7859,(#7863,#7870),.PCURVE_S1.);
#7859 = LINE('',#7860,#7861);
#7860 = CARTESIAN_POINT('',(157.32568421935,73.1,35.2));
#7861 = VECTOR('',#7862,1.);
#7862 = DIRECTION('',(1.,0.,0.));
#7863 = PCURVE('',#4295,#7864);
#7864 = DEFINITIONAL_REPRESENTATION('',(#7865),#7869);
#7865 = LINE('',#7866,#7867);
#7866 = CARTESIAN_POINT('',(0.,-1.67431578065));
#7867 = VECTOR('',#7868,1.);
#7868 = DIRECTION('',(0.,1.));
#7869 = ( GEOMETRIC_REPRESENTATION_CONTEXT(2) 
PARAMETRIC_REPRESENTATION_CONTEXT() REPRESENTATION_CONTEXT('2D SPACE',''
  ) );
#7870 = PCURVE('',#4322,#7871);
#7871 = DEFINITIONAL_REPRESENTATION('',(#7872),#7876);
#7872 = LINE('',#7873,#7874);
#7873 = CARTESIAN_POINT('',(-1.67431578065,0.));
#7874 = VECTOR('',#7875,1.);
#7875 = DIRECTION('',(1.,0.));
#7876 = ( GEOMETRIC_REPRESENTATION_CONTEXT(2) 
PARAMETRIC_REPRESENTATION_CONTEXT() REPRESENTATION_CONTEXT('2D SPACE',''
  ) );
#7877 = ORIENTED_EDGE('',*,*,#7878,.T.);
#7878 = EDGE_CURVE('',#7856,#7800,#7879,.T.);
#7879 = SURFACE_CURVE('',#7880,(#7884,#7891),.PCURVE_S1.);
#7880 = LINE('',#7881,#7882);
#7881 = CARTESIAN_POINT('',(157.32568421935,73.1,35.2));
#7882 = VECTOR('',#7883,1.);
#7883 = DIRECTION('',(0.,0.,1.));
#7884 = PCURVE('',#4295,#7885);
#7885 = DEFINITIONAL_REPRESENTATION('',(#7886),#7890);
#7886 = LINE('',#7887,#7888);
#7887 = CARTESIAN_POINT('',(0.,-1.67431578065));
#7888 = VECTOR('',#7889,1.);
#7889 = DIRECTION('',(1.,0.));
#7890 = ( GEOMETRIC_REPRESENTATION_CONTEXT(2) 
PARAMETRIC_REPRESENTATION_CONTEXT() REPRESENTATION_CONTEXT('2D SPACE',''
  ) );
#7891 = PCURVE('',#7815,#7892);
#7892 = DEFINITIONAL_REPRESENTATION('',(#7893),#7897);
#7893 = LINE('',#7894,#7895);
#7894 = CARTESIAN_POINT('',(3.3486315613,0.));
#7895 = VECTOR('',#7896,1.);
#7896 = DIRECTION('',(0.,-1.));
#7897 = ( GEOMETRIC_REPRESENTATION_CONTEXT(2) 
PARAMETRIC_REPRESENTATION_CONTEXT() REPRESENTATION_CONTEXT('2D SPACE',''
  ) );
#7898 = ORIENTED_EDGE('',*,*,#7827,.F.);
#7899 = ORIENTED_EDGE('',*,*,#4280,.T.);
#7900 = ADVANCED_FACE('',(#7901),#4347,.F.);
#7901 = FACE_BOUND('',#7902,.F.);
#7902 = EDGE_LOOP('',(#7903,#7926,#7947,#7948));
#7903 = ORIENTED_EDGE('',*,*,#7904,.F.);
#7904 = EDGE_CURVE('',#7905,#4308,#7907,.T.);
#7905 = VERTEX_POINT('',#7906);
#7906 = CARTESIAN_POINT('',(157.32568421935,78.9,35.2));
#7907 = SURFACE_CURVE('',#7908,(#7912,#7919),.PCURVE_S1.);
#7908 = LINE('',#7909,#7910);
#7909 = CARTESIAN_POINT('',(157.32568421935,78.9,35.2));
#7910 = VECTOR('',#7911,1.);
#7911 = DIRECTION('',(1.,-2.12918525018E-15,0.));
#7912 = PCURVE('',#4347,#7913);
#7913 = DEFINITIONAL_REPRESENTATION('',(#7914),#7918);
#7914 = LINE('',#7915,#7916);
#7915 = CARTESIAN_POINT('',(0.,-1.67431578065));
#7916 = VECTOR('',#7917,1.);
#7917 = DIRECTION('',(0.,1.));
#7918 = ( GEOMETRIC_REPRESENTATION_CONTEXT(2) 
PARAMETRIC_REPRESENTATION_CONTEXT() REPRESENTATION_CONTEXT('2D SPACE',''
  ) );
#7919 = PCURVE('',#4322,#7920);
#7920 = DEFINITIONAL_REPRESENTATION('',(#7921),#7925);
#7921 = LINE('',#7922,#7923);
#7922 = CARTESIAN_POINT('',(-1.67431578065,5.8));
#7923 = VECTOR('',#7924,1.);
#7924 = DIRECTION('',(1.,-2.12918525018E-15));
#7925 = ( GEOMETRIC_REPRESENTATION_CONTEXT(2) 
PARAMETRIC_REPRESENTATION_CONTEXT() REPRESENTATION_CONTEXT('2D SPACE',''
  ) );
#7926 = ORIENTED_EDGE('',*,*,#7927,.T.);
#7927 = EDGE_CURVE('',#7905,#7749,#7928,.T.);
#7928 = SURFACE_CURVE('',#7929,(#7933,#7940),.PCURVE_S1.);
#7929 = LINE('',#7930,#7931);
#7930 = CARTESIAN_POINT('',(157.32568421935,78.9,35.2));
#7931 = VECTOR('',#7932,1.);
#7932 = DIRECTION('',(0.,0.,1.));
#7933 = PCURVE('',#4347,#7934);
#7934 = DEFINITIONAL_REPRESENTATION('',(#7935),#7939);
#7935 = LINE('',#7936,#7937);
#7936 = CARTESIAN_POINT('',(0.,-1.67431578065));
#7937 = VECTOR('',#7938,1.);
#7938 = DIRECTION('',(1.,0.));
#7939 = ( GEOMETRIC_REPRESENTATION_CONTEXT(2) 
PARAMETRIC_REPRESENTATION_CONTEXT() REPRESENTATION_CONTEXT('2D SPACE',''
  ) );
#7940 = PCURVE('',#7787,#7941);
#7941 = DEFINITIONAL_REPRESENTATION('',(#7942),#7946);
#7942 = LINE('',#7943,#7944);
#7943 = CARTESIAN_POINT('',(0.,0.));
#7944 = VECTOR('',#7945,1.);
#7945 = DIRECTION('',(0.,-1.));
#7946 = ( GEOMETRIC_REPRESENTATION_CONTEXT(2) 
PARAMETRIC_REPRESENTATION_CONTEXT() REPRESENTATION_CONTEXT('2D SPACE',''
  ) );
#7947 = ORIENTED_EDGE('',*,*,#7748,.T.);
#7948 = ORIENTED_EDGE('',*,*,#4334,.T.);
#7949 = ADVANCED_FACE('',(#7950,#7999),#4322,.T.);
#7950 = FACE_BOUND('',#7951,.T.);
#7951 = EDGE_LOOP('',(#7952,#7953,#7976,#7997,#7998));
#7952 = ORIENTED_EDGE('',*,*,#7904,.F.);
#7953 = ORIENTED_EDGE('',*,*,#7954,.T.);
#7954 = EDGE_CURVE('',#7905,#7955,#7957,.T.);
#7955 = VERTEX_POINT('',#7956);
#7956 = CARTESIAN_POINT('',(155.6513684387,76.,35.2));
#7957 = SURFACE_CURVE('',#7958,(#7962,#7969),.PCURVE_S1.);
#7958 = LINE('',#7959,#7960);
#7959 = CARTESIAN_POINT('',(157.32568421935,78.9,35.2));
#7960 = VECTOR('',#7961,1.);
#7961 = DIRECTION('',(-0.5,-0.866025403784,0.));
#7962 = PCURVE('',#4322,#7963);
#7963 = DEFINITIONAL_REPRESENTATION('',(#7964),#7968);
#7964 = LINE('',#7965,#7966);
#7965 = CARTESIAN_POINT('',(-1.67431578065,5.8));
#7966 = VECTOR('',#7967,1.);
#7967 = DIRECTION('',(-0.5,-0.866025403784));
#7968 = ( GEOMETRIC_REPRESENTATION_CONTEXT(2) 
PARAMETRIC_REPRESENTATION_CONTEXT() REPRESENTATION_CONTEXT('2D SPACE',''
  ) );
#7969 = PCURVE('',#7787,#7970);
#7970 = DEFINITIONAL_REPRESENTATION('',(#7971),#7975);
#7971 = LINE('',#7972,#7973);
#7972 = CARTESIAN_POINT('',(0.,0.));
#7973 = VECTOR('',#7974,1.);
#7974 = DIRECTION('',(1.,0.));
#7975 = ( GEOMETRIC_REPRESENTATION_CONTEXT(2) 
PARAMETRIC_REPRESENTATION_CONTEXT() REPRESENTATION_CONTEXT('2D SPACE',''
  ) );
#7976 = ORIENTED_EDGE('',*,*,#7977,.T.);
#7977 = EDGE_CURVE('',#7955,#7856,#7978,.T.);
#7978 = SURFACE_CURVE('',#7979,(#7983,#7990),.PCURVE_S1.);
#7979 = LINE('',#7980,#7981);
#7980 = CARTESIAN_POINT('',(155.6513684387,76.,35.2));
#7981 = VECTOR('',#7982,1.);
#7982 = DIRECTION('',(0.5,-0.866025403784,0.));
#7983 = PCURVE('',#4322,#7984);
#7984 = DEFINITIONAL_REPRESENTATION('',(#7985),#7989);
#7985 = LINE('',#7986,#7987);
#7986 = CARTESIAN_POINT('',(-3.3486315613,2.9));
#7987 = VECTOR('',#7988,1.);
#7988 = DIRECTION('',(0.5,-0.866025403784));
#7989 = ( GEOMETRIC_REPRESENTATION_CONTEXT(2) 
PARAMETRIC_REPRESENTATION_CONTEXT() REPRESENTATION_CONTEXT('2D SPACE',''
  ) );
#7990 = PCURVE('',#7815,#7991);
#7991 = DEFINITIONAL_REPRESENTATION('',(#7992),#7996);
#7992 = LINE('',#7993,#7994);
#7993 = CARTESIAN_POINT('',(0.,0.));
#7994 = VECTOR('',#7995,1.);
#7995 = DIRECTION('',(1.,0.));
#7996 = ( GEOMETRIC_REPRESENTATION_CONTEXT(2) 
PARAMETRIC_REPRESENTATION_CONTEXT() REPRESENTATION_CONTEXT('2D SPACE',''
  ) );
#7997 = ORIENTED_EDGE('',*,*,#7855,.T.);
#7998 = ORIENTED_EDGE('',*,*,#4307,.T.);
#7999 = FACE_BOUND('',#8000,.T.);
#8000 = EDGE_LOOP('',(#8001));
#8001 = ORIENTED_EDGE('',*,*,#8002,.T.);
#8002 = EDGE_CURVE('',#8003,#8003,#8005,.T.);
#8003 = VERTEX_POINT('',#8004);
#8004 = CARTESIAN_POINT('',(160.7,76.,35.2));
#8005 = SURFACE_CURVE('',#8006,(#8011,#8022),.PCURVE_S1.);
#8006 = CIRCLE('',#8007,1.7);
#8007 = AXIS2_PLACEMENT_3D('',#8008,#8009,#8010);
#8008 = CARTESIAN_POINT('',(159.,76.,35.2));
#8009 = DIRECTION('',(0.,0.,-1.));
#8010 = DIRECTION('',(1.,0.,0.));
#8011 = PCURVE('',#4322,#8012);
#8012 = DEFINITIONAL_REPRESENTATION('',(#8013),#8021);
#8013 = ( BOUNDED_CURVE() B_SPLINE_CURVE(2,(#8014,#8015,#8016,#8017,
#8018,#8019,#8020),.UNSPECIFIED.,.T.,.F.) B_SPLINE_CURVE_WITH_KNOTS((1,2
    ,2,2,2,1),(-2.094395102393,0.,2.094395102393,4.188790204786,
6.28318530718,8.377580409573),.UNSPECIFIED.) CURVE() 
GEOMETRIC_REPRESENTATION_ITEM() RATIONAL_B_SPLINE_CURVE((1.,0.5,1.,0.5,
1.,0.5,1.)) REPRESENTATION_ITEM('') );
#8014 = CARTESIAN_POINT('',(1.7,2.9));
#8015 = CARTESIAN_POINT('',(1.7,-4.448637286707E-02));
#8016 = CARTESIAN_POINT('',(-0.85,1.427756813566));
#8017 = CARTESIAN_POINT('',(-3.4,2.9));
#8018 = CARTESIAN_POINT('',(-0.85,4.372243186434));
#8019 = CARTESIAN_POINT('',(1.7,5.844486372867));
#8020 = CARTESIAN_POINT('',(1.7,2.9));
#8021 = ( GEOMETRIC_REPRESENTATION_CONTEXT(2) 
PARAMETRIC_REPRESENTATION_CONTEXT() REPRESENTATION_CONTEXT('2D SPACE',''
  ) );
#8022 = PCURVE('',#8023,#8028);
#8023 = CYLINDRICAL_SURFACE('',#8024,1.7);
#8024 = AXIS2_PLACEMENT_3D('',#8025,#8026,#8027);
#8025 = CARTESIAN_POINT('',(159.,76.,29.));
#8026 = DIRECTION('',(-0.,-0.,-1.));
#8027 = DIRECTION('',(1.,0.,0.));
#8028 = DEFINITIONAL_REPRESENTATION('',(#8029),#8033);
#8029 = LINE('',#8030,#8031);
#8030 = CARTESIAN_POINT('',(-6.28318530718,-6.2));
#8031 = VECTOR('',#8032,1.);
#8032 = DIRECTION('',(1.,-0.));
#8033 = ( GEOMETRIC_REPRESENTATION_CONTEXT(2) 
PARAMETRIC_REPRESENTATION_CONTEXT() REPRESENTATION_CONTEXT('2D SPACE',''
  ) );
#8034 = ADVANCED_FACE('',(#8035),#4382,.F.);
#8035 = FACE_BOUND('',#8036,.F.);
#8036 = EDGE_LOOP('',(#8037,#8038,#8061,#8092));
#8037 = ORIENTED_EDGE('',*,*,#4361,.F.);
#8038 = ORIENTED_EDGE('',*,*,#8039,.F.);
#8039 = EDGE_CURVE('',#8040,#4362,#8042,.T.);
#8040 = VERTEX_POINT('',#8041);
#8041 = CARTESIAN_POINT('',(161.6,38.,22.6));
#8042 = SEAM_CURVE('',#8043,(#8047,#8054),.PCURVE_S1.);
#8043 = LINE('',#8044,#8045);
#8044 = CARTESIAN_POINT('',(158.,38.,22.6));
#8045 = VECTOR('',#8046,1.);
#8046 = DIRECTION('',(1.,0.,0.));
#8047 = PCURVE('',#4382,#8048);
#8048 = DEFINITIONAL_REPRESENTATION('',(#8049),#8053);
#8049 = LINE('',#8050,#8051);
#8050 = CARTESIAN_POINT('',(6.28318530718,-0.));
#8051 = VECTOR('',#8052,1.);
#8052 = DIRECTION('',(0.,1.));
#8053 = ( GEOMETRIC_REPRESENTATION_CONTEXT(2) 
PARAMETRIC_REPRESENTATION_CONTEXT() REPRESENTATION_CONTEXT('2D SPACE',''
  ) );
#8054 = PCURVE('',#4382,#8055);
#8055 = DEFINITIONAL_REPRESENTATION('',(#8056),#8060);
#8056 = LINE('',#8057,#8058);
#8057 = CARTESIAN_POINT('',(0.,-0.));
#8058 = VECTOR('',#8059,1.);
#8059 = DIRECTION('',(0.,1.));
#8060 = ( GEOMETRIC_REPRESENTATION_CONTEXT(2) 
PARAMETRIC_REPRESENTATION_CONTEXT() REPRESENTATION_CONTEXT('2D SPACE',''
  ) );
#8061 = ORIENTED_EDGE('',*,*,#8062,.T.);
#8062 = EDGE_CURVE('',#8040,#8040,#8063,.T.);
#8063 = SURFACE_CURVE('',#8064,(#8069,#8076),.PCURVE_S1.);
#8064 = CIRCLE('',#8065,6.6);
#8065 = AXIS2_PLACEMENT_3D('',#8066,#8067,#8068);
#8066 = CARTESIAN_POINT('',(161.6,38.,16.));
#8067 = DIRECTION('',(1.,0.,0.));
#8068 = DIRECTION('',(-0.,0.,1.));
#8069 = PCURVE('',#4382,#8070);
#8070 = DEFINITIONAL_REPRESENTATION('',(#8071),#8075);
#8071 = LINE('',#8072,#8073);
#8072 = CARTESIAN_POINT('',(0.,3.6));
#8073 = VECTOR('',#8074,1.);
#8074 = DIRECTION('',(1.,0.));
#8075 = ( GEOMETRIC_REPRESENTATION_CONTEXT(2) 
PARAMETRIC_REPRESENTATION_CONTEXT() REPRESENTATION_CONTEXT('2D SPACE',''
  ) );
#8076 = PCURVE('',#8077,#8082);
#8077 = PLANE('',#8078);
#8078 = AXIS2_PLACEMENT_3D('',#8079,#8080,#8081);
#8079 = CARTESIAN_POINT('',(161.6,14.,3.));
#8080 = DIRECTION('',(-1.,0.,0.));
#8081 = DIRECTION('',(0.,1.,0.));
#8082 = DEFINITIONAL_REPRESENTATION('',(#8083),#8091);
#8083 = ( BOUNDED_CURVE() B_SPLINE_CURVE(2,(#8084,#8085,#8086,#8087,
#8088,#8089,#8090),.UNSPECIFIED.,.T.,.F.) B_SPLINE_CURVE_WITH_KNOTS((1,2
    ,2,2,2,1),(-2.094395102393,0.,2.094395102393,4.188790204786,
6.28318530718,8.377580409573),.UNSPECIFIED.) CURVE() 
GEOMETRIC_REPRESENTATION_ITEM() RATIONAL_B_SPLINE_CURVE((1.,0.5,1.,0.5,
1.,0.5,1.)) REPRESENTATION_ITEM('') );
#8084 = CARTESIAN_POINT('',(24.,-19.6));
#8085 = CARTESIAN_POINT('',(12.568464670045,-19.6));
#8086 = CARTESIAN_POINT('',(18.284232335023,-9.7));
#8087 = CARTESIAN_POINT('',(24.,0.2));
#8088 = CARTESIAN_POINT('',(29.715767664977,-9.7));
#8089 = CARTESIAN_POINT('',(35.431535329955,-19.6));
#8090 = CARTESIAN_POINT('',(24.,-19.6));
#8091 = ( GEOMETRIC_REPRESENTATION_CONTEXT(2) 
PARAMETRIC_REPRESENTATION_CONTEXT() REPRESENTATION_CONTEXT('2D SPACE',''
  ) );
#8092 = ORIENTED_EDGE('',*,*,#8039,.T.);
#8093 = ADVANCED_FACE('',(#8094),#4417,.F.);
#8094 = FACE_BOUND('',#8095,.F.);
#8095 = EDGE_LOOP('',(#8096,#8097,#8120,#8146));
#8096 = ORIENTED_EDGE('',*,*,#4396,.F.);
#8097 = ORIENTED_EDGE('',*,*,#8098,.F.);
#8098 = EDGE_CURVE('',#8099,#4397,#8101,.T.);
#8099 = VERTEX_POINT('',#8100);
#8100 = CARTESIAN_POINT('',(161.6,78.,22.6));
#8101 = SEAM_CURVE('',#8102,(#8106,#8113),.PCURVE_S1.);
#8102 = LINE('',#8103,#8104);
#8103 = CARTESIAN_POINT('',(158.,78.,22.6));
#8104 = VECTOR('',#8105,1.);
#8105 = DIRECTION('',(1.,0.,0.));
#8106 = PCURVE('',#4417,#8107);
#8107 = DEFINITIONAL_REPRESENTATION('',(#8108),#8112);
#8108 = LINE('',#8109,#8110);
#8109 = CARTESIAN_POINT('',(6.28318530718,-0.));
#8110 = VECTOR('',#8111,1.);
#8111 = DIRECTION('',(0.,1.));
#8112 = ( GEOMETRIC_REPRESENTATION_CONTEXT(2) 
PARAMETRIC_REPRESENTATION_CONTEXT() REPRESENTATION_CONTEXT('2D SPACE',''
  ) );
#8113 = PCURVE('',#4417,#8114);
#8114 = DEFINITIONAL_REPRESENTATION('',(#8115),#8119);
#8115 = LINE('',#8116,#8117);
#8116 = CARTESIAN_POINT('',(0.,-0.));
#8117 = VECTOR('',#8118,1.);
#8118 = DIRECTION('',(0.,1.));
#8119 = ( GEOMETRIC_REPRESENTATION_CONTEXT(2) 
PARAMETRIC_REPRESENTATION_CONTEXT() REPRESENTATION_CONTEXT('2D SPACE',''
  ) );
#8120 = ORIENTED_EDGE('',*,*,#8121,.T.);
#8121 = EDGE_CURVE('',#8099,#8099,#8122,.T.);
#8122 = SURFACE_CURVE('',#8123,(#8128,#8135),.PCURVE_S1.);
#8123 = CIRCLE('',#8124,6.6);
#8124 = AXIS2_PLACEMENT_3D('',#8125,#8126,#8127);
#8125 = CARTESIAN_POINT('',(161.6,78.,16.));
#8126 = DIRECTION('',(1.,0.,0.));
#8127 = DIRECTION('',(-0.,0.,1.));
#8128 = PCURVE('',#4417,#8129);
#8129 = DEFINITIONAL_REPRESENTATION('',(#8130),#8134);
#8130 = LINE('',#8131,#8132);
#8131 = CARTESIAN_POINT('',(0.,3.6));
#8132 = VECTOR('',#8133,1.);
#8133 = DIRECTION('',(1.,0.));
#8134 = ( GEOMETRIC_REPRESENTATION_CONTEXT(2) 
PARAMETRIC_REPRESENTATION_CONTEXT() REPRESENTATION_CONTEXT('2D SPACE',''
  ) );
#8135 = PCURVE('',#8077,#8136);
#8136 = DEFINITIONAL_REPRESENTATION('',(#8137),#8145);
#8137 = ( BOUNDED_CURVE() B_SPLINE_CURVE(2,(#8138,#8139,#8140,#8141,
#8142,#8143,#8144),.UNSPECIFIED.,.T.,.F.) B_SPLINE_CURVE_WITH_KNOTS((1,2
    ,2,2,2,1),(-2.094395102393,0.,2.094395102393,4.188790204786,
6.28318530718,8.377580409573),.UNSPECIFIED.) CURVE() 
GEOMETRIC_REPRESENTATION_ITEM() RATIONAL_B_SPLINE_CURVE((1.,0.5,1.,0.5,
1.,0.5,1.)) REPRESENTATION_ITEM('') );
#8138 = CARTESIAN_POINT('',(64.,-19.6));
#8139 = CARTESIAN_POINT('',(52.568464670045,-19.6));
#8140 = CARTESIAN_POINT('',(58.284232335023,-9.7));
#8141 = CARTESIAN_POINT('',(64.,0.2));
#8142 = CARTESIAN_POINT('',(69.715767664977,-9.7));
#8143 = CARTESIAN_POINT('',(75.431535329955,-19.6));
#8144 = CARTESIAN_POINT('',(64.,-19.6));
#8145 = ( GEOMETRIC_REPRESENTATION_CONTEXT(2) 
PARAMETRIC_REPRESENTATION_CONTEXT() REPRESENTATION_CONTEXT('2D SPACE',''
  ) );
#8146 = ORIENTED_EDGE('',*,*,#8098,.T.);
#8147 = ADVANCED_FACE('',(#8148,#8156),#4920,.F.);
#8148 = FACE_BOUND('',#8149,.F.);
#8149 = EDGE_LOOP('',(#8150,#8151,#8152,#8153,#8154,#8155));
#8150 = ORIENTED_EDGE('',*,*,#5029,.T.);
#8151 = ORIENTED_EDGE('',*,*,#4904,.T.);
#8152 = ORIENTED_EDGE('',*,*,#4958,.T.);
#8153 = ORIENTED_EDGE('',*,*,#5056,.T.);
#8154 = ORIENTED_EDGE('',*,*,#5154,.T.);
#8155 = ORIENTED_EDGE('',*,*,#5127,.T.);
#8156 = FACE_BOUND('',#8157,.F.);
#8157 = EDGE_LOOP('',(#8158));
#8158 = ORIENTED_EDGE('',*,*,#8159,.T.);
#8159 = EDGE_CURVE('',#8160,#8160,#8162,.T.);
#8160 = VERTEX_POINT('',#8161);
#8161 = CARTESIAN_POINT('',(172.7,118.,2.8));
#8162 = SURFACE_CURVE('',#8163,(#8168,#8179),.PCURVE_S1.);
#8163 = CIRCLE('',#8164,1.7);
#8164 = AXIS2_PLACEMENT_3D('',#8165,#8166,#8167);
#8165 = CARTESIAN_POINT('',(171.,118.,2.8));
#8166 = DIRECTION('',(0.,0.,-1.));
#8167 = DIRECTION('',(1.,0.,0.));
#8168 = PCURVE('',#4920,#8169);
#8169 = DEFINITIONAL_REPRESENTATION('',(#8170),#8178);
#8170 = ( BOUNDED_CURVE() B_SPLINE_CURVE(2,(#8171,#8172,#8173,#8174,
#8175,#8176,#8177),.UNSPECIFIED.,.T.,.F.) B_SPLINE_CURVE_WITH_KNOTS((1,2
    ,2,2,2,1),(-2.094395102393,0.,2.094395102393,4.188790204786,
6.28318530718,8.377580409573),.UNSPECIFIED.) CURVE() 
GEOMETRIC_REPRESENTATION_ITEM() RATIONAL_B_SPLINE_CURVE((1.,0.5,1.,0.5,
1.,0.5,1.)) REPRESENTATION_ITEM('') );
#8171 = CARTESIAN_POINT('',(1.7,0.));
#8172 = CARTESIAN_POINT('',(1.7,-2.944486372867));
#8173 = CARTESIAN_POINT('',(-0.85,-1.472243186434));
#8174 = CARTESIAN_POINT('',(-3.4,-4.163799117101E-16));
#8175 = CARTESIAN_POINT('',(-0.85,1.472243186434));
#8176 = CARTESIAN_POINT('',(1.7,2.944486372867));
#8177 = CARTESIAN_POINT('',(1.7,0.));
#8178 = ( GEOMETRIC_REPRESENTATION_CONTEXT(2) 
PARAMETRIC_REPRESENTATION_CONTEXT() REPRESENTATION_CONTEXT('2D SPACE',''
  ) );
#8179 = PCURVE('',#7698,#8180);
#8180 = DEFINITIONAL_REPRESENTATION('',(#8181),#8185);
#8181 = LINE('',#8182,#8183);
#8182 = CARTESIAN_POINT('',(-6.28318530718,-3.8));
#8183 = VECTOR('',#8184,1.);
#8184 = DIRECTION('',(1.,-0.));
#8185 = ( GEOMETRIC_REPRESENTATION_CONTEXT(2) 
PARAMETRIC_REPRESENTATION_CONTEXT() REPRESENTATION_CONTEXT('2D SPACE',''
  ) );
#8186 = ADVANCED_FACE('',(#8187,#8195),#5219,.F.);
#8187 = FACE_BOUND('',#8188,.F.);
#8188 = EDGE_LOOP('',(#8189,#8190,#8191,#8192,#8193,#8194));
#8189 = ORIENTED_EDGE('',*,*,#5453,.T.);
#8190 = ORIENTED_EDGE('',*,*,#5203,.T.);
#8191 = ORIENTED_EDGE('',*,*,#5257,.T.);
#8192 = ORIENTED_EDGE('',*,*,#5306,.T.);
#8193 = ORIENTED_EDGE('',*,*,#5355,.T.);
#8194 = ORIENTED_EDGE('',*,*,#5404,.T.);
#8195 = FACE_BOUND('',#8196,.F.);
#8196 = EDGE_LOOP('',(#8197));
#8197 = ORIENTED_EDGE('',*,*,#8198,.T.);
#8198 = EDGE_CURVE('',#8199,#8199,#8201,.T.);
#8199 = VERTEX_POINT('',#8200);
#8200 = CARTESIAN_POINT('',(184.7,118.,2.8));
#8201 = SURFACE_CURVE('',#8202,(#8207,#8218),.PCURVE_S1.);
#8202 = CIRCLE('',#8203,1.7);
#8203 = AXIS2_PLACEMENT_3D('',#8204,#8205,#8206);
#8204 = CARTESIAN_POINT('',(183.,118.,2.8));
#8205 = DIRECTION('',(0.,0.,-1.));
#8206 = DIRECTION('',(1.,0.,0.));
#8207 = PCURVE('',#5219,#8208);
#8208 = DEFINITIONAL_REPRESENTATION('',(#8209),#8217);
#8209 = ( BOUNDED_CURVE() B_SPLINE_CURVE(2,(#8210,#8211,#8212,#8213,
#8214,#8215,#8216),.UNSPECIFIED.,.T.,.F.) B_SPLINE_CURVE_WITH_KNOTS((1,2
    ,2,2,2,1),(-2.094395102393,0.,2.094395102393,4.188790204786,
6.28318530718,8.377580409573),.UNSPECIFIED.) CURVE() 
GEOMETRIC_REPRESENTATION_ITEM() RATIONAL_B_SPLINE_CURVE((1.,0.5,1.,0.5,
1.,0.5,1.)) REPRESENTATION_ITEM('') );
#8210 = CARTESIAN_POINT('',(1.7,0.));
#8211 = CARTESIAN_POINT('',(1.7,-2.944486372867));
#8212 = CARTESIAN_POINT('',(-0.85,-1.472243186434));
#8213 = CARTESIAN_POINT('',(-3.4,-4.163799117101E-16));
#8214 = CARTESIAN_POINT('',(-0.85,1.472243186434));
#8215 = CARTESIAN_POINT('',(1.7,2.944486372867));
#8216 = CARTESIAN_POINT('',(1.7,0.));
#8217 = ( GEOMETRIC_REPRESENTATION_CONTEXT(2) 
PARAMETRIC_REPRESENTATION_CONTEXT() REPRESENTATION_CONTEXT('2D SPACE',''
  ) );
#8218 = PCURVE('',#7733,#8219);
#8219 = DEFINITIONAL_REPRESENTATION('',(#8220),#8224);
#8220 = LINE('',#8221,#8222);
#8221 = CARTESIAN_POINT('',(-6.28318530718,-3.8));
#8222 = VECTOR('',#8223,1.);
#8223 = DIRECTION('',(1.,-0.));
#8224 = ( GEOMETRIC_REPRESENTATION_CONTEXT(2) 
PARAMETRIC_REPRESENTATION_CONTEXT() REPRESENTATION_CONTEXT('2D SPACE',''
  ) );
#8225 = ADVANCED_FACE('',(#8226),#5517,.T.);
#8226 = FACE_BOUND('',#8227,.T.);
#8227 = EDGE_LOOP('',(#8228,#8229,#8230,#8251));
#8228 = ORIENTED_EDGE('',*,*,#5631,.T.);
#8229 = ORIENTED_EDGE('',*,*,#5501,.T.);
#8230 = ORIENTED_EDGE('',*,*,#8231,.F.);
#8231 = EDGE_CURVE('',#5659,#5502,#8232,.T.);
#8232 = SURFACE_CURVE('',#8233,(#8237,#8244),.PCURVE_S1.);
#8233 = LINE('',#8234,#8235);
#8234 = CARTESIAN_POINT('',(150.6513684387,10.,35.2));
#8235 = VECTOR('',#8236,1.);
#8236 = DIRECTION('',(0.,0.,1.));
#8237 = PCURVE('',#5517,#8238);
#8238 = DEFINITIONAL_REPRESENTATION('',(#8239),#8243);
#8239 = LINE('',#8240,#8241);
#8240 = CARTESIAN_POINT('',(3.3486315613,0.));
#8241 = VECTOR('',#8242,1.);
#8242 = DIRECTION('',(0.,-1.));
#8243 = ( GEOMETRIC_REPRESENTATION_CONTEXT(2) 
PARAMETRIC_REPRESENTATION_CONTEXT() REPRESENTATION_CONTEXT('2D SPACE',''
  ) );
#8244 = PCURVE('',#5545,#8245);
#8245 = DEFINITIONAL_REPRESENTATION('',(#8246),#8250);
#8246 = LINE('',#8247,#8248);
#8247 = CARTESIAN_POINT('',(0.,0.));
#8248 = VECTOR('',#8249,1.);
#8249 = DIRECTION('',(0.,-1.));
#8250 = ( GEOMETRIC_REPRESENTATION_CONTEXT(2) 
PARAMETRIC_REPRESENTATION_CONTEXT() REPRESENTATION_CONTEXT('2D SPACE',''
  ) );
#8251 = ORIENTED_EDGE('',*,*,#5658,.F.);
#8252 = ADVANCED_FACE('',(#8253),#5545,.T.);
#8253 = FACE_BOUND('',#8254,.T.);
#8254 = EDGE_LOOP('',(#8255,#8256,#8257,#8258));
#8255 = ORIENTED_EDGE('',*,*,#8231,.T.);
#8256 = ORIENTED_EDGE('',*,*,#5529,.T.);
#8257 = ORIENTED_EDGE('',*,*,#5765,.F.);
#8258 = ORIENTED_EDGE('',*,*,#5681,.F.);
#8259 = ADVANCED_FACE('',(#8260),#5749,.F.);
#8260 = FACE_BOUND('',#8261,.T.);
#8261 = EDGE_LOOP('',(#8262,#8657,#8678,#8679));
#8262 = ORIENTED_EDGE('',*,*,#8263,.T.);
#8263 = EDGE_CURVE('',#8264,#8264,#8266,.T.);
#8264 = VERTEX_POINT('',#8265);
#8265 = CARTESIAN_POINT('',(155.7,10.,30.950972561757));
#8266 = SURFACE_CURVE('',#8267,(#8360,#8499),.PCURVE_S1.);
#8267 = B_SPLINE_CURVE_WITH_KNOTS('',6,(#8268,#8269,#8270,#8271,#8272,
    #8273,#8274,#8275,#8276,#8277,#8278,#8279,#8280,#8281,#8282,#8283,
    #8284,#8285,#8286,#8287,#8288,#8289,#8290,#8291,#8292,#8293,#8294,
    #8295,#8296,#8297,#8298,#8299,#8300,#8301,#8302,#8303,#8304,#8305,
    #8306,#8307,#8308,#8309,#8310,#8311,#8312,#8313,#8314,#8315,#8316,
    #8317,#8318,#8319,#8320,#8321,#8322,#8323,#8324,#8325,#8326,#8327,
    #8328,#8329,#8330,#8331,#8332,#8333,#8334,#8335,#8336,#8337,#8338,
    #8339,#8340,#8341,#8342,#8343,#8344,#8345,#8346,#8347,#8348,#8349,
    #8350,#8351,#8352,#8353,#8354,#8355,#8356,#8357,#8358,#8359),
  .UNSPECIFIED.,.T.,.F.,(7,5,5,5,5,5,5,5,5,5,5,5,5,5,5,5,5,5,7),(0.,
    0.13809171893,0.259997202145,0.370624026458,0.508876849412,
    0.695244425216,1.,1.238670857344,1.498429813019,1.716932911464,
    1.872519708361,1.980897674332,2.148993863871,2.254029988318,
    2.473925116812,2.728503298451,2.967033599735,3.070860316709,
    3.225243981289),.UNSPECIFIED.);
#8268 = CARTESIAN_POINT('',(155.7,10.,30.950972561757));
#8269 = CARTESIAN_POINT('',(155.7,9.922424481033,30.91955032483));
#8270 = CARTESIAN_POINT('',(155.69575184921,9.843934088191,30.8896599209
    ));
#8271 = CARTESIAN_POINT('',(155.68706847829,9.764795980611,
    30.861456950181));
#8272 = CARTESIAN_POINT('',(155.67377495177,9.685333881283,
    30.835108911396));
#8273 = CARTESIAN_POINT('',(155.65573460472,9.605927331076,
    30.810786764726));
#8274 = CARTESIAN_POINT('',(155.6126951911,9.457344633105,
    30.769120194737));
#8275 = CARTESIAN_POINT('',(155.58875899072,9.388057986896,
    30.751291419536));
#8276 = CARTESIAN_POINT('',(155.56101988225,9.319456902667,
    30.735286104306));
#8277 = CARTESIAN_POINT('',(155.52947097437,9.251872741987,
    30.721213985025));
#8278 = CARTESIAN_POINT('',(155.49416122334,9.185654354891,
    30.709171696187));
#8279 = CARTESIAN_POINT('',(155.41986534738,9.062632844413,30.6902193006
    ));
#8280 = CARTESIAN_POINT('',(155.38151851588,9.005520216475,
    30.682936638502));
#8281 = CARTESIAN_POINT('',(155.34026323836,8.950093345248,
    30.677445585087));
#8282 = CARTESIAN_POINT('',(155.29623106954,8.896610443716,
    30.673786702468));
#8283 = CARTESIAN_POINT('',(155.24959533855,8.845311415921,
    30.67198120095));
#8284 = CARTESIAN_POINT('',(155.1393100919,8.735302335655,
    30.672088123621));
#8285 = CARTESIAN_POINT('',(155.07430821154,8.677929072855,
    30.67504175903));
#8286 = CARTESIAN_POINT('',(155.00599759496,8.624721246762,
    30.680888966239));
#8287 = CARTESIAN_POINT('',(154.93486036459,8.575992390741,
    30.689576166343));
#8288 = CARTESIAN_POINT('',(154.8614132148,8.531951852119,
    30.701004926456));
#8289 = CARTESIAN_POINT('',(154.68478635883,8.439824461212,
    30.733959599489));
#8290 = CARTESIAN_POINT('',(154.58013438426,8.39565240044,30.75761885026
    ));
#8291 = CARTESIAN_POINT('',(154.47350375453,8.360467121386,
    30.785693269881));
#8292 = CARTESIAN_POINT('',(154.36605631334,8.334159460231,
    30.817771588776));
#8293 = CARTESIAN_POINT('',(154.25878280618,8.316426565284,
    30.853427822663));
#8294 = CARTESIAN_POINT('',(153.97869751255,8.291199854773,
    30.955723096098));
#8295 = CARTESIAN_POINT('',(153.80764948039,8.297377038006,
    31.027616081679));
#8296 = CARTESIAN_POINT('',(153.64250506482,8.323483933411,
    31.106236693395));
#8297 = CARTESIAN_POINT('',(153.48542493633,8.367251818053,
    31.19004086415));
#8298 = CARTESIAN_POINT('',(153.3377387312,8.426570154909,
    31.277713745904));
#8299 = CARTESIAN_POINT('',(153.09259555399,8.557258293193,
    31.439236976685));
#8300 = CARTESIAN_POINT('',(152.99123523662,8.623202477613,
    31.511933114139));
#8301 = CARTESIAN_POINT('',(152.89658470444,8.696912826011,
    31.585907648219));
#8302 = CARTESIAN_POINT('',(152.80900976232,8.777721269935,
    31.660708738732));
#8303 = CARTESIAN_POINT('',(152.7288412262,8.865046756442,
    31.735906381197));
#8304 = CARTESIAN_POINT('',(152.57764602363,9.060080217163,
    31.892918690855));
#8305 = CARTESIAN_POINT('',(152.50808970326,9.168860278896,
    31.974692922374));
#8306 = CARTESIAN_POINT('',(152.44820517495,9.284208078911,
    32.055906095796));
#8307 = CARTESIAN_POINT('',(152.39861959329,9.405581301857,
    32.135942587062));
#8308 = CARTESIAN_POINT('',(152.36006914493,9.532389036406,
    32.21407925189));
#8309 = CARTESIAN_POINT('',(152.31120549581,9.774760063571,
    32.352836995301));
#8310 = CARTESIAN_POINT('',(152.29739298744,9.888846329832,
    32.41423219468));
#8311 = CARTESIAN_POINT('',(152.29265375813,10.005937326503,
    32.473121302021));
#8312 = CARTESIAN_POINT('',(152.29771906606,10.125464784088,
    32.52879805024));
#8313 = CARTESIAN_POINT('',(152.31337560645,10.246593649873,
    32.580377118137));
#8314 = CARTESIAN_POINT('',(152.35955381369,10.454753144541,
    32.659928839528));
#8315 = CARTESIAN_POINT('',(152.38449213609,10.541537816997,
    32.69041424097));
#8316 = CARTESIAN_POINT('',(152.4154082233,10.628066661815,
    32.717914691069));
#8317 = CARTESIAN_POINT('',(152.45249081727,10.71373825049,
    32.742004394558));
#8318 = CARTESIAN_POINT('',(152.49580849265,10.79781657868,
    32.762250594805));
#8319 = CARTESIAN_POINT('',(152.57955099056,10.936344879513,
    32.789496883549));
#8320 = CARTESIAN_POINT('',(152.61686820752,10.992048450259,
    32.798653022811));
#8321 = CARTESIAN_POINT('',(152.65704697161,11.046284622347,
    32.805660010544));
#8322 = CARTESIAN_POINT('',(152.69996428635,11.0987630666,
    32.810428208435));
#8323 = CARTESIAN_POINT('',(152.74543849105,11.149207440631,
    32.812906897107));
#8324 = CARTESIAN_POINT('',(152.86733177247,11.272059076421,
    32.813384845309));
#8325 = CARTESIAN_POINT('',(152.94703593598,11.341293723139,
    32.808163547113));
#8326 = CARTESIAN_POINT('',(153.0313717407,11.404076312267,
    32.797413885671));
#8327 = CARTESIAN_POINT('',(153.11925463898,11.459872245034,
    32.78142845468));
#8328 = CARTESIAN_POINT('',(153.20961502157,11.508454753731,
    32.760661899605));
#8329 = CARTESIAN_POINT('',(153.35881256645,11.575702835906,
    32.720047809374));
#8330 = CARTESIAN_POINT('',(153.41678118437,11.59876431645,
    32.702771860982));
#8331 = CARTESIAN_POINT('',(153.47512261553,11.619039026633,
    32.683963854801));
#8332 = CARTESIAN_POINT('',(153.53364375769,11.636573982916,
    32.663753144612));
#8333 = CARTESIAN_POINT('',(153.59217967472,11.65143737387,
    32.642265593975));
#8334 = CARTESIAN_POINT('',(153.7728875629,11.689388983069,
    32.57219868813));
#8335 = CARTESIAN_POINT('',(153.89458913609,11.703685219467,
    32.51971236039));
#8336 = CARTESIAN_POINT('',(154.01456961521,11.707344462355,
    32.463178692153));
#8337 = CARTESIAN_POINT('',(154.13200603229,11.701163114395,
    32.403482139914));
#8338 = CARTESIAN_POINT('',(154.24633811093,11.685876646293,
    32.341327086065));
#8339 = CARTESIAN_POINT('',(154.48558887474,11.634455095088,
    32.202998388918));
#8340 = CARTESIAN_POINT('',(154.6092489287,11.59543009492,
    32.126208581619));
#8341 = CARTESIAN_POINT('',(154.72764100808,11.545871035556,
    32.047655631105));
#8342 = CARTESIAN_POINT('',(154.84021291141,11.486461699668,
    31.968012183907));
#8343 = CARTESIAN_POINT('',(154.94645170753,11.417785016486,
    31.887854351672));
#8344 = CARTESIAN_POINT('',(155.13891773411,11.267600880273,
    31.732524571223));
#8345 = CARTESIAN_POINT('',(155.22594650582,11.187204791818,
    31.657387424677));
#8346 = CARTESIAN_POINT('',(155.30645049725,11.099421814358,
    31.582658792197));
#8347 = CARTESIAN_POINT('',(155.37984760076,11.004581950774,
    31.508768120788));
#8348 = CARTESIAN_POINT('',(155.44546840401,10.903051231211,
    31.43616721044));
#8349 = CARTESIAN_POINT('',(155.52736960382,10.748305705205,
    31.334501724533));
#8350 = CARTESIAN_POINT('',(155.5505842798,10.700189170139,
    31.30400711647));
#8351 = CARTESIAN_POINT('',(155.5721100353,10.650922346557,
    31.27389111017));
#8352 = CARTESIAN_POINT('',(155.59187630166,10.600547135881,
    31.244197848372));
#8353 = CARTESIAN_POINT('',(155.60980831686,10.549111791483,
    31.214974322885));
#8354 = CARTESIAN_POINT('',(155.64964850458,10.418697129702,
    31.143588931741));
#8355 = CARTESIAN_POINT('',(155.66923997044,10.338504510817,
    31.102057737963));
#8356 = CARTESIAN_POINT('',(155.68434794638,10.256273935013,
    31.061838064369));
#8357 = CARTESIAN_POINT('',(155.69469481949,10.172238339695,
    31.023114088131));
#8358 = CARTESIAN_POINT('',(155.7,10.086692195381,30.986087540545));
#8359 = CARTESIAN_POINT('',(155.7,10.,30.950972561757));
#8360 = PCURVE('',#5749,#8361);
#8361 = DEFINITIONAL_REPRESENTATION('',(#8362),#8498);
#8362 = B_SPLINE_CURVE_WITH_KNOTS('',3,(#8363,#8364,#8365,#8366,#8367,
    #8368,#8369,#8370,#8371,#8372,#8373,#8374,#8375,#8376,#8377,#8378,
    #8379,#8380,#8381,#8382,#8383,#8384,#8385,#8386,#8387,#8388,#8389,
    #8390,#8391,#8392,#8393,#8394,#8395,#8396,#8397,#8398,#8399,#8400,
    #8401,#8402,#8403,#8404,#8405,#8406,#8407,#8408,#8409,#8410,#8411,
    #8412,#8413,#8414,#8415,#8416,#8417,#8418,#8419,#8420,#8421,#8422,
    #8423,#8424,#8425,#8426,#8427,#8428,#8429,#8430,#8431,#8432,#8433,
    #8434,#8435,#8436,#8437,#8438,#8439,#8440,#8441,#8442,#8443,#8444,
    #8445,#8446,#8447,#8448,#8449,#8450,#8451,#8452,#8453,#8454,#8455,
    #8456,#8457,#8458,#8459,#8460,#8461,#8462,#8463,#8464,#8465,#8466,
    #8467,#8468,#8469,#8470,#8471,#8472,#8473,#8474,#8475,#8476,#8477,
    #8478,#8479,#8480,#8481,#8482,#8483,#8484,#8485,#8486,#8487,#8488,
    #8489,#8490,#8491,#8492,#8493,#8494,#8495,#8496,#8497),
  .UNSPECIFIED.,.F.,.F.,(4,1,1,1,1,1,1,1,1,1,1,1,1,1,1,1,1,1,1,1,1,1,1,1
    ,1,1,1,1,1,1,1,1,1,1,1,1,1,1,1,1,1,1,1,1,1,1,1,1,1,1,1,1,1,1,1,1,1,1
    ,1,1,1,1,1,1,1,1,1,1,1,1,1,1,1,1,1,1,1,1,1,1,1,1,1,1,1,1,1,1,1,1,1,1
    ,1,1,1,1,1,1,1,1,1,1,1,1,1,1,1,1,1,1,1,1,1,1,1,1,1,1,1,1,1,1,1,1,1,1
    ,1,1,1,1,1,1,4),(0.,2.443366652492E-02,4.886733304983E-02,
    7.330099957475E-02,9.773466609967E-02,0.122168332625,0.14660199915,
    0.171035665674,0.195469332199,0.219902998724,0.244336665249,
    0.268770331774,0.293203998299,0.317637664824,0.342071331349,
    0.366504997874,0.390938664399,0.415372330924,0.439805997449,
    0.464239663973,0.488673330498,0.513106997023,0.537540663548,
    0.561974330073,0.586407996598,0.610841663123,0.635275329648,
    0.659708996173,0.684142662698,0.708576329223,0.733009995748,
    0.757443662272,0.781877328797,0.806310995322,0.830744661847,
    0.855178328372,0.879611994897,0.904045661422,0.928479327947,
    0.952912994472,0.977346660997,1.001780327522,1.026213994047,
    1.050647660571,1.075081327096,1.099514993621,1.123948660146,
    1.148382326671,1.172815993196,1.197249659721,1.221683326246,
    1.246116992771,1.270550659296,1.294984325821,1.319417992346,
    1.34385165887,1.368285325395,1.39271899192,1.417152658445,
    1.44158632497,1.466019991495,1.49045365802,1.514887324545,
    1.53932099107,1.563754657595,1.58818832412,1.612621990645,
    1.637055657169,1.661489323694,1.685922990219,1.710356656744,
    1.734790323269,1.759223989794,1.783657656319,1.808091322844,
    1.832524989369,1.856958655894,1.881392322419,1.905825988944,
    1.930259655468,1.954693321993,1.979126988518,2.003560655043,
    2.027994321568,2.052427988093,2.076861654618,2.101295321143,
    2.125728987668,2.150162654193,2.174596320718,2.199029987243,
    2.223463653767,2.247897320292,2.272330986817,2.296764653342,
    2.321198319867,2.345631986392,2.370065652917,2.394499319442,
    2.418932985967,2.443366652492,2.467800319017,2.492233985542,
    2.516667652066,2.541101318591,2.565534985116,2.589968651641,
    2.614402318166,2.638835984691,2.663269651216,2.687703317741,
    2.712136984266,2.736570650791,2.761004317316,2.785437983841,
    2.809871650365,2.83430531689,2.858738983415,2.88317264994,
    2.907606316465,2.93203998299,2.956473649515,2.98090731604,
    3.005340982565,3.02977464909,3.054208315615,3.07864198214,
    3.103075648664,3.127509315189,3.151942981714,3.176376648239,
    3.200810314764,3.225243981289),.QUASI_UNIFORM_KNOTS.);
#8363 = CARTESIAN_POINT('',(-6.28318530718,-1.950972561757));
#8364 = CARTESIAN_POINT('',(-6.267037387902,-1.939853233505));
#8365 = CARTESIAN_POINT('',(-6.234571625169,-1.918093191673));
#8366 = CARTESIAN_POINT('',(-6.185361270017,-1.886997612608));
#8367 = CARTESIAN_POINT('',(-6.135635458605,-1.857554248488));
#8368 = CARTESIAN_POINT('',(-6.085396769144,-1.829874009982));
#8369 = CARTESIAN_POINT('',(-6.034652304164,-1.804068546854));
#8370 = CARTESIAN_POINT('',(-5.983414904089,-1.780249600483));
#8371 = CARTESIAN_POINT('',(-5.931703208992,-1.758527500947));
#8372 = CARTESIAN_POINT('',(-5.879546196653,-1.739010903508));
#8373 = CARTESIAN_POINT('',(-5.826977609863,-1.72180245059));
#8374 = CARTESIAN_POINT('',(-5.774037317049,-1.706997410865));
#8375 = CARTESIAN_POINT('',(-5.720773771371,-1.694682301615));
#8376 = CARTESIAN_POINT('',(-5.667238885113,-1.684931671226));
#8377 = CARTESIAN_POINT('',(-5.613494732242,-1.677807345476));
#8378 = CARTESIAN_POINT('',(-5.559604182052,-1.673355192677));
#8379 = CARTESIAN_POINT('',(-5.50563428255,-1.671604445415));
#8380 = CARTESIAN_POINT('',(-5.451654208997,-1.672566889444));
#8381 = CARTESIAN_POINT('',(-5.397731832262,-1.676236124389));
#8382 = CARTESIAN_POINT('',(-5.343938035498,-1.682587772552));
#8383 = CARTESIAN_POINT('',(-5.290335909593,-1.691580725253));
#8384 = CARTESIAN_POINT('',(-5.23698501047,-1.703158256583));
#8385 = CARTESIAN_POINT('',(-5.183944805415,-1.717248336447));
#8386 = CARTESIAN_POINT('',(-5.131265083265,-1.73376744081));
#8387 = CARTESIAN_POINT('',(-5.078987345783,-1.752622497189));
#8388 = CARTESIAN_POINT('',(-5.027146945318,-1.773712780393));
#8389 = CARTESIAN_POINT('',(-4.975771185122,-1.796932470728));
#8390 = CARTESIAN_POINT('',(-4.924881322912,-1.822171984997));
#8391 = CARTESIAN_POINT('',(-4.874493228751,-1.849319377931));
#8392 = CARTESIAN_POINT('',(-4.824617783018,-1.878261651595));
#8393 = CARTESIAN_POINT('',(-4.775262261193,-1.908885324903));
#8394 = CARTESIAN_POINT('',(-4.726435618612,-1.941073594097));
#8395 = CARTESIAN_POINT('',(-4.678120965657,-1.974726286354));
#8396 = CARTESIAN_POINT('',(-4.630304538666,-2.009743300583));
#8397 = CARTESIAN_POINT('',(-4.582970359967,-2.046027865273));
#8398 = CARTESIAN_POINT('',(-4.536101620854,-2.083485951089));
#8399 = CARTESIAN_POINT('',(-4.48968022606,-2.122026725253));
#8400 = CARTESIAN_POINT('',(-4.443686796294,-2.161562732108));
#8401 = CARTESIAN_POINT('',(-4.398100488387,-2.202010175192));
#8402 = CARTESIAN_POINT('',(-4.352898889517,-2.24328911515));
#8403 = CARTESIAN_POINT('',(-4.308057597245,-2.28532395084));
#8404 = CARTESIAN_POINT('',(-4.263550784225,-2.328042899869));
#8405 = CARTESIAN_POINT('',(-4.219347947098,-2.371381246269));
#8406 = CARTESIAN_POINT('',(-4.175424900527,-2.415270422006));
#8407 = CARTESIAN_POINT('',(-4.131755762564,-2.459645279636));
#8408 = CARTESIAN_POINT('',(-4.08831011884,-2.504447055047));
#8409 = CARTESIAN_POINT('',(-4.045059560719,-2.549616487482));
#8410 = CARTESIAN_POINT('',(-4.001975526618,-2.595095626773));
#8411 = CARTESIAN_POINT('',(-3.959029480082,-2.640827335405));
#8412 = CARTESIAN_POINT('',(-3.916192542211,-2.686755335339));
#8413 = CARTESIAN_POINT('',(-3.873435007319,-2.732824392269));
#8414 = CARTESIAN_POINT('',(-3.830726841339,-2.778979416702));
#8415 = CARTESIAN_POINT('',(-3.788034270148,-2.825168771596));
#8416 = CARTESIAN_POINT('',(-3.745333420384,-2.871329084732));
#8417 = CARTESIAN_POINT('',(-3.702590224368,-2.917406600147));
#8418 = CARTESIAN_POINT('',(-3.659770963927,-2.963345277124));
#8419 = CARTESIAN_POINT('',(-3.616842760653,-3.009085772643));
#8420 = CARTESIAN_POINT('',(-3.573772946347,-3.054565646264));
#8421 = CARTESIAN_POINT('',(-3.530528746304,-3.099719212633));
#8422 = CARTESIAN_POINT('',(-3.487076880591,-3.144477452302));
#8423 = CARTESIAN_POINT('',(-3.443383127872,-3.188767912913));
#8424 = CARTESIAN_POINT('',(-3.39941196622,-3.232514461857));
#8425 = CARTESIAN_POINT('',(-3.355125689062,-3.275637513929));
#8426 = CARTESIAN_POINT('',(-3.310485195436,-3.318052378735));
#8427 = CARTESIAN_POINT('',(-3.265463837414,-3.359656036711));
#8428 = CARTESIAN_POINT('',(-3.220018943621,-3.400353478136));
#8429 = CARTESIAN_POINT('',(-3.174114946036,-3.440035070843));
#8430 = CARTESIAN_POINT('',(-3.127717876652,-3.478581837408));
#8431 = CARTESIAN_POINT('',(-3.080796354391,-3.515864511817));
#8432 = CARTESIAN_POINT('',(-3.033320924657,-3.55174431309));
#8433 = CARTESIAN_POINT('',(-2.985263857452,-3.586073312475));
#8434 = CARTESIAN_POINT('',(-2.936599094445,-3.618694950292));
#8435 = CARTESIAN_POINT('',(-2.887301438813,-3.649444601508));
#8436 = CARTESIAN_POINT('',(-2.837370545267,-3.678137189566));
#8437 = CARTESIAN_POINT('',(-2.786808129172,-3.704585689278));
#8438 = CARTESIAN_POINT('',(-2.735627997765,-3.728597994097));
#8439 = CARTESIAN_POINT('',(-2.683855044283,-3.749982183924));
#8440 = CARTESIAN_POINT('',(-2.631527341439,-3.768550693976));
#8441 = CARTESIAN_POINT('',(-2.578698153141,-3.784125636884));
#8442 = CARTESIAN_POINT('',(-2.525437650687,-3.796544998447));
#8443 = CARTESIAN_POINT('',(-2.471838513656,-3.805669790199));
#8444 = CARTESIAN_POINT('',(-2.417997700706,-3.811394346801));
#8445 = CARTESIAN_POINT('',(-2.364025447821,-3.81364958436));
#8446 = CARTESIAN_POINT('',(-2.310033201591,-3.812407590961));
#8447 = CARTESIAN_POINT('',(-2.256138118489,-3.807683107992));
#8448 = CARTESIAN_POINT('',(-2.202458177833,-3.799534525016));
#8449 = CARTESIAN_POINT('',(-2.149090894646,-3.788057628063));
#8450 = CARTESIAN_POINT('',(-2.09612343731,-3.773380346699));
#8451 = CARTESIAN_POINT('',(-2.043631348348,-3.755656973353));
#8452 = CARTESIAN_POINT('',(-1.991688494073,-3.735066852778));
#8453 = CARTESIAN_POINT('',(-1.940340755946,-3.711799010383));
#8454 = CARTESIAN_POINT('',(-1.88960344283,-3.686039461663));
#8455 = CARTESIAN_POINT('',(-1.839495457543,-3.657981316818));
#8456 = CARTESIAN_POINT('',(-1.790019136139,-3.627812003434));
#8457 = CARTESIAN_POINT('',(-1.741171663038,-3.595714769796));
#8458 = CARTESIAN_POINT('',(-1.69294381941,-3.561866299156));
#8459 = CARTESIAN_POINT('',(-1.645305195211,-3.526422699137));
#8460 = CARTESIAN_POINT('',(-1.598228896992,-3.489534603557));
#8461 = CARTESIAN_POINT('',(-1.551685390113,-3.451343014452));
#8462 = CARTESIAN_POINT('',(-1.505643846487,-3.411979890037));
#8463 = CARTESIAN_POINT('',(-1.460071357201,-3.371567435908));
#8464 = CARTESIAN_POINT('',(-1.414932921311,-3.330218028764));
#8465 = CARTESIAN_POINT('',(-1.370190164386,-3.288033098233));
#8466 = CARTESIAN_POINT('',(-1.325804032415,-3.245105735206));
#8467 = CARTESIAN_POINT('',(-1.281747330865,-3.20153385457));
#8468 = CARTESIAN_POINT('',(-1.237978489306,-3.157395158803));
#8469 = CARTESIAN_POINT('',(-1.194461988084,-3.11276730321));
#8470 = CARTESIAN_POINT('',(-1.151162874741,-3.067723386131));
#8471 = CARTESIAN_POINT('',(-1.108047611906,-3.022333358977));
#8472 = CARTESIAN_POINT('',(-1.065083276055,-2.976663802485));
#8473 = CARTESIAN_POINT('',(-1.022237317437,-2.930778192834));
#8474 = CARTESIAN_POINT('',(-0.979476924275,-2.8847367166));
#8475 = CARTESIAN_POINT('',(-0.936769508301,-2.838597275046));
#8476 = CARTESIAN_POINT('',(-0.894079098713,-2.792412056726));
#8477 = CARTESIAN_POINT('',(-0.851380856245,-2.7462437445));
#8478 = CARTESIAN_POINT('',(-0.808642986923,-2.700146358822));
#8479 = CARTESIAN_POINT('',(-0.76583437715,-2.654173938735));
#8480 = CARTESIAN_POINT('',(-0.722925213113,-2.608381612417));
#8481 = CARTESIAN_POINT('',(-0.679886398407,-2.562825330778));
#8482 = CARTESIAN_POINT('',(-0.636689315634,-2.517561956302));
#8483 = CARTESIAN_POINT('',(-0.593305532064,-2.472649279873));
#8484 = CARTESIAN_POINT('',(-0.54970643858,-2.42814598241));
#8485 = CARTESIAN_POINT('',(-0.505863198031,-2.384111901317));
#8486 = CARTESIAN_POINT('',(-0.461745441979,-2.340607144848));
#8487 = CARTESIAN_POINT('',(-0.417329391107,-2.297700282562));
#8488 = CARTESIAN_POINT('',(-0.37258790647,-2.255458613839));
#8489 = CARTESIAN_POINT('',(-0.327495453403,-2.213953337066));
#8490 = CARTESIAN_POINT('',(-0.282026677267,-2.173258306478));
#8491 = CARTESIAN_POINT('',(-0.236158301664,-2.133451816923));
#8492 = CARTESIAN_POINT('',(-0.18986692863,-2.094614720369));
#8493 = CARTESIAN_POINT('',(-0.143131604389,-2.056832561257));
#8494 = CARTESIAN_POINT('',(-9.593358738411E-02,-2.020195225533));
#8495 = CARTESIAN_POINT('',(-4.825600019544E-02,-1.984796185639));
#8496 = CARTESIAN_POINT('',(-1.614183784295E-02,-1.962087838139));
#8497 = CARTESIAN_POINT('',(8.881784197001E-16,-1.950972561757));
#8498 = ( GEOMETRIC_REPRESENTATION_CONTEXT(2) 
PARAMETRIC_REPRESENTATION_CONTEXT() REPRESENTATION_CONTEXT('2D SPACE',''
  ) );
#8499 = PCURVE('',#8500,#8519);
#8500 = B_SPLINE_SURFACE_WITH_KNOTS('',8,1,(
    (#8501,#8502)
    ,(#8503,#8504)
    ,(#8505,#8506)
    ,(#8507,#8508)
    ,(#8509,#8510)
    ,(#8511,#8512)
    ,(#8513,#8514)
    ,(#8515,#8516)
    ,(#8517,#8518
    )),.UNSPECIFIED.,.F.,.F.,.F.,(9,9),(2,2),(4.712388980385,
    6.28318530718),(0.,1.),.PIECEWISE_BEZIER_KNOTS.);
#8501 = CARTESIAN_POINT('',(150.,2.4,28.));
#8502 = CARTESIAN_POINT('',(132.,14.,40.));
#8503 = CARTESIAN_POINT('',(152.27765467385,2.4,28.));
#8504 = CARTESIAN_POINT('',(135.53429173528,14.,39.999999999999));
#8505 = CARTESIAN_POINT('',(154.55531006465,2.91110515195,
    28.000000000001));
#8506 = CARTESIAN_POINT('',(139.06858458308,14.793094201302,
    40.000000000002));
#8507 = CARTESIAN_POINT('',(156.69915351827,3.933310435891,
    27.999999999998));
#8508 = CARTESIAN_POINT('',(142.39523821801,16.379274814313,
    39.999999999997));
#8509 = CARTESIAN_POINT('',(158.57540156705,5.424598432954,
    28.000000000003));
#8510 = CARTESIAN_POINT('',(145.30665760405,18.693342395963,
    40.000000000004));
#8511 = CARTESIAN_POINT('',(160.0666895641,7.300846481713,
    27.999999999998));
#8512 = CARTESIAN_POINT('',(147.62072518567,21.604761781968,
    39.999999999997));
#8513 = CARTESIAN_POINT('',(161.08889484805,9.444689935351,
    28.000000000001));
#8514 = CARTESIAN_POINT('',(149.2069057987,24.931415416925,
    40.000000000001));
#8515 = CARTESIAN_POINT('',(161.59999999999,11.722345326147,28.));
#8516 = CARTESIAN_POINT('',(149.99999999999,28.465708264711,40.));
#8517 = CARTESIAN_POINT('',(161.6,14.,28.));
#8518 = CARTESIAN_POINT('',(150.,32.,40.));
#8519 = DEFINITIONAL_REPRESENTATION('',(#8520),#8656);
#8520 = B_SPLINE_CURVE_WITH_KNOTS('',3,(#8521,#8522,#8523,#8524,#8525,
    #8526,#8527,#8528,#8529,#8530,#8531,#8532,#8533,#8534,#8535,#8536,
    #8537,#8538,#8539,#8540,#8541,#8542,#8543,#8544,#8545,#8546,#8547,
    #8548,#8549,#8550,#8551,#8552,#8553,#8554,#8555,#8556,#8557,#8558,
    #8559,#8560,#8561,#8562,#8563,#8564,#8565,#8566,#8567,#8568,#8569,
    #8570,#8571,#8572,#8573,#8574,#8575,#8576,#8577,#8578,#8579,#8580,
    #8581,#8582,#8583,#8584,#8585,#8586,#8587,#8588,#8589,#8590,#8591,
    #8592,#8593,#8594,#8595,#8596,#8597,#8598,#8599,#8600,#8601,#8602,
    #8603,#8604,#8605,#8606,#8607,#8608,#8609,#8610,#8611,#8612,#8613,
    #8614,#8615,#8616,#8617,#8618,#8619,#8620,#8621,#8622,#8623,#8624,
    #8625,#8626,#8627,#8628,#8629,#8630,#8631,#8632,#8633,#8634,#8635,
    #8636,#8637,#8638,#8639,#8640,#8641,#8642,#8643,#8644,#8645,#8646,
    #8647,#8648,#8649,#8650,#8651,#8652,#8653,#8654,#8655),
  .UNSPECIFIED.,.T.,.F.,(4,1,1,1,1,1,1,1,1,1,1,1,1,1,1,1,1,1,1,1,1,1,1,1
    ,1,1,1,1,1,1,1,1,1,1,1,1,1,1,1,1,1,1,1,1,1,1,1,1,1,1,1,1,1,1,1,1,1,1
    ,1,1,1,1,1,1,1,1,1,1,1,1,1,1,1,1,1,1,1,1,1,1,1,1,1,1,1,1,1,1,1,1,1,1
    ,1,1,1,1,1,1,1,1,1,1,1,1,1,1,1,1,1,1,1,1,1,1,1,1,1,1,1,1,1,1,1,1,1,1
    ,1,1,1,1,1,1,4),(0.,2.443366652492E-02,4.886733304983E-02,
    7.330099957475E-02,9.773466609967E-02,0.122168332625,0.14660199915,
    0.171035665674,0.195469332199,0.219902998724,0.244336665249,
    0.268770331774,0.293203998299,0.317637664824,0.342071331349,
    0.366504997874,0.390938664399,0.415372330924,0.439805997449,
    0.464239663973,0.488673330498,0.513106997023,0.537540663548,
    0.561974330073,0.586407996598,0.610841663123,0.635275329648,
    0.659708996173,0.684142662698,0.708576329223,0.733009995748,
    0.757443662272,0.781877328797,0.806310995322,0.830744661847,
    0.855178328372,0.879611994897,0.904045661422,0.928479327947,
    0.952912994472,0.977346660997,1.001780327522,1.026213994047,
    1.050647660571,1.075081327096,1.099514993621,1.123948660146,
    1.148382326671,1.172815993196,1.197249659721,1.221683326246,
    1.246116992771,1.270550659296,1.294984325821,1.319417992346,
    1.34385165887,1.368285325395,1.39271899192,1.417152658445,
    1.44158632497,1.466019991495,1.49045365802,1.514887324545,
    1.53932099107,1.563754657595,1.58818832412,1.612621990645,
    1.637055657169,1.661489323694,1.685922990219,1.710356656744,
    1.734790323269,1.759223989794,1.783657656319,1.808091322844,
    1.832524989369,1.856958655894,1.881392322419,1.905825988944,
    1.930259655468,1.954693321993,1.979126988518,2.003560655043,
    2.027994321568,2.052427988093,2.076861654618,2.101295321143,
    2.125728987668,2.150162654193,2.174596320718,2.199029987243,
    2.223463653767,2.247897320292,2.272330986817,2.296764653342,
    2.321198319867,2.345631986392,2.370065652917,2.394499319442,
    2.418932985967,2.443366652492,2.467800319017,2.492233985542,
    2.516667652066,2.541101318591,2.565534985116,2.589968651641,
    2.614402318166,2.638835984691,2.663269651216,2.687703317741,
    2.712136984266,2.736570650791,2.761004317316,2.785437983841,
    2.809871650365,2.83430531689,2.858738983415,2.88317264994,
    2.907606316465,2.93203998299,2.956473649515,2.98090731604,
    3.005340982565,3.02977464909,3.054208315615,3.07864198214,
    3.103075648664,3.127509315189,3.151942981714,3.176376648239,
    3.200810314764,3.225243981289),.QUASI_UNIFORM_KNOTS.);
#8521 = CARTESIAN_POINT('',(5.589161780509,0.245914380146));
#8522 = CARTESIAN_POINT('',(5.587723504507,0.2449877699));
#8523 = CARTESIAN_POINT('',(5.584754205354,0.243174433279));
#8524 = CARTESIAN_POINT('',(5.580026976341,0.240583134397));
#8525 = CARTESIAN_POINT('',(5.575030723117,0.238129520058));
#8526 = CARTESIAN_POINT('',(5.569772169597,0.235822834531));
#8527 = CARTESIAN_POINT('',(5.564259894543,0.233672379348));
#8528 = CARTESIAN_POINT('',(5.558504729919,0.231687466622));
#8529 = CARTESIAN_POINT('',(5.552519835652,0.229877291944));
#8530 = CARTESIAN_POINT('',(5.546321344987,0.228250908425));
#8531 = CARTESIAN_POINT('',(5.539927751879,0.226816870926));
#8532 = CARTESIAN_POINT('',(5.533360050665,0.225583117723));
#8533 = CARTESIAN_POINT('',(5.52664196824,0.224556858382));
#8534 = CARTESIAN_POINT('',(5.519799192788,0.223744305833));
#8535 = CARTESIAN_POINT('',(5.512860039464,0.223150612329));
#8536 = CARTESIAN_POINT('',(5.505853999914,0.222779599181));
#8537 = CARTESIAN_POINT('',(5.498811866877,0.222633703937));
#8538 = CARTESIAN_POINT('',(5.49176512803,0.222713906959));
#8539 = CARTESIAN_POINT('',(5.48474515615,0.223019676934));
#8540 = CARTESIAN_POINT('',(5.47778340177,0.223548981522));
#8541 = CARTESIAN_POINT('',(5.470909638355,0.224298393628));
#8542 = CARTESIAN_POINT('',(5.464152206374,0.225263187598));
#8543 = CARTESIAN_POINT('',(5.45753816476,0.226437361493));
#8544 = CARTESIAN_POINT('',(5.45109185889,0.227813953355));
#8545 = CARTESIAN_POINT('',(5.444834960313,0.229385208114));
#8546 = CARTESIAN_POINT('',(5.438786663602,0.231142731701));
#8547 = CARTESIAN_POINT('',(5.43296342944,0.233077705891));
#8548 = CARTESIAN_POINT('',(5.427379253303,0.235180998746));
#8549 = CARTESIAN_POINT('',(5.422045797693,0.237443281509));
#8550 = CARTESIAN_POINT('',(5.416972519134,0.239855137586));
#8551 = CARTESIAN_POINT('',(5.412166923075,0.242407110578));
#8552 = CARTESIAN_POINT('',(5.407635109628,0.245089467433));
#8553 = CARTESIAN_POINT('',(5.403379433764,0.247893857935));
#8554 = CARTESIAN_POINT('',(5.399401574953,0.250811941425));
#8555 = CARTESIAN_POINT('',(5.395702088584,0.253835654557));
#8556 = CARTESIAN_POINT('',(5.392280655743,0.256957161991));
#8557 = CARTESIAN_POINT('',(5.389136146231,0.260168893986));
#8558 = CARTESIAN_POINT('',(5.386266731921,0.263463561837));
#8559 = CARTESIAN_POINT('',(5.383669985933,0.266834181919));
#8560 = CARTESIAN_POINT('',(5.381342987441,0.270274092684));
#8561 = CARTESIAN_POINT('',(5.379282416076,0.273776994801));
#8562 = CARTESIAN_POINT('',(5.377484679139,0.27733690762));
#8563 = CARTESIAN_POINT('',(5.375945913596,0.28094843737));
#8564 = CARTESIAN_POINT('',(5.374662455591,0.28460586848));
#8565 = CARTESIAN_POINT('',(5.373630528908,0.288303773336));
#8566 = CARTESIAN_POINT('',(5.372846299239,0.292037254567));
#8567 = CARTESIAN_POINT('',(5.372306101563,0.295801373934));
#8568 = CARTESIAN_POINT('',(5.372006391519,0.299591302234));
#8569 = CARTESIAN_POINT('',(5.371943778171,0.303402277978));
#8570 = CARTESIAN_POINT('',(5.37211504004,0.30722961129));
#8571 = CARTESIAN_POINT('',(5.372517159043,0.311068699321));
#8572 = CARTESIAN_POINT('',(5.373147331444,0.314914951373));
#8573 = CARTESIAN_POINT('',(5.374003084249,0.318764064296));
#8574 = CARTESIAN_POINT('',(5.375081966863,0.322610757157));
#8575 = CARTESIAN_POINT('',(5.376381944005,0.326450550064));
#8576 = CARTESIAN_POINT('',(5.377901289974,0.330278773048));
#8577 = CARTESIAN_POINT('',(5.379638517275,0.334090480978));
#8578 = CARTESIAN_POINT('',(5.381592372815,0.337880470511));
#8579 = CARTESIAN_POINT('',(5.383761827564,0.341643267791));
#8580 = CARTESIAN_POINT('',(5.386146078876,0.345373121092));
#8581 = CARTESIAN_POINT('',(5.388744562359,0.349063992705));
#8582 = CARTESIAN_POINT('',(5.391556966133,0.352709538357));
#8583 = CARTESIAN_POINT('',(5.394583278826,0.35630312618));
#8584 = CARTESIAN_POINT('',(5.397823752821,0.359837698175));
#8585 = CARTESIAN_POINT('',(5.401277766165,0.363304669654));
#8586 = CARTESIAN_POINT('',(5.404945880839,0.366696123221));
#8587 = CARTESIAN_POINT('',(5.408828131793,0.370002922631));
#8588 = CARTESIAN_POINT('',(5.412924293248,0.373215153097));
#8589 = CARTESIAN_POINT('',(5.417233707043,0.376322042582));
#8590 = CARTESIAN_POINT('',(5.421755228684,0.379312026091));
#8591 = CARTESIAN_POINT('',(5.426487151373,0.382172776135));
#8592 = CARTESIAN_POINT('',(5.431427109184,0.384891245856));
#8593 = CARTESIAN_POINT('',(5.436572092055,0.387453716768));
#8594 = CARTESIAN_POINT('',(5.441915739038,0.389844765801));
#8595 = CARTESIAN_POINT('',(5.447450479871,0.392048807457));
#8596 = CARTESIAN_POINT('',(5.453166379608,0.394049832824));
#8597 = CARTESIAN_POINT('',(5.459051108496,0.395831848658));
#8598 = CARTESIAN_POINT('',(5.46508961993,0.397379224523));
#8599 = CARTESIAN_POINT('',(5.471263867938,0.398677136374));
#8600 = CARTESIAN_POINT('',(5.477552608039,0.399712083151));
#8601 = CARTESIAN_POINT('',(5.483930789108,0.400472482623));
#8602 = CARTESIAN_POINT('',(5.490371882932,0.400949528791));
#8603 = CARTESIAN_POINT('',(5.496847069706,0.401137465412));
#8604 = CARTESIAN_POINT('',(5.503326987479,0.401033965816));
#8605 = CARTESIAN_POINT('',(5.509781532882,0.400640259034));
#8606 = CARTESIAN_POINT('',(5.516180808855,0.39996121047));
#8607 = CARTESIAN_POINT('',(5.522497994239,0.399004802283));
#8608 = CARTESIAN_POINT('',(5.528708380074,0.397781695528));
#8609 = CARTESIAN_POINT('',(5.534789705682,0.396304747888));
#8610 = CARTESIAN_POINT('',(5.540721165857,0.394588904316));
#8611 = CARTESIAN_POINT('',(5.546486525365,0.392649917762));
#8612 = CARTESIAN_POINT('',(5.55207421636,0.390503288228));
#8613 = CARTESIAN_POINT('',(5.55747340495,0.388165109896));
#8614 = CARTESIAN_POINT('',(5.562676172779,0.385651000289));
#8615 = CARTESIAN_POINT('',(5.567676102499,0.382976230866));
#8616 = CARTESIAN_POINT('',(5.57246833958,0.380155524991));
#8617 = CARTESIAN_POINT('',(5.577050826854,0.377201891552));
#8618 = CARTESIAN_POINT('',(5.581421638489,0.374127883575));
#8619 = CARTESIAN_POINT('',(5.585579532868,0.370945251224));
#8620 = CARTESIAN_POINT('',(5.58952371649,0.367664990899));
#8621 = CARTESIAN_POINT('',(5.593253822377,0.364297286325));
#8622 = CARTESIAN_POINT('',(5.596769806951,0.360851502301));
#8623 = CARTESIAN_POINT('',(5.600071943976,0.357336091545));
#8624 = CARTESIAN_POINT('',(5.603160495523,0.353758811205));
#8625 = CARTESIAN_POINT('',(5.606034879097,0.350127821123));
#8626 = CARTESIAN_POINT('',(5.608695415827,0.346449596585));
#8627 = CARTESIAN_POINT('',(5.611141836443,0.342730608674));
#8628 = CARTESIAN_POINT('',(5.613373675083,0.338976948874));
#8629 = CARTESIAN_POINT('',(5.615390196328,0.335194446534));
#8630 = CARTESIAN_POINT('',(5.617190436567,0.331388650145));
#8631 = CARTESIAN_POINT('',(5.618773202482,0.32756484941));
#8632 = CARTESIAN_POINT('',(5.62013707404,0.323728059801));
#8633 = CARTESIAN_POINT('',(5.621280379217,0.319883106284));
#8634 = CARTESIAN_POINT('',(5.622201223772,0.316034338053));
#8635 = CARTESIAN_POINT('',(5.622897219859,0.312186978668));
#8636 = CARTESIAN_POINT('',(5.62336593637,0.308345529898));
#8637 = CARTESIAN_POINT('',(5.623604658428,0.304514494922));
#8638 = CARTESIAN_POINT('',(5.62361042886,0.300698467716));
#8639 = CARTESIAN_POINT('',(5.623380082156,0.296902110881));
#8640 = CARTESIAN_POINT('',(5.62291027362,0.293130163001));
#8641 = CARTESIAN_POINT('',(5.622197504173,0.289387439994));
#8642 = CARTESIAN_POINT('',(5.621238135746,0.285678831903));
#8643 = CARTESIAN_POINT('',(5.62002841664,0.282009325109));
#8644 = CARTESIAN_POINT('',(5.618564443896,0.278383928749));
#8645 = CARTESIAN_POINT('',(5.616842509486,0.274808356878));
#8646 = CARTESIAN_POINT('',(5.614858863099,0.27128821781));
#8647 = CARTESIAN_POINT('',(5.612609912632,0.267829444777));
#8648 = CARTESIAN_POINT('',(5.610092248232,0.264438192185));
#8649 = CARTESIAN_POINT('',(5.607302825849,0.261120985373));
#8650 = CARTESIAN_POINT('',(5.604238942846,0.2578845599));
#8651 = CARTESIAN_POINT('',(5.60089847618,0.254736046256));
#8652 = CARTESIAN_POINT('',(5.597280043969,0.251682935655));
#8653 = CARTESIAN_POINT('',(5.593382996461,0.248733016005));
#8654 = CARTESIAN_POINT('',(5.590599695016,0.2468406535));
#8655 = CARTESIAN_POINT('',(5.589161780509,0.245914380146));
#8656 = ( GEOMETRIC_REPRESENTATION_CONTEXT(2) 
PARAMETRIC_REPRESENTATION_CONTEXT() REPRESENTATION_CONTEXT('2D SPACE',''
  ) );
#8657 = ORIENTED_EDGE('',*,*,#8658,.T.);
#8658 = EDGE_CURVE('',#8264,#5729,#8659,.T.);
#8659 = SEAM_CURVE('',#8660,(#8664,#8671),.PCURVE_S1.);
#8660 = LINE('',#8661,#8662);
#8661 = CARTESIAN_POINT('',(155.7,10.,29.));
#8662 = VECTOR('',#8663,1.);
#8663 = DIRECTION('',(0.,0.,1.));
#8664 = PCURVE('',#5749,#8665);
#8665 = DEFINITIONAL_REPRESENTATION('',(#8666),#8670);
#8666 = LINE('',#8667,#8668);
#8667 = CARTESIAN_POINT('',(-0.,0.));
#8668 = VECTOR('',#8669,1.);
#8669 = DIRECTION('',(-0.,-1.));
#8670 = ( GEOMETRIC_REPRESENTATION_CONTEXT(2) 
PARAMETRIC_REPRESENTATION_CONTEXT() REPRESENTATION_CONTEXT('2D SPACE',''
  ) );
#8671 = PCURVE('',#5749,#8672);
#8672 = DEFINITIONAL_REPRESENTATION('',(#8673),#8677);
#8673 = LINE('',#8674,#8675);
#8674 = CARTESIAN_POINT('',(-6.28318530718,0.));
#8675 = VECTOR('',#8676,1.);
#8676 = DIRECTION('',(-0.,-1.));
#8677 = ( GEOMETRIC_REPRESENTATION_CONTEXT(2) 
PARAMETRIC_REPRESENTATION_CONTEXT() REPRESENTATION_CONTEXT('2D SPACE',''
  ) );
#8678 = ORIENTED_EDGE('',*,*,#5728,.F.);
#8679 = ORIENTED_EDGE('',*,*,#8658,.F.);
#8680 = ADVANCED_FACE('',(#8681,#8691),#5995,.T.);
#8681 = FACE_BOUND('',#8682,.T.);
#8682 = EDGE_LOOP('',(#8683,#8684,#8685,#8686,#8687,#8688,#8689,#8690));
#8683 = ORIENTED_EDGE('',*,*,#6102,.T.);
#8684 = ORIENTED_EDGE('',*,*,#5976,.T.);
#8685 = ORIENTED_EDGE('',*,*,#6053,.T.);
#8686 = ORIENTED_EDGE('',*,*,#6151,.T.);
#8687 = ORIENTED_EDGE('',*,*,#6251,.T.);
#8688 = ORIENTED_EDGE('',*,*,#6349,.T.);
#8689 = ORIENTED_EDGE('',*,*,#6300,.T.);
#8690 = ORIENTED_EDGE('',*,*,#6201,.T.);
#8691 = FACE_BOUND('',#8692,.T.);
#8692 = EDGE_LOOP('',(#8693,#8728,#8754,#8787,#8813,#8846,#8872,#8905));
#8693 = ORIENTED_EDGE('',*,*,#8694,.T.);
#8694 = EDGE_CURVE('',#8695,#8697,#8699,.T.);
#8695 = VERTEX_POINT('',#8696);
#8696 = CARTESIAN_POINT('',(152.1,32.,40.));
#8697 = VERTEX_POINT('',#8698);
#8698 = CARTESIAN_POINT('',(132.,11.9,40.));
#8699 = SURFACE_CURVE('',#8700,(#8705,#8716),.PCURVE_S1.);
#8700 = CIRCLE('',#8701,20.1);
#8701 = AXIS2_PLACEMENT_3D('',#8702,#8703,#8704);
#8702 = CARTESIAN_POINT('',(132.,32.,40.));
#8703 = DIRECTION('',(0.,0.,-1.));
#8704 = DIRECTION('',(1.,0.,0.));
#8705 = PCURVE('',#5995,#8706);
#8706 = DEFINITIONAL_REPRESENTATION('',(#8707),#8715);
#8707 = ( BOUNDED_CURVE() B_SPLINE_CURVE(2,(#8708,#8709,#8710,#8711,
#8712,#8713,#8714),.UNSPECIFIED.,.T.,.F.) B_SPLINE_CURVE_WITH_KNOTS((1,2
    ,2,2,2,1),(-2.094395102393,0.,2.094395102393,4.188790204786,
6.28318530718,8.377580409573),.UNSPECIFIED.) CURVE() 
GEOMETRIC_REPRESENTATION_ITEM() RATIONAL_B_SPLINE_CURVE((1.,0.5,1.,0.5,
1.,0.5,1.)) REPRESENTATION_ITEM('') );
#8708 = CARTESIAN_POINT('',(70.1,-44.));
#8709 = CARTESIAN_POINT('',(70.1,-78.81422123213));
#8710 = CARTESIAN_POINT('',(39.95,-61.40711061606));
#8711 = CARTESIAN_POINT('',(9.8,-44.));
#8712 = CARTESIAN_POINT('',(39.95,-26.59288938393));
#8713 = CARTESIAN_POINT('',(70.1,-9.185778767866));
#8714 = CARTESIAN_POINT('',(70.1,-44.));
#8715 = ( GEOMETRIC_REPRESENTATION_CONTEXT(2) 
PARAMETRIC_REPRESENTATION_CONTEXT() REPRESENTATION_CONTEXT('2D SPACE',''
  ) );
#8716 = PCURVE('',#8717,#8722);
#8717 = CYLINDRICAL_SURFACE('',#8718,20.1);
#8718 = AXIS2_PLACEMENT_3D('',#8719,#8720,#8721);
#8719 = CARTESIAN_POINT('',(132.,32.,39.9));
#8720 = DIRECTION('',(-0.,0.,-1.));
#8721 = DIRECTION('',(1.,0.,0.));
#8722 = DEFINITIONAL_REPRESENTATION('',(#8723),#8727);
#8723 = LINE('',#8724,#8725);
#8724 = CARTESIAN_POINT('',(-6.28318530718,-0.1));
#8725 = VECTOR('',#8726,1.);
#8726 = DIRECTION('',(1.,-0.));
#8727 = ( GEOMETRIC_REPRESENTATION_CONTEXT(2) 
PARAMETRIC_REPRESENTATION_CONTEXT() REPRESENTATION_CONTEXT('2D SPACE',''
  ) );
#8728 = ORIENTED_EDGE('',*,*,#8729,.T.);
#8729 = EDGE_CURVE('',#8697,#8730,#8732,.T.);
#8730 = VERTEX_POINT('',#8731);
#8731 = CARTESIAN_POINT('',(32.,11.9,40.));
#8732 = SURFACE_CURVE('',#8733,(#8737,#8743),.PCURVE_S1.);
#8733 = LINE('',#8734,#8735);
#8734 = CARTESIAN_POINT('',(57.,11.9,40.));
#8735 = VECTOR('',#8736,1.);
#8736 = DIRECTION('',(-1.,0.,0.));
#8737 = PCURVE('',#5995,#8738);
#8738 = DEFINITIONAL_REPRESENTATION('',(#8739),#8742);
#8739 = B_SPLINE_CURVE_WITH_KNOTS('',1,(#8740,#8741),.UNSPECIFIED.,.F.,
  .F.,(2,2),(-75.,25.),.PIECEWISE_BEZIER_KNOTS.);
#8740 = CARTESIAN_POINT('',(50.,-64.1));
#8741 = CARTESIAN_POINT('',(-50.,-64.1));
#8742 = ( GEOMETRIC_REPRESENTATION_CONTEXT(2) 
PARAMETRIC_REPRESENTATION_CONTEXT() REPRESENTATION_CONTEXT('2D SPACE',''
  ) );
#8743 = PCURVE('',#8744,#8749);
#8744 = PLANE('',#8745);
#8745 = AXIS2_PLACEMENT_3D('',#8746,#8747,#8748);
#8746 = CARTESIAN_POINT('',(32.,11.9,39.9));
#8747 = DIRECTION('',(0.,1.,0.));
#8748 = DIRECTION('',(1.,0.,0.));
#8749 = DEFINITIONAL_REPRESENTATION('',(#8750),#8753);
#8750 = B_SPLINE_CURVE_WITH_KNOTS('',1,(#8751,#8752),.UNSPECIFIED.,.F.,
  .F.,(2,2),(-75.,25.),.PIECEWISE_BEZIER_KNOTS.);
#8751 = CARTESIAN_POINT('',(100.,-0.1));
#8752 = CARTESIAN_POINT('',(0.,-0.1));
#8753 = ( GEOMETRIC_REPRESENTATION_CONTEXT(2) 
PARAMETRIC_REPRESENTATION_CONTEXT() REPRESENTATION_CONTEXT('2D SPACE',''
  ) );
#8754 = ORIENTED_EDGE('',*,*,#8755,.T.);
#8755 = EDGE_CURVE('',#8730,#8756,#8758,.T.);
#8756 = VERTEX_POINT('',#8757);
#8757 = CARTESIAN_POINT('',(11.9,32.,40.));
#8758 = SURFACE_CURVE('',#8759,(#8764,#8775),.PCURVE_S1.);
#8759 = CIRCLE('',#8760,20.1);
#8760 = AXIS2_PLACEMENT_3D('',#8761,#8762,#8763);
#8761 = CARTESIAN_POINT('',(32.,32.,40.));
#8762 = DIRECTION('',(0.,0.,-1.));
#8763 = DIRECTION('',(1.,0.,0.));
#8764 = PCURVE('',#5995,#8765);
#8765 = DEFINITIONAL_REPRESENTATION('',(#8766),#8774);
#8766 = ( BOUNDED_CURVE() B_SPLINE_CURVE(2,(#8767,#8768,#8769,#8770,
#8771,#8772,#8773),.UNSPECIFIED.,.T.,.F.) B_SPLINE_CURVE_WITH_KNOTS((1,2
    ,2,2,2,1),(-2.094395102393,0.,2.094395102393,4.188790204786,
6.28318530718,8.377580409573),.UNSPECIFIED.) CURVE() 
GEOMETRIC_REPRESENTATION_ITEM() RATIONAL_B_SPLINE_CURVE((1.,0.5,1.,0.5,
1.,0.5,1.)) REPRESENTATION_ITEM('') );
#8767 = CARTESIAN_POINT('',(-29.9,-44.));
#8768 = CARTESIAN_POINT('',(-29.9,-78.81422123213));
#8769 = CARTESIAN_POINT('',(-60.05,-61.40711061606));
#8770 = CARTESIAN_POINT('',(-90.2,-44.));
#8771 = CARTESIAN_POINT('',(-60.05,-26.59288938393));
#8772 = CARTESIAN_POINT('',(-29.9,-9.185778767866));
#8773 = CARTESIAN_POINT('',(-29.9,-44.));
#8774 = ( GEOMETRIC_REPRESENTATION_CONTEXT(2) 
PARAMETRIC_REPRESENTATION_CONTEXT() REPRESENTATION_CONTEXT('2D SPACE',''
  ) );
#8775 = PCURVE('',#8776,#8781);
#8776 = CYLINDRICAL_SURFACE('',#8777,20.1);
#8777 = AXIS2_PLACEMENT_3D('',#8778,#8779,#8780);
#8778 = CARTESIAN_POINT('',(32.,32.,39.9));
#8779 = DIRECTION('',(-0.,0.,-1.));
#8780 = DIRECTION('',(1.,0.,0.));
#8781 = DEFINITIONAL_REPRESENTATION('',(#8782),#8786);
#8782 = LINE('',#8783,#8784);
#8783 = CARTESIAN_POINT('',(-6.28318530718,-0.1));
#8784 = VECTOR('',#8785,1.);
#8785 = DIRECTION('',(1.,-0.));
#8786 = ( GEOMETRIC_REPRESENTATION_CONTEXT(2) 
PARAMETRIC_REPRESENTATION_CONTEXT() REPRESENTATION_CONTEXT('2D SPACE',''
  ) );
#8787 = ORIENTED_EDGE('',*,*,#8788,.T.);
#8788 = EDGE_CURVE('',#8756,#8789,#8791,.T.);
#8789 = VERTEX_POINT('',#8790);
#8790 = CARTESIAN_POINT('',(11.9,120.,40.));
#8791 = SURFACE_CURVE('',#8792,(#8796,#8802),.PCURVE_S1.);
#8792 = LINE('',#8793,#8794);
#8793 = CARTESIAN_POINT('',(11.9,98.,40.));
#8794 = VECTOR('',#8795,1.);
#8795 = DIRECTION('',(-0.,1.,0.));
#8796 = PCURVE('',#5995,#8797);
#8797 = DEFINITIONAL_REPRESENTATION('',(#8798),#8801);
#8798 = B_SPLINE_CURVE_WITH_KNOTS('',1,(#8799,#8800),.UNSPECIFIED.,.F.,
  .F.,(2,2),(-66.,22.),.PIECEWISE_BEZIER_KNOTS.);
#8799 = CARTESIAN_POINT('',(-70.1,-44.));
#8800 = CARTESIAN_POINT('',(-70.1,44.));
#8801 = ( GEOMETRIC_REPRESENTATION_CONTEXT(2) 
PARAMETRIC_REPRESENTATION_CONTEXT() REPRESENTATION_CONTEXT('2D SPACE',''
  ) );
#8802 = PCURVE('',#8803,#8808);
#8803 = PLANE('',#8804);
#8804 = AXIS2_PLACEMENT_3D('',#8805,#8806,#8807);
#8805 = CARTESIAN_POINT('',(11.9,120.,39.9));
#8806 = DIRECTION('',(1.,0.,-0.));
#8807 = DIRECTION('',(0.,-1.,0.));
#8808 = DEFINITIONAL_REPRESENTATION('',(#8809),#8812);
#8809 = B_SPLINE_CURVE_WITH_KNOTS('',1,(#8810,#8811),.UNSPECIFIED.,.F.,
  .F.,(2,2),(-66.,22.),.PIECEWISE_BEZIER_KNOTS.);
#8810 = CARTESIAN_POINT('',(88.,-0.1));
#8811 = CARTESIAN_POINT('',(0.,-0.1));
#8812 = ( GEOMETRIC_REPRESENTATION_CONTEXT(2) 
PARAMETRIC_REPRESENTATION_CONTEXT() REPRESENTATION_CONTEXT('2D SPACE',''
  ) );
#8813 = ORIENTED_EDGE('',*,*,#8814,.T.);
#8814 = EDGE_CURVE('',#8789,#8815,#8817,.T.);
#8815 = VERTEX_POINT('',#8816);
#8816 = CARTESIAN_POINT('',(32.,140.1,40.));
#8817 = SURFACE_CURVE('',#8818,(#8823,#8834),.PCURVE_S1.);
#8818 = CIRCLE('',#8819,20.1);
#8819 = AXIS2_PLACEMENT_3D('',#8820,#8821,#8822);
#8820 = CARTESIAN_POINT('',(32.,120.,40.));
#8821 = DIRECTION('',(0.,0.,-1.));
#8822 = DIRECTION('',(1.,0.,0.));
#8823 = PCURVE('',#5995,#8824);
#8824 = DEFINITIONAL_REPRESENTATION('',(#8825),#8833);
#8825 = ( BOUNDED_CURVE() B_SPLINE_CURVE(2,(#8826,#8827,#8828,#8829,
#8830,#8831,#8832),.UNSPECIFIED.,.T.,.F.) B_SPLINE_CURVE_WITH_KNOTS((1,2
    ,2,2,2,1),(-2.094395102393,0.,2.094395102393,4.188790204786,
6.28318530718,8.377580409573),.UNSPECIFIED.) CURVE() 
GEOMETRIC_REPRESENTATION_ITEM() RATIONAL_B_SPLINE_CURVE((1.,0.5,1.,0.5,
1.,0.5,1.)) REPRESENTATION_ITEM('') );
#8826 = CARTESIAN_POINT('',(-29.9,44.));
#8827 = CARTESIAN_POINT('',(-29.9,9.185778767866));
#8828 = CARTESIAN_POINT('',(-60.05,26.592889383933));
#8829 = CARTESIAN_POINT('',(-90.2,44.));
#8830 = CARTESIAN_POINT('',(-60.05,61.407110616067));
#8831 = CARTESIAN_POINT('',(-29.9,78.814221232134));
#8832 = CARTESIAN_POINT('',(-29.9,44.));
#8833 = ( GEOMETRIC_REPRESENTATION_CONTEXT(2) 
PARAMETRIC_REPRESENTATION_CONTEXT() REPRESENTATION_CONTEXT('2D SPACE',''
  ) );
#8834 = PCURVE('',#8835,#8840);
#8835 = CYLINDRICAL_SURFACE('',#8836,20.1);
#8836 = AXIS2_PLACEMENT_3D('',#8837,#8838,#8839);
#8837 = CARTESIAN_POINT('',(32.,120.,39.9));
#8838 = DIRECTION('',(-0.,0.,-1.));
#8839 = DIRECTION('',(1.,0.,0.));
#8840 = DEFINITIONAL_REPRESENTATION('',(#8841),#8845);
#8841 = LINE('',#8842,#8843);
#8842 = CARTESIAN_POINT('',(-6.28318530718,-0.1));
#8843 = VECTOR('',#8844,1.);
#8844 = DIRECTION('',(1.,-0.));
#8845 = ( GEOMETRIC_REPRESENTATION_CONTEXT(2) 
PARAMETRIC_REPRESENTATION_CONTEXT() REPRESENTATION_CONTEXT('2D SPACE',''
  ) );
#8846 = ORIENTED_EDGE('',*,*,#8847,.T.);
#8847 = EDGE_CURVE('',#8815,#8848,#8850,.T.);
#8848 = VERTEX_POINT('',#8849);
#8849 = CARTESIAN_POINT('',(132.,140.1,40.));
#8850 = SURFACE_CURVE('',#8851,(#8855,#8861),.PCURVE_S1.);
#8851 = LINE('',#8852,#8853);
#8852 = CARTESIAN_POINT('',(107.,140.1,40.));
#8853 = VECTOR('',#8854,1.);
#8854 = DIRECTION('',(1.,0.,-0.));
#8855 = PCURVE('',#5995,#8856);
#8856 = DEFINITIONAL_REPRESENTATION('',(#8857),#8860);
#8857 = B_SPLINE_CURVE_WITH_KNOTS('',1,(#8858,#8859),.UNSPECIFIED.,.F.,
  .F.,(2,2),(-75.,25.),.PIECEWISE_BEZIER_KNOTS.);
#8858 = CARTESIAN_POINT('',(-50.,64.1));
#8859 = CARTESIAN_POINT('',(50.,64.1));
#8860 = ( GEOMETRIC_REPRESENTATION_CONTEXT(2) 
PARAMETRIC_REPRESENTATION_CONTEXT() REPRESENTATION_CONTEXT('2D SPACE',''
  ) );
#8861 = PCURVE('',#8862,#8867);
#8862 = PLANE('',#8863);
#8863 = AXIS2_PLACEMENT_3D('',#8864,#8865,#8866);
#8864 = CARTESIAN_POINT('',(132.,140.1,39.9));
#8865 = DIRECTION('',(0.,-1.,0.));
#8866 = DIRECTION('',(-1.,0.,0.));
#8867 = DEFINITIONAL_REPRESENTATION('',(#8868),#8871);
#8868 = B_SPLINE_CURVE_WITH_KNOTS('',1,(#8869,#8870),.UNSPECIFIED.,.F.,
  .F.,(2,2),(-75.,25.),.PIECEWISE_BEZIER_KNOTS.);
#8869 = CARTESIAN_POINT('',(100.,-0.1));
#8870 = CARTESIAN_POINT('',(0.,-0.1));
#8871 = ( GEOMETRIC_REPRESENTATION_CONTEXT(2) 
PARAMETRIC_REPRESENTATION_CONTEXT() REPRESENTATION_CONTEXT('2D SPACE',''
  ) );
#8872 = ORIENTED_EDGE('',*,*,#8873,.T.);
#8873 = EDGE_CURVE('',#8848,#8874,#8876,.T.);
#8874 = VERTEX_POINT('',#8875);
#8875 = CARTESIAN_POINT('',(152.1,120.,40.));
#8876 = SURFACE_CURVE('',#8877,(#8882,#8893),.PCURVE_S1.);
#8877 = CIRCLE('',#8878,20.1);
#8878 = AXIS2_PLACEMENT_3D('',#8879,#8880,#8881);
#8879 = CARTESIAN_POINT('',(132.,120.,40.));
#8880 = DIRECTION('',(0.,0.,-1.));
#8881 = DIRECTION('',(1.,0.,0.));
#8882 = PCURVE('',#5995,#8883);
#8883 = DEFINITIONAL_REPRESENTATION('',(#8884),#8892);
#8884 = ( BOUNDED_CURVE() B_SPLINE_CURVE(2,(#8885,#8886,#8887,#8888,
#8889,#8890,#8891),.UNSPECIFIED.,.T.,.F.) B_SPLINE_CURVE_WITH_KNOTS((1,2
    ,2,2,2,1),(-2.094395102393,0.,2.094395102393,4.188790204786,
6.28318530718,8.377580409573),.UNSPECIFIED.) CURVE() 
GEOMETRIC_REPRESENTATION_ITEM() RATIONAL_B_SPLINE_CURVE((1.,0.5,1.,0.5,
1.,0.5,1.)) REPRESENTATION_ITEM('') );
#8885 = CARTESIAN_POINT('',(70.1,44.));
#8886 = CARTESIAN_POINT('',(70.1,9.185778767866));
#8887 = CARTESIAN_POINT('',(39.95,26.592889383933));
#8888 = CARTESIAN_POINT('',(9.8,44.));
#8889 = CARTESIAN_POINT('',(39.95,61.407110616067));
#8890 = CARTESIAN_POINT('',(70.1,78.814221232134));
#8891 = CARTESIAN_POINT('',(70.1,44.));
#8892 = ( GEOMETRIC_REPRESENTATION_CONTEXT(2) 
PARAMETRIC_REPRESENTATION_CONTEXT() REPRESENTATION_CONTEXT('2D SPACE',''
  ) );
#8893 = PCURVE('',#8894,#8899);
#8894 = CYLINDRICAL_SURFACE('',#8895,20.1);
#8895 = AXIS2_PLACEMENT_3D('',#8896,#8897,#8898);
#8896 = CARTESIAN_POINT('',(132.,120.,39.9));
#8897 = DIRECTION('',(-0.,0.,-1.));
#8898 = DIRECTION('',(1.,0.,0.));
#8899 = DEFINITIONAL_REPRESENTATION('',(#8900),#8904);
#8900 = LINE('',#8901,#8902);
#8901 = CARTESIAN_POINT('',(-6.28318530718,-0.1));
#8902 = VECTOR('',#8903,1.);
#8903 = DIRECTION('',(1.,-0.));
#8904 = ( GEOMETRIC_REPRESENTATION_CONTEXT(2) 
PARAMETRIC_REPRESENTATION_CONTEXT() REPRESENTATION_CONTEXT('2D SPACE',''
  ) );
#8905 = ORIENTED_EDGE('',*,*,#8906,.T.);
#8906 = EDGE_CURVE('',#8874,#8695,#8907,.T.);
#8907 = SURFACE_CURVE('',#8908,(#8912,#8918),.PCURVE_S1.);
#8908 = LINE('',#8909,#8910);
#8909 = CARTESIAN_POINT('',(152.1,54.,40.));
#8910 = VECTOR('',#8911,1.);
#8911 = DIRECTION('',(0.,-1.,0.));
#8912 = PCURVE('',#5995,#8913);
#8913 = DEFINITIONAL_REPRESENTATION('',(#8914),#8917);
#8914 = B_SPLINE_CURVE_WITH_KNOTS('',1,(#8915,#8916),.UNSPECIFIED.,.F.,
  .F.,(2,2),(-66.,22.),.PIECEWISE_BEZIER_KNOTS.);
#8915 = CARTESIAN_POINT('',(70.1,44.));
#8916 = CARTESIAN_POINT('',(70.1,-44.));
#8917 = ( GEOMETRIC_REPRESENTATION_CONTEXT(2) 
PARAMETRIC_REPRESENTATION_CONTEXT() REPRESENTATION_CONTEXT('2D SPACE',''
  ) );
#8918 = PCURVE('',#8919,#8924);
#8919 = PLANE('',#8920);
#8920 = AXIS2_PLACEMENT_3D('',#8921,#8922,#8923);
#8921 = CARTESIAN_POINT('',(152.1,32.,39.9));
#8922 = DIRECTION('',(-1.,0.,0.));
#8923 = DIRECTION('',(0.,1.,0.));
#8924 = DEFINITIONAL_REPRESENTATION('',(#8925),#8928);
#8925 = B_SPLINE_CURVE_WITH_KNOTS('',1,(#8926,#8927),.UNSPECIFIED.,.F.,
  .F.,(2,2),(-66.,22.),.PIECEWISE_BEZIER_KNOTS.);
#8926 = CARTESIAN_POINT('',(88.,-0.1));
#8927 = CARTESIAN_POINT('',(0.,-0.1));
#8928 = ( GEOMETRIC_REPRESENTATION_CONTEXT(2) 
PARAMETRIC_REPRESENTATION_CONTEXT() REPRESENTATION_CONTEXT('2D SPACE',''
  ) );
#8929 = ADVANCED_FACE('',(#8930),#6524,.T.);
#8930 = FACE_BOUND('',#8931,.T.);
#8931 = EDGE_LOOP('',(#8932,#8933,#8934,#8955));
#8932 = ORIENTED_EDGE('',*,*,#6508,.T.);
#8933 = ORIENTED_EDGE('',*,*,#6724,.T.);
#8934 = ORIENTED_EDGE('',*,*,#8935,.F.);
#8935 = EDGE_CURVE('',#6564,#6725,#8936,.T.);
#8936 = SURFACE_CURVE('',#8937,(#8941,#8948),.PCURVE_S1.);
#8937 = LINE('',#8938,#8939);
#8938 = CARTESIAN_POINT('',(13.3486315613,10.,35.2));
#8939 = VECTOR('',#8940,1.);
#8940 = DIRECTION('',(0.,0.,1.));
#8941 = PCURVE('',#6524,#8942);
#8942 = DEFINITIONAL_REPRESENTATION('',(#8943),#8947);
#8943 = LINE('',#8944,#8945);
#8944 = CARTESIAN_POINT('',(3.3486315613,0.));
#8945 = VECTOR('',#8946,1.);
#8946 = DIRECTION('',(0.,-1.));
#8947 = ( GEOMETRIC_REPRESENTATION_CONTEXT(2) 
PARAMETRIC_REPRESENTATION_CONTEXT() REPRESENTATION_CONTEXT('2D SPACE',''
  ) );
#8948 = PCURVE('',#6602,#8949);
#8949 = DEFINITIONAL_REPRESENTATION('',(#8950),#8954);
#8950 = LINE('',#8951,#8952);
#8951 = CARTESIAN_POINT('',(0.,0.));
#8952 = VECTOR('',#8953,1.);
#8953 = DIRECTION('',(0.,-1.));
#8954 = ( GEOMETRIC_REPRESENTATION_CONTEXT(2) 
PARAMETRIC_REPRESENTATION_CONTEXT() REPRESENTATION_CONTEXT('2D SPACE',''
  ) );
#8955 = ORIENTED_EDGE('',*,*,#6563,.F.);
#8956 = ADVANCED_FACE('',(#8957),#6602,.T.);
#8957 = FACE_BOUND('',#8958,.T.);
#8958 = EDGE_LOOP('',(#8959,#8960,#8961,#8962));
#8959 = ORIENTED_EDGE('',*,*,#8935,.T.);
#8960 = ORIENTED_EDGE('',*,*,#6747,.T.);
#8961 = ORIENTED_EDGE('',*,*,#6696,.F.);
#8962 = ORIENTED_EDGE('',*,*,#6586,.F.);
#8963 = ADVANCED_FACE('',(#8964),#6658,.F.);
#8964 = FACE_BOUND('',#8965,.T.);
#8965 = EDGE_LOOP('',(#8966,#9417,#9438,#9439));
#8966 = ORIENTED_EDGE('',*,*,#8967,.T.);
#8967 = EDGE_CURVE('',#8968,#8968,#8970,.T.);
#8968 = VERTEX_POINT('',#8969);
#8969 = CARTESIAN_POINT('',(11.7,10.,32.466950420922));
#8970 = SURFACE_CURVE('',#8971,(#9076,#9237),.PCURVE_S1.);
#8971 = B_SPLINE_CURVE_WITH_KNOTS('',7,(#8972,#8973,#8974,#8975,#8976,
    #8977,#8978,#8979,#8980,#8981,#8982,#8983,#8984,#8985,#8986,#8987,
    #8988,#8989,#8990,#8991,#8992,#8993,#8994,#8995,#8996,#8997,#8998,
    #8999,#9000,#9001,#9002,#9003,#9004,#9005,#9006,#9007,#9008,#9009,
    #9010,#9011,#9012,#9013,#9014,#9015,#9016,#9017,#9018,#9019,#9020,
    #9021,#9022,#9023,#9024,#9025,#9026,#9027,#9028,#9029,#9030,#9031,
    #9032,#9033,#9034,#9035,#9036,#9037,#9038,#9039,#9040,#9041,#9042,
    #9043,#9044,#9045,#9046,#9047,#9048,#9049,#9050,#9051,#9052,#9053,
    #9054,#9055,#9056,#9057,#9058,#9059,#9060,#9061,#9062,#9063,#9064,
    #9065,#9066,#9067,#9068,#9069,#9070,#9071,#9072,#9073,#9074,#9075),
  .UNSPECIFIED.,.T.,.F.,(8,6,6,6,6,6,6,6,6,6,6,6,6,6,6,6,6,8),(0.,
    9.368438894487E-02,0.197505749693,0.336222644891,0.392694690676,
    0.474030982163,0.581402313324,0.662525023409,0.736656973395,
    0.836588327511,1.,1.12797667115,1.267260900564,1.384423504688,
    1.467850030086,1.52596291184,1.602264871818,1.729288564568),
  .UNSPECIFIED.);
#8972 = CARTESIAN_POINT('',(11.7,10.,32.466950420922));
#8973 = CARTESIAN_POINT('',(11.7,9.919220550408,32.427827850799));
#8974 = CARTESIAN_POINT('',(11.695522079233,9.839517202722,
    32.387217628839));
#8975 = CARTESIAN_POINT('',(11.686780073,9.761075649532,32.345338957234)
  );
#8976 = CARTESIAN_POINT('',(11.673973061788,9.684054401503,
    32.302387711966));
#8977 = CARTESIAN_POINT('',(11.657282570564,9.608587464744,
    32.25853661998));
#8978 = CARTESIAN_POINT('',(11.636869768079,9.534787018191,
    32.213935436352));
#8979 = CARTESIAN_POINT('',(11.586278995604,9.382910088653,
    32.118593380786));
#8980 = CARTESIAN_POINT('',(11.555287700844,9.305248723762,
    32.067718902068));
#8981 = CARTESIAN_POINT('',(11.520089309037,9.229891413862,
    32.016263044161));
#8982 = CARTESIAN_POINT('',(11.480848798047,9.156970885013,
    31.964386641725));
#8983 = CARTESIAN_POINT('',(11.437712363066,9.086621090519,
    31.912238058964));
#8984 = CARTESIAN_POINT('',(11.390809317495,9.018978026059,
    31.85995440493));
#8985 = CARTESIAN_POINT('',(11.272695086699,8.867610662921,
    31.737793316549));
#8986 = CARTESIAN_POINT('',(11.198630167087,8.786145716287,
    31.667927344113));
#8987 = CARTESIAN_POINT('',(11.118315346325,8.710114044407,
    31.598358642166));
#8988 = CARTESIAN_POINT('',(11.031993796723,8.639922091122,
    31.529396675209));
#8989 = CARTESIAN_POINT('',(10.939920848017,8.576037490446,
    31.461365828376));
#8990 = CARTESIAN_POINT('',(10.842379662281,8.518984755779,
    31.394606281522));
#8991 = CARTESIAN_POINT('',(10.697874361773,8.449152650961,
    31.302960786217));
#8992 = CARTESIAN_POINT('',(10.655215488892,8.430181184058,
    31.276718347219));
#8993 = CARTESIAN_POINT('',(10.611729405597,8.412482653625,
    31.250773689718));
#8994 = CARTESIAN_POINT('',(10.567442342171,8.396099983949,
    31.225153675622));
#8995 = CARTESIAN_POINT('',(10.522383674076,8.381078074932,
    31.199886594336));
#8996 = CARTESIAN_POINT('',(10.476586239559,8.367463438901,
    31.175002082902));
#8997 = CARTESIAN_POINT('',(10.363113634981,8.337790448653,
    31.115285583492));
#8998 = CARTESIAN_POINT('',(10.294686109422,8.323296047899,
    31.080898925797));
#8999 = CARTESIAN_POINT('',(10.224912297807,8.311962480005,
    31.047462703547));
#9000 = CARTESIAN_POINT('',(10.153923808159,8.303939646615,
    31.015077856439));
#9001 = CARTESIAN_POINT('',(10.081877790918,8.299379462885,
    30.983853041842));
#9002 = CARTESIAN_POINT('',(10.008959090564,8.298429814197,
    30.953903043268));
#9003 = CARTESIAN_POINT('',(9.838254444129,8.304923050702,
    30.887650830518));
#9004 = CARTESIAN_POINT('',(9.739968647835,8.315149701392,
    30.852379539072));
#9005 = CARTESIAN_POINT('',(9.641044720572,8.332227388196,
    30.819819509134));
#9006 = CARTESIAN_POINT('',(9.542104081088,8.356428162075,
    30.790269109234));
#9007 = CARTESIAN_POINT('',(9.44387098332,8.387945654797,30.764029301071
    ));
#9008 = CARTESIAN_POINT('',(9.347162424707,8.426842876942,
    30.741385313871));
#9009 = CARTESIAN_POINT('',(9.18162329296,8.507837051087,30.708371177084
    ));
#9010 = CARTESIAN_POINT('',(9.111745995923,8.546832440418,
    30.696351475894));
#9011 = CARTESIAN_POINT('',(9.043635339883,8.58989871853,30.686629315737
    ));
#9012 = CARTESIAN_POINT('',(8.977681892403,8.636910428804,
    30.679289358491));
#9013 = CARTESIAN_POINT('',(8.914262438823,8.687682126958,
    30.674392676292));
#9014 = CARTESIAN_POINT('',(8.853732091153,8.741962846982,
    30.671973016524));
#9015 = CARTESIAN_POINT('',(8.744032353234,8.851937974711,
    30.672079638533));
#9016 = CARTESIAN_POINT('',(8.694321433637,8.907119822658,30.6741978632)
  );
#9017 = CARTESIAN_POINT('',(8.647524600782,8.964726426526,
    30.678383020294));
#9018 = CARTESIAN_POINT('',(8.603837451303,9.024489789508,
    30.684612052001));
#9019 = CARTESIAN_POINT('',(8.563409379684,9.086124535379,30.69284152638
    ));
#9020 = CARTESIAN_POINT('',(8.526346680239,9.149333034234,
    30.703009939348));
#9021 = CARTESIAN_POINT('',(8.447380345178,9.300727482215,
    30.731256801951));
#9022 = CARTESIAN_POINT('',(8.408272989213,9.389965051623,
    30.750859064337));
#9023 = CARTESIAN_POINT('',(8.375546526678,9.480797404204,
    30.773661375772));
#9024 = CARTESIAN_POINT('',(8.349192409448,9.572545148885,
    30.799441120852));
#9025 = CARTESIAN_POINT('',(8.329092918806,9.664593260186,30.82795908419
    ));
#9026 = CARTESIAN_POINT('',(8.315059017419,9.756400705132,
    30.858973281409));
#9027 = CARTESIAN_POINT('',(8.293436122705,9.996473813944,
    30.946654944354));
#9028 = CARTESIAN_POINT('',(8.295612128516,10.143479653311,
    31.007075228675));
#9029 = CARTESIAN_POINT('',(8.312295263959,10.286718757104,
    31.072542145533));
#9030 = CARTESIAN_POINT('',(8.342241598265,10.424814990266,
    31.142152766589));
#9031 = CARTESIAN_POINT('',(8.384199914304,10.55677112229,
    31.215090258946));
#9032 = CARTESIAN_POINT('',(8.437040211561,10.681900870269,
    31.290654150436));
#9033 = CARTESIAN_POINT('',(8.549058615801,10.892023593587,
    31.429102633958));
#9034 = CARTESIAN_POINT('',(8.604361282064,10.979804672699,
    31.491162789152));
#9035 = CARTESIAN_POINT('',(8.665322676698,11.062850781767,
    31.55420427647));
#9036 = CARTESIAN_POINT('',(8.731545016265,11.140947413612,
    31.617965258439));
#9037 = CARTESIAN_POINT('',(8.802671408937,11.213895533712,
    31.682193779436));
#9038 = CARTESIAN_POINT('',(8.878388311996,11.281501507738,
    31.746647043052));
#9039 = CARTESIAN_POINT('',(9.045559849757,11.411097395662,
    31.881229022759));
#9040 = CARTESIAN_POINT('',(9.137780261258,11.472037062348,
    31.951328856226));
#9041 = CARTESIAN_POINT('',(9.234773307476,11.5261300272,32.021100450044
    ));
#9042 = CARTESIAN_POINT('',(9.336225174459,11.573045788613,
    32.090207449195));
#9043 = CARTESIAN_POINT('',(9.441812083157,11.612394820522,
    32.158267348441));
#9044 = CARTESIAN_POINT('',(9.551194639604,11.643722192701,
    32.224845485353));
#9045 = CARTESIAN_POINT('',(9.758941234317,11.685605320512,
    32.343780693991));
#9046 = CARTESIAN_POINT('',(9.856250253758,11.698660581591,
    32.396690709143));
#9047 = CARTESIAN_POINT('',(9.955755470787,11.705315143589,
    32.447883113161));
#9048 = CARTESIAN_POINT('',(10.057163379754,11.70517539561,
    32.496982765544));
#9049 = CARTESIAN_POINT('',(10.160073031456,11.697807636681,
    32.543534926782));
#9050 = CARTESIAN_POINT('',(10.263962849524,11.682771201541,
    32.587015055713));
#9051 = CARTESIAN_POINT('',(10.442385273524,11.643189881044,
    32.655202245477));
#9052 = CARTESIAN_POINT('',(10.516742196295,11.622633098872,
    32.681704126272));
#9053 = CARTESIAN_POINT('',(10.590982871179,11.597841528355,
    32.706128783884));
#9054 = CARTESIAN_POINT('',(10.664783056961,11.568699236421,
    32.728238849707));
#9055 = CARTESIAN_POINT('',(10.737760629973,11.535132704044,
    32.7477890232));
#9056 = CARTESIAN_POINT('',(10.809481108863,11.497140118654,
    32.764544820284));
#9057 = CARTESIAN_POINT('',(10.928219652434,11.425360834727,
    32.787898782065));
#9058 = CARTESIAN_POINT('',(10.976133144331,11.393793854464,
    32.796036983021));
#9059 = CARTESIAN_POINT('',(11.023040548595,11.360172498712,
    32.802657015801));
#9060 = CARTESIAN_POINT('',(11.06877538417,11.324559893497,
    32.807703523926));
#9061 = CARTESIAN_POINT('',(11.113175744894,11.287043083728,
    32.811136405198));
#9062 = CARTESIAN_POINT('',(11.156087138393,11.247735479076,
    32.812933662231));
#9063 = CARTESIAN_POINT('',(11.251563403688,11.15300401539,
    32.81330510791));
#9064 = CARTESIAN_POINT('',(11.302963276306,11.096369616066,
    32.810694566975));
#9065 = CARTESIAN_POINT('',(11.351227366368,11.037203984305,
    32.805257564132));
#9066 = CARTESIAN_POINT('',(11.396112885043,10.975865037893,
    32.797055405845));
#9067 = CARTESIAN_POINT('',(11.43745586021,10.912724398948,
    32.786199412615));
#9068 = CARTESIAN_POINT('',(11.475159495842,10.848156218986,
    32.772838580439));
#9069 = CARTESIAN_POINT('',(11.565833921114,10.673281839172,
    32.731035798117));
#9070 = CARTESIAN_POINT('',(11.612281485186,10.561124475052,
    32.698477649191));
#9071 = CARTESIAN_POINT('',(11.648476819306,10.447558852161,
    32.660253721823));
#9072 = CARTESIAN_POINT('',(11.674798727576,10.333828223853,
    32.617239864043));
#9073 = CARTESIAN_POINT('',(11.691775630095,10.220897808848,
    32.570244731267));
#9074 = CARTESIAN_POINT('',(11.7,10.109471144257,32.519968763325));
#9075 = CARTESIAN_POINT('',(11.7,10.,32.466950420922));
#9076 = PCURVE('',#6658,#9077);
#9077 = DEFINITIONAL_REPRESENTATION('',(#9078),#9236);
#9078 = B_SPLINE_CURVE_WITH_KNOTS('',3,(#9079,#9080,#9081,#9082,#9083,
    #9084,#9085,#9086,#9087,#9088,#9089,#9090,#9091,#9092,#9093,#9094,
    #9095,#9096,#9097,#9098,#9099,#9100,#9101,#9102,#9103,#9104,#9105,
    #9106,#9107,#9108,#9109,#9110,#9111,#9112,#9113,#9114,#9115,#9116,
    #9117,#9118,#9119,#9120,#9121,#9122,#9123,#9124,#9125,#9126,#9127,
    #9128,#9129,#9130,#9131,#9132,#9133,#9134,#9135,#9136,#9137,#9138,
    #9139,#9140,#9141,#9142,#9143,#9144,#9145,#9146,#9147,#9148,#9149,
    #9150,#9151,#9152,#9153,#9154,#9155,#9156,#9157,#9158,#9159,#9160,
    #9161,#9162,#9163,#9164,#9165,#9166,#9167,#9168,#9169,#9170,#9171,
    #9172,#9173,#9174,#9175,#9176,#9177,#9178,#9179,#9180,#9181,#9182,
    #9183,#9184,#9185,#9186,#9187,#9188,#9189,#9190,#9191,#9192,#9193,
    #9194,#9195,#9196,#9197,#9198,#9199,#9200,#9201,#9202,#9203,#9204,
    #9205,#9206,#9207,#9208,#9209,#9210,#9211,#9212,#9213,#9214,#9215,
    #9216,#9217,#9218,#9219,#9220,#9221,#9222,#9223,#9224,#9225,#9226,
    #9227,#9228,#9229,#9230,#9231,#9232,#9233,#9234,#9235),
  .UNSPECIFIED.,.F.,.F.,(4,1,1,1,1,1,1,1,1,1,1,1,1,1,1,1,1,1,1,1,1,1,1,1
    ,1,1,1,1,1,1,1,1,1,1,1,1,1,1,1,1,1,1,1,1,1,1,1,1,1,1,1,1,1,1,1,1,1,1
    ,1,1,1,1,1,1,1,1,1,1,1,1,1,1,1,1,1,1,1,1,1,1,1,1,1,1,1,1,1,1,1,1,1,1
    ,1,1,1,1,1,1,1,1,1,1,1,1,1,1,1,1,1,1,1,1,1,1,1,1,1,1,1,1,1,1,1,1,1,1
    ,1,1,1,1,1,1,1,1,1,1,1,1,1,1,1,1,1,1,1,1,1,1,1,1,1,1,1,1,4),(0.,
    1.122914652317E-02,2.245829304634E-02,3.36874395695E-02,
    4.491658609267E-02,5.614573261584E-02,6.737487913901E-02,
    7.860402566218E-02,8.983317218535E-02,0.101062318709,0.112291465232,
    0.123520611755,0.134749758278,0.145978904801,0.157208051324,
    0.168437197848,0.179666344371,0.190895490894,0.202124637417,
    0.21335378394,0.224582930463,0.235812076987,0.24704122351,
    0.258270370033,0.269499516556,0.280728663079,0.291957809602,
    0.303186956126,0.314416102649,0.325645249172,0.336874395695,
    0.348103542218,0.359332688741,0.370561835265,0.381790981788,
    0.393020128311,0.404249274834,0.415478421357,0.42670756788,
    0.437936714404,0.449165860927,0.46039500745,0.471624153973,
    0.482853300496,0.494082447019,0.505311593543,0.516540740066,
    0.527769886589,0.538999033112,0.550228179635,0.561457326158,
    0.572686472682,0.583915619205,0.595144765728,0.606373912251,
    0.617603058774,0.628832205297,0.640061351821,0.651290498344,
    0.662519644867,0.67374879139,0.684977937913,0.696207084436,
    0.70743623096,0.718665377483,0.729894524006,0.741123670529,
    0.752352817052,0.763581963575,0.774811110099,0.786040256622,
    0.797269403145,0.808498549668,0.819727696191,0.830956842714,
    0.842185989238,0.853415135761,0.864644282284,0.875873428807,
    0.88710257533,0.898331721853,0.909560868377,0.9207900149,
    0.932019161423,0.943248307946,0.954477454469,0.965706600992,
    0.976935747516,0.988164894039,0.999394040562,1.010623187085,
    1.021852333608,1.033081480131,1.044310626655,1.055539773178,
    1.066768919701,1.077998066224,1.089227212747,1.10045635927,
    1.111685505794,1.122914652317,1.13414379884,1.145372945363,
    1.156602091886,1.167831238409,1.179060384933,1.190289531456,
    1.201518677979,1.212747824502,1.223976971025,1.235206117549,
    1.246435264072,1.257664410595,1.268893557118,1.280122703641,
    1.291351850164,1.302580996688,1.313810143211,1.325039289734,
    1.336268436257,1.34749758278,1.358726729303,1.369955875827,
    1.38118502235,1.392414168873,1.403643315396,1.414872461919,
    1.426101608442,1.437330754966,1.448559901489,1.459789048012,
    1.471018194535,1.482247341058,1.493476487581,1.504705634105,
    1.515934780628,1.527163927151,1.538393073674,1.549622220197,
    1.56085136672,1.572080513244,1.583309659767,1.59453880629,
    1.605767952813,1.616997099336,1.628226245859,1.639455392383,
    1.650684538906,1.661913685429,1.673142831952,1.684371978475,
    1.695601124998,1.706830271522,1.718059418045,1.729288564568),
  .QUASI_UNIFORM_KNOTS.);
#9079 = CARTESIAN_POINT('',(-6.28318530718,-3.466950420922));
#9080 = CARTESIAN_POINT('',(-6.269895865796,-3.456008413217));
#9081 = CARTESIAN_POINT('',(-6.243444115592,-3.433826455279));
#9082 = CARTESIAN_POINT('',(-6.204125047417,-3.399732512337));
#9083 = CARTESIAN_POINT('',(-6.165141524967,-3.364891963777));
#9084 = CARTESIAN_POINT('',(-6.126471134819,-3.329373683986));
#9085 = CARTESIAN_POINT('',(-6.088091571031,-3.293242939453));
#9086 = CARTESIAN_POINT('',(-6.049980482593,-3.256560887415));
#9087 = CARTESIAN_POINT('',(-6.012115243113,-3.219384729407));
#9088 = CARTESIAN_POINT('',(-5.9744727155,-3.181767664701));
#9089 = CARTESIAN_POINT('',(-5.937029142854,-3.143758989262));
#9090 = CARTESIAN_POINT('',(-5.899765223712,-3.105409546092));
#9091 = CARTESIAN_POINT('',(-5.862657447092,-3.066763225815));
#9092 = CARTESIAN_POINT('',(-5.8256842289,-3.027863403934));
#9093 = CARTESIAN_POINT('',(-5.788824375816,-2.988751689557));
#9094 = CARTESIAN_POINT('',(-5.752057233316,-2.949468326095));
#9095 = CARTESIAN_POINT('',(-5.715362430066,-2.910052171218));
#9096 = CARTESIAN_POINT('',(-5.678719638214,-2.870540667223));
#9097 = CARTESIAN_POINT('',(-5.642108727923,-2.8309702299));
#9098 = CARTESIAN_POINT('',(-5.605508351172,-2.791374932409));
#9099 = CARTESIAN_POINT('',(-5.568902745178,-2.75179408378));
#9100 = CARTESIAN_POINT('',(-5.532270912108,-2.712260708153));
#9101 = CARTESIAN_POINT('',(-5.495593066456,-2.672808729321));
#9102 = CARTESIAN_POINT('',(-5.458850039199,-2.633472513606));
#9103 = CARTESIAN_POINT('',(-5.42202323526,-2.594286997371));
#9104 = CARTESIAN_POINT('',(-5.385094456858,-2.555287658685));
#9105 = CARTESIAN_POINT('',(-5.34804577538,-2.516510534266));
#9106 = CARTESIAN_POINT('',(-5.310859387832,-2.477992217701));
#9107 = CARTESIAN_POINT('',(-5.273517509089,-2.439769893841));
#9108 = CARTESIAN_POINT('',(-5.23600213645,-2.401881253738));
#9109 = CARTESIAN_POINT('',(-5.198295266411,-2.364364857788));
#9110 = CARTESIAN_POINT('',(-5.160377384863,-2.327258832063));
#9111 = CARTESIAN_POINT('',(-5.122232387025,-2.290605831926));
#9112 = CARTESIAN_POINT('',(-5.083845517898,-2.254450905584));
#9113 = CARTESIAN_POINT('',(-5.045199952068,-2.218838356054));
#9114 = CARTESIAN_POINT('',(-5.006280195669,-2.183815094127));
#9115 = CARTESIAN_POINT('',(-4.967070783748,-2.149429449006));
#9116 = CARTESIAN_POINT('',(-4.92755742911,-2.115732199557));
#9117 = CARTESIAN_POINT('',(-4.887726218458,-2.082775881766));
#9118 = CARTESIAN_POINT('',(-4.847564087054,-2.050615135685));
#9119 = CARTESIAN_POINT('',(-4.807059501609,-2.019307171686));
#9120 = CARTESIAN_POINT('',(-4.766202218127,-1.988911410797));
#9121 = CARTESIAN_POINT('',(-4.724983196556,-1.959489250183));
#9122 = CARTESIAN_POINT('',(-4.683395049575,-1.93110415398));
#9123 = CARTESIAN_POINT('',(-4.641430417615,-1.903820317546));
#9124 = CARTESIAN_POINT('',(-4.599084531069,-1.877704302297));
#9125 = CARTESIAN_POINT('',(-4.55635937555,-1.852826773006));
#9126 = CARTESIAN_POINT('',(-4.513258103102,-1.829258228181));
#9127 = CARTESIAN_POINT('',(-4.469786572565,-1.807069526649));
#9128 = CARTESIAN_POINT('',(-4.425953174093,-1.78633114106));
#9129 = CARTESIAN_POINT('',(-4.381769165157,-1.767112668659));
#9130 = CARTESIAN_POINT('',(-4.337249120067,-1.749482239654));
#9131 = CARTESIAN_POINT('',(-4.292410969857,-1.733505731554));
#9132 = CARTESIAN_POINT('',(-4.247278224292,-1.719246515594));
#9133 = CARTESIAN_POINT('',(-4.201873802369,-1.706762668906));
#9134 = CARTESIAN_POINT('',(-4.156232203894,-1.696109389683));
#9135 = CARTESIAN_POINT('',(-4.110388918646,-1.687334448533));
#9136 = CARTESIAN_POINT('',(-4.064380318356,-1.680477932533));
#9137 = CARTESIAN_POINT('',(-4.018244716271,-1.675571920326));
#9138 = CARTESIAN_POINT('',(-3.972022427177,-1.672639987656));
#9139 = CARTESIAN_POINT('',(-3.925759061704,-1.671696537197));
#9140 = CARTESIAN_POINT('',(-3.879497433733,-1.672746077789));
#9141 = CARTESIAN_POINT('',(-3.833279380288,-1.675783449065));
#9142 = CARTESIAN_POINT('',(-3.787149999932,-1.680793810598));
#9143 = CARTESIAN_POINT('',(-3.741149412527,-1.687753257502));
#9144 = CARTESIAN_POINT('',(-3.695316176767,-1.696629204869));
#9145 = CARTESIAN_POINT('',(-3.64968681504,-1.707381010055));
#9146 = CARTESIAN_POINT('',(-3.60429874,-1.7199598747));
#9147 = CARTESIAN_POINT('',(-3.559180129592,-1.734312114207));
#9148 = CARTESIAN_POINT('',(-3.514357670407,-1.750378388016));
#9149 = CARTESIAN_POINT('',(-3.469853566495,-1.768095543931));
#9150 = CARTESIAN_POINT('',(-3.425685911248,-1.78739749783));
#9151 = CARTESIAN_POINT('',(-3.381869316189,-1.808215943969));
#9152 = CARTESIAN_POINT('',(-3.338415317585,-1.830481018889));
#9153 = CARTESIAN_POINT('',(-3.295332691702,-1.854121909013));
#9154 = CARTESIAN_POINT('',(-3.252627745434,-1.879067318559));
#9155 = CARTESIAN_POINT('',(-3.210304308087,-1.905246141204));
#9156 = CARTESIAN_POINT('',(-3.168370179537,-1.932583540333));
#9157 = CARTESIAN_POINT('',(-3.126814911242,-1.961016120151));
#9158 = CARTESIAN_POINT('',(-3.085630046758,-1.99048033654));
#9159 = CARTESIAN_POINT('',(-3.044805858737,-2.020914435854));
#9160 = CARTESIAN_POINT('',(-3.004332207723,-2.052258065514));
#9161 = CARTESIAN_POINT('',(-2.964198283246,-2.084452512514));
#9162 = CARTESIAN_POINT('',(-2.9243926298,-2.117440777527));
#9163 = CARTESIAN_POINT('',(-2.884903079985,-2.151167697723));
#9164 = CARTESIAN_POINT('',(-2.845716698366,-2.18558005823));
#9165 = CARTESIAN_POINT('',(-2.806819696851,-2.220626719333));
#9166 = CARTESIAN_POINT('',(-2.768197373761,-2.256258711121));
#9167 = CARTESIAN_POINT('',(-2.72983390759,-2.29242946168));
#9168 = CARTESIAN_POINT('',(-2.691712631101,-2.329094542669));
#9169 = CARTESIAN_POINT('',(-2.653814455156,-2.366213230889));
#9170 = CARTESIAN_POINT('',(-2.61612314307,-2.40374330755));
#9171 = CARTESIAN_POINT('',(-2.578624457494,-2.441641485838));
#9172 = CARTESIAN_POINT('',(-2.541298510539,-2.479871123339));
#9173 = CARTESIAN_POINT('',(-2.504127427514,-2.518394474213));
#9174 = CARTESIAN_POINT('',(-2.467093112293,-2.55717473423));
#9175 = CARTESIAN_POINT('',(-2.430177661642,-2.596175478704));
#9176 = CARTESIAN_POINT('',(-2.393363078902,-2.635360798793));
#9177 = CARTESIAN_POINT('',(-2.356631174621,-2.674695255932));
#9178 = CARTESIAN_POINT('',(-2.31996343039,-2.714143869831));
#9179 = CARTESIAN_POINT('',(-2.28334081036,-2.753672158594));
#9180 = CARTESIAN_POINT('',(-2.246743783823,-2.793245941229));
#9181 = CARTESIAN_POINT('',(-2.210151499302,-2.832832042987));
#9182 = CARTESIAN_POINT('',(-2.173550113367,-2.872389085489));
#9183 = CARTESIAN_POINT('',(-2.136916726486,-2.911884689918));
#9184 = CARTESIAN_POINT('',(-2.100230487573,-2.951283223404));
#9185 = CARTESIAN_POINT('',(-2.063470524744,-2.990547815433));
#9186 = CARTESIAN_POINT('',(-2.026616267755,-3.029639788148));
#9187 = CARTESIAN_POINT('',(-1.989647135884,-3.068518770343));
#9188 = CARTESIAN_POINT('',(-1.952542402567,-3.107142611714));
#9189 = CARTESIAN_POINT('',(-1.915280983237,-3.145467361365));
#9190 = CARTESIAN_POINT('',(-1.877841314368,-3.183447137989));
#9191 = CARTESIAN_POINT('',(-1.840200870668,-3.221034318066));
#9192 = CARTESIAN_POINT('',(-1.802336931112,-3.258178509244));
#9193 = CARTESIAN_POINT('',(-1.764222572415,-3.294830013958));
#9194 = CARTESIAN_POINT('',(-1.725841007035,-3.33092585682));
#9195 = CARTESIAN_POINT('',(-1.687169396437,-3.366405357604));
#9196 = CARTESIAN_POINT('',(-1.648182432388,-3.401206009145));
#9197 = CARTESIAN_POINT('',(-1.608857598777,-3.435258451392));
#9198 = CARTESIAN_POINT('',(-1.569173505696,-3.468488015139));
#9199 = CARTESIAN_POINT('',(-1.52911011163,-3.500814525472));
#9200 = CARTESIAN_POINT('',(-1.488648467499,-3.532152592163));
#9201 = CARTESIAN_POINT('',(-1.447770628759,-3.562411788041));
#9202 = CARTESIAN_POINT('',(-1.406459509956,-3.591496884017));
#9203 = CARTESIAN_POINT('',(-1.364698926607,-3.619308065004));
#9204 = CARTESIAN_POINT('',(-1.322473054575,-3.645741261105));
#9205 = CARTESIAN_POINT('',(-1.2797824257,-3.670679570557));
#9206 = CARTESIAN_POINT('',(-1.236626733871,-3.694006095204));
#9207 = CARTESIAN_POINT('',(-1.193012452753,-3.715600466545));
#9208 = CARTESIAN_POINT('',(-1.148951681223,-3.735341587075));
#9209 = CARTESIAN_POINT('',(-1.104463179955,-3.753109295409));
#9210 = CARTESIAN_POINT('',(-1.059572971192,-3.768786687231));
#9211 = CARTESIAN_POINT('',(-1.014315855124,-3.782262480811));
#9212 = CARTESIAN_POINT('',(-0.968734631302,-3.79343432322));
#9213 = CARTESIAN_POINT('',(-0.922886412828,-3.802211173972));
#9214 = CARTESIAN_POINT('',(-0.876831275763,-3.808519315119));
#9215 = CARTESIAN_POINT('',(-0.830633309031,-3.81230388328));
#9216 = CARTESIAN_POINT('',(-0.784365602563,-3.813530923629));
#9217 = CARTESIAN_POINT('',(-0.738096561419,-3.812189254774));
#9218 = CARTESIAN_POINT('',(-0.691901955523,-3.808290799335));
#9219 = CARTESIAN_POINT('',(-0.645854016804,-3.801870807242));
#9220 = CARTESIAN_POINT('',(-0.600016325644,-3.792985086998));
#9221 = CARTESIAN_POINT('',(-0.5544469982,-3.781707771674));
#9222 = CARTESIAN_POINT('',(-0.509199206438,-3.7681291687));
#9223 = CARTESIAN_POINT('',(-0.464322908982,-3.75235397471));
#9224 = CARTESIAN_POINT('',(-0.419864190148,-3.734499435131));
#9225 = CARTESIAN_POINT('',(-0.375841214031,-3.714681395758));
#9226 = CARTESIAN_POINT('',(-0.332267846225,-3.693018509812));
#9227 = CARTESIAN_POINT('',(-0.289152014766,-3.66962990443));
#9228 = CARTESIAN_POINT('',(-0.246497086604,-3.644633800801));
#9229 = CARTESIAN_POINT('',(-0.204302188054,-3.618146150827));
#9230 = CARTESIAN_POINT('',(-0.162562590731,-3.590279477216));
#9231 = CARTESIAN_POINT('',(-0.121269949685,-3.561141930642));
#9232 = CARTESIAN_POINT('',(-8.041229103246E-02,-3.530836146643));
#9233 = CARTESIAN_POINT('',(-3.997449774179E-02,-3.499459382015));
#9234 = CARTESIAN_POINT('',(-1.328248707796E-02,-3.477885962778));
#9235 = CARTESIAN_POINT('',(-8.881784197001E-16,-3.466950420922));
#9236 = ( GEOMETRIC_REPRESENTATION_CONTEXT(2) 
PARAMETRIC_REPRESENTATION_CONTEXT() REPRESENTATION_CONTEXT('2D SPACE',''
  ) );
#9237 = PCURVE('',#9238,#9257);
#9238 = B_SPLINE_SURFACE_WITH_KNOTS('',8,1,(
    (#9239,#9240)
    ,(#9241,#9242)
    ,(#9243,#9244)
    ,(#9245,#9246)
    ,(#9247,#9248)
    ,(#9249,#9250)
    ,(#9251,#9252)
    ,(#9253,#9254)
    ,(#9255,#9256
    )),.UNSPECIFIED.,.F.,.F.,.F.,(9,9),(2,2),(3.14159265359,
    4.712388980385),(0.,1.),.PIECEWISE_BEZIER_KNOTS.);
#9239 = CARTESIAN_POINT('',(2.4,14.,28.));
#9240 = CARTESIAN_POINT('',(14.,32.,40.));
#9241 = CARTESIAN_POINT('',(2.4,11.722345326147,28.));
#9242 = CARTESIAN_POINT('',(14.,28.465708264711,39.999999999999));
#9243 = CARTESIAN_POINT('',(2.91110515195,9.444689935351,28.000000000001
    ));
#9244 = CARTESIAN_POINT('',(14.793094201302,24.931415416926,
    40.000000000002));
#9245 = CARTESIAN_POINT('',(3.933310435891,7.300846481713,
    27.999999999998));
#9246 = CARTESIAN_POINT('',(16.379274814313,21.604761781967,
    39.999999999997));
#9247 = CARTESIAN_POINT('',(5.424598432953,5.424598432954,
    28.000000000002));
#9248 = CARTESIAN_POINT('',(18.693342395963,18.693342395964,
    40.000000000003));
#9249 = CARTESIAN_POINT('',(7.300846481713,3.933310435891,
    27.999999999998));
#9250 = CARTESIAN_POINT('',(21.604761781968,16.379274814312,
    39.999999999998));
#9251 = CARTESIAN_POINT('',(9.444689935351,2.91110515195,28.000000000001
    ));
#9252 = CARTESIAN_POINT('',(24.931415416925,14.793094201303,
    40.000000000001));
#9253 = CARTESIAN_POINT('',(11.722345326147,2.4,28.));
#9254 = CARTESIAN_POINT('',(28.465708264711,14.,40.));
#9255 = CARTESIAN_POINT('',(14.,2.4,28.));
#9256 = CARTESIAN_POINT('',(32.,14.,40.));
#9257 = DEFINITIONAL_REPRESENTATION('',(#9258),#9416);
#9258 = B_SPLINE_CURVE_WITH_KNOTS('',3,(#9259,#9260,#9261,#9262,#9263,
    #9264,#9265,#9266,#9267,#9268,#9269,#9270,#9271,#9272,#9273,#9274,
    #9275,#9276,#9277,#9278,#9279,#9280,#9281,#9282,#9283,#9284,#9285,
    #9286,#9287,#9288,#9289,#9290,#9291,#9292,#9293,#9294,#9295,#9296,
    #9297,#9298,#9299,#9300,#9301,#9302,#9303,#9304,#9305,#9306,#9307,
    #9308,#9309,#9310,#9311,#9312,#9313,#9314,#9315,#9316,#9317,#9318,
    #9319,#9320,#9321,#9322,#9323,#9324,#9325,#9326,#9327,#9328,#9329,
    #9330,#9331,#9332,#9333,#9334,#9335,#9336,#9337,#9338,#9339,#9340,
    #9341,#9342,#9343,#9344,#9345,#9346,#9347,#9348,#9349,#9350,#9351,
    #9352,#9353,#9354,#9355,#9356,#9357,#9358,#9359,#9360,#9361,#9362,
    #9363,#9364,#9365,#9366,#9367,#9368,#9369,#9370,#9371,#9372,#9373,
    #9374,#9375,#9376,#9377,#9378,#9379,#9380,#9381,#9382,#9383,#9384,
    #9385,#9386,#9387,#9388,#9389,#9390,#9391,#9392,#9393,#9394,#9395,
    #9396,#9397,#9398,#9399,#9400,#9401,#9402,#9403,#9404,#9405,#9406,
    #9407,#9408,#9409,#9410,#9411,#9412,#9413,#9414,#9415),
  .UNSPECIFIED.,.T.,.F.,(4,1,1,1,1,1,1,1,1,1,1,1,1,1,1,1,1,1,1,1,1,1,1,1
    ,1,1,1,1,1,1,1,1,1,1,1,1,1,1,1,1,1,1,1,1,1,1,1,1,1,1,1,1,1,1,1,1,1,1
    ,1,1,1,1,1,1,1,1,1,1,1,1,1,1,1,1,1,1,1,1,1,1,1,1,1,1,1,1,1,1,1,1,1,1
    ,1,1,1,1,1,1,1,1,1,1,1,1,1,1,1,1,1,1,1,1,1,1,1,1,1,1,1,1,1,1,1,1,1,1
    ,1,1,1,1,1,1,1,1,1,1,1,1,1,1,1,1,1,1,1,1,1,1,1,1,1,1,1,1,4),(0.,
    1.122914652317E-02,2.245829304634E-02,3.36874395695E-02,
    4.491658609267E-02,5.614573261584E-02,6.737487913901E-02,
    7.860402566218E-02,8.983317218535E-02,0.101062318709,0.112291465232,
    0.123520611755,0.134749758278,0.145978904801,0.157208051324,
    0.168437197848,0.179666344371,0.190895490894,0.202124637417,
    0.21335378394,0.224582930463,0.235812076987,0.24704122351,
    0.258270370033,0.269499516556,0.280728663079,0.291957809602,
    0.303186956126,0.314416102649,0.325645249172,0.336874395695,
    0.348103542218,0.359332688741,0.370561835265,0.381790981788,
    0.393020128311,0.404249274834,0.415478421357,0.42670756788,
    0.437936714404,0.449165860927,0.46039500745,0.471624153973,
    0.482853300496,0.494082447019,0.505311593543,0.516540740066,
    0.527769886589,0.538999033112,0.550228179635,0.561457326158,
    0.572686472682,0.583915619205,0.595144765728,0.606373912251,
    0.617603058774,0.628832205297,0.640061351821,0.651290498344,
    0.662519644867,0.67374879139,0.684977937913,0.696207084436,
    0.70743623096,0.718665377483,0.729894524006,0.741123670529,
    0.752352817052,0.763581963575,0.774811110099,0.786040256622,
    0.797269403145,0.808498549668,0.819727696191,0.830956842714,
    0.842185989238,0.853415135761,0.864644282284,0.875873428807,
    0.88710257533,0.898331721853,0.909560868377,0.9207900149,
    0.932019161423,0.943248307946,0.954477454469,0.965706600992,
    0.976935747516,0.988164894039,0.999394040562,1.010623187085,
    1.021852333608,1.033081480131,1.044310626655,1.055539773178,
    1.066768919701,1.077998066224,1.089227212747,1.10045635927,
    1.111685505794,1.122914652317,1.13414379884,1.145372945363,
    1.156602091886,1.167831238409,1.179060384933,1.190289531456,
    1.201518677979,1.212747824502,1.223976971025,1.235206117549,
    1.246435264072,1.257664410595,1.268893557118,1.280122703641,
    1.291351850164,1.302580996688,1.313810143211,1.325039289734,
    1.336268436257,1.34749758278,1.358726729303,1.369955875827,
    1.38118502235,1.392414168873,1.403643315396,1.414872461919,
    1.426101608442,1.437330754966,1.448559901489,1.459789048012,
    1.471018194535,1.482247341058,1.493476487581,1.504705634105,
    1.515934780628,1.527163927151,1.538393073674,1.549622220197,
    1.56085136672,1.572080513244,1.583309659767,1.59453880629,
    1.605767952813,1.616997099336,1.628226245859,1.639455392383,
    1.650684538906,1.661913685429,1.673142831952,1.684371978475,
    1.695601124998,1.706830271522,1.718059418045,1.729288564568),
  .QUASI_UNIFORM_KNOTS.);
#9259 = CARTESIAN_POINT('',(4.013068282137,0.37224586841));
#9260 = CARTESIAN_POINT('',(4.014251057416,0.371334034483));
#9261 = CARTESIAN_POINT('',(4.01656420305,0.369485538064));
#9262 = CARTESIAN_POINT('',(4.01987668739,0.366644376185));
#9263 = CARTESIAN_POINT('',(4.023031907931,0.363740996964));
#9264 = CARTESIAN_POINT('',(4.02602987118,0.3607811402));
#9265 = CARTESIAN_POINT('',(4.028870595473,0.35777024488));
#9266 = CARTESIAN_POINT('',(4.03155410517,0.35471340737));
#9267 = CARTESIAN_POINT('',(4.034080418306,0.351615394273));
#9268 = CARTESIAN_POINT('',(4.036449538577,0.348480638718));
#9269 = CARTESIAN_POINT('',(4.038661433237,0.3453132491));
#9270 = CARTESIAN_POINT('',(4.04071571885,0.342117462162));
#9271 = CARTESIAN_POINT('',(4.042612172952,0.338896935491));
#9272 = CARTESIAN_POINT('',(4.044350344777,0.335655283671));
#9273 = CARTESIAN_POINT('',(4.045929651781,0.332395974128));
#9274 = CARTESIAN_POINT('',(4.047349366254,0.329122360498));
#9275 = CARTESIAN_POINT('',(4.048608626799,0.325837680932));
#9276 = CARTESIAN_POINT('',(4.049706440376,0.322545055614));
#9277 = CARTESIAN_POINT('',(4.050641677236,0.319247519163));
#9278 = CARTESIAN_POINT('',(4.051413083562,0.315947911032));
#9279 = CARTESIAN_POINT('',(4.052019166657,0.312649506914));
#9280 = CARTESIAN_POINT('',(4.052458424601,0.309355058974));
#9281 = CARTESIAN_POINT('',(4.052729180071,0.306067394128));
#9282 = CARTESIAN_POINT('',(4.052829619791,0.30278937618));
#9283 = CARTESIAN_POINT('',(4.052757807482,0.299523916475));
#9284 = CARTESIAN_POINT('',(4.052511701392,0.296273971541));
#9285 = CARTESIAN_POINT('',(4.052089168132,0.293042544479));
#9286 = CARTESIAN_POINT('',(4.051487994634,0.28983268478));
#9287 = CARTESIAN_POINT('',(4.050705899134,0.286647491171));
#9288 = CARTESIAN_POINT('',(4.04974053552,0.283490104531));
#9289 = CARTESIAN_POINT('',(4.048589512673,0.280363738182));
#9290 = CARTESIAN_POINT('',(4.047250347774,0.277271569324));
#9291 = CARTESIAN_POINT('',(4.045720657521,0.274217152686));
#9292 = CARTESIAN_POINT('',(4.043998174084,0.271204242121));
#9293 = CARTESIAN_POINT('',(4.042080614664,0.268236529651));
#9294 = CARTESIAN_POINT('',(4.039965848107,0.265317924573));
#9295 = CARTESIAN_POINT('',(4.037651878224,0.262452453938));
#9296 = CARTESIAN_POINT('',(4.035136946289,0.25964435049));
#9297 = CARTESIAN_POINT('',(4.032419539922,0.256897990484));
#9298 = CARTESIAN_POINT('',(4.029498462536,0.254217927629));
#9299 = CARTESIAN_POINT('',(4.026372944214,0.25160893055));
#9300 = CARTESIAN_POINT('',(4.023042694992,0.249075951119));
#9301 = CARTESIAN_POINT('',(4.019507960778,0.246624104839));
#9302 = CARTESIAN_POINT('',(4.015769626772,0.244258679399));
#9303 = CARTESIAN_POINT('',(4.011829128148,0.241985026469));
#9304 = CARTESIAN_POINT('',(4.007688738054,0.239808691828));
#9305 = CARTESIAN_POINT('',(4.003352089138,0.23773556443));
#9306 = CARTESIAN_POINT('',(3.998823731087,0.235771519031));
#9307 = CARTESIAN_POINT('',(3.994109325743,0.233922460553));
#9308 = CARTESIAN_POINT('',(3.989215686576,0.232194261742));
#9309 = CARTESIAN_POINT('',(3.984150858178,0.230592722385));
#9310 = CARTESIAN_POINT('',(3.9789242047,0.229123519981));
#9311 = CARTESIAN_POINT('',(3.97354643462,0.227792144301));
#9312 = CARTESIAN_POINT('',(3.968029882018,0.226603876296));
#9313 = CARTESIAN_POINT('',(3.962387734928,0.225563555774));
#9314 = CARTESIAN_POINT('',(3.956635509972,0.224675782456));
#9315 = CARTESIAN_POINT('',(3.950789701699,0.223944537364));
#9316 = CARTESIAN_POINT('',(3.94486764917,0.223373161062));
#9317 = CARTESIAN_POINT('',(3.938887552255,0.222964326712));
#9318 = CARTESIAN_POINT('',(3.932868346666,0.222719998904));
#9319 = CARTESIAN_POINT('',(3.926829988489,0.222641378237));
#9320 = CARTESIAN_POINT('',(3.920792235217,0.222728839335));
#9321 = CARTESIAN_POINT('',(3.91477471103,0.222981953917));
#9322 = CARTESIAN_POINT('',(3.908797290595,0.223399484591));
#9323 = CARTESIAN_POINT('',(3.902878864371,0.223979438317));
#9324 = CARTESIAN_POINT('',(3.897037634922,0.22471909997));
#9325 = CARTESIAN_POINT('',(3.891290922526,0.225615083989));
#9326 = CARTESIAN_POINT('',(3.885655411938,0.226663322939));
#9327 = CARTESIAN_POINT('',(3.880145793092,0.227859342826));
#9328 = CARTESIAN_POINT('',(3.874775677853,0.229198199009));
#9329 = CARTESIAN_POINT('',(3.869557195078,0.230674628665));
#9330 = CARTESIAN_POINT('',(3.864501027649,0.232283124818));
#9331 = CARTESIAN_POINT('',(3.859616496242,0.234017995327));
#9332 = CARTESIAN_POINT('',(3.854911628744,0.235873418241));
#9333 = CARTESIAN_POINT('',(3.850393230685,0.237843492423));
#9334 = CARTESIAN_POINT('',(3.846066954951,0.239922276532));
#9335 = CARTESIAN_POINT('',(3.8419373609,0.242103845153));
#9336 = CARTESIAN_POINT('',(3.838008544887,0.244381962773));
#9337 = CARTESIAN_POINT('',(3.834282134738,0.246751344365));
#9338 = CARTESIAN_POINT('',(3.830759412737,0.24920669499));
#9339 = CARTESIAN_POINT('',(3.827441023401,0.251742869126));
#9340 = CARTESIAN_POINT('',(3.824327111598,0.254354837939));
#9341 = CARTESIAN_POINT('',(3.821417345557,0.257037708816));
#9342 = CARTESIAN_POINT('',(3.818710970861,0.259786731569));
#9343 = CARTESIAN_POINT('',(3.816206856154,0.262597308839));
#9344 = CARTESIAN_POINT('',(3.813903541093,0.265465005647));
#9345 = CARTESIAN_POINT('',(3.811799283261,0.268385560225));
#9346 = CARTESIAN_POINT('',(3.809892106263,0.271354892046));
#9347 = CARTESIAN_POINT('',(3.808179842975,0.274369120726));
#9348 = CARTESIAN_POINT('',(3.806660195466,0.277424544544));
#9349 = CARTESIAN_POINT('',(3.805330731112,0.280517769412));
#9350 = CARTESIAN_POINT('',(3.804189115017,0.283645275601));
#9351 = CARTESIAN_POINT('',(3.803233035312,0.286803457194));
#9352 = CARTESIAN_POINT('',(3.802460032282,0.289989260277));
#9353 = CARTESIAN_POINT('',(3.801867766624,0.293199539497));
#9354 = CARTESIAN_POINT('',(3.801453952384,0.296431227832));
#9355 = CARTESIAN_POINT('',(3.801216382001,0.299681289895));
#9356 = CARTESIAN_POINT('',(3.801152929367,0.302946733257));
#9357 = CARTESIAN_POINT('',(3.80126156167,0.306224604679));
#9358 = CARTESIAN_POINT('',(3.801540350911,0.309511989139));
#9359 = CARTESIAN_POINT('',(3.801987490558,0.312806013178));
#9360 = CARTESIAN_POINT('',(3.802601304475,0.31610382843));
#9361 = CARTESIAN_POINT('',(3.803380293918,0.319402670261));
#9362 = CARTESIAN_POINT('',(3.804322912008,0.322699090549));
#9363 = CARTESIAN_POINT('',(3.80542792765,0.325990390885));
#9364 = CARTESIAN_POINT('',(3.806694237234,0.32927360193));
#9365 = CARTESIAN_POINT('',(3.808120877583,0.332545651215));
#9366 = CARTESIAN_POINT('',(3.809707010997,0.335803315627));
#9367 = CARTESIAN_POINT('',(3.811451922463,0.339043230879));
#9368 = CARTESIAN_POINT('',(3.81335501766,0.342261884383));
#9369 = CARTESIAN_POINT('',(3.815415826906,0.345455613508));
#9370 = CARTESIAN_POINT('',(3.817634005776,0.348620594808));
#9371 = CARTESIAN_POINT('',(3.820009364118,0.351752859731));
#9372 = CARTESIAN_POINT('',(3.822541805743,0.354848209036));
#9373 = CARTESIAN_POINT('',(3.825231617861,0.357902501198));
#9374 = CARTESIAN_POINT('',(3.828078423144,0.36091048798));
#9375 = CARTESIAN_POINT('',(3.831082258384,0.363867113088));
#9376 = CARTESIAN_POINT('',(3.834243375486,0.366767167468));
#9377 = CARTESIAN_POINT('',(3.837561796611,0.36960487101));
#9378 = CARTESIAN_POINT('',(3.841037385714,0.372374001266));
#9379 = CARTESIAN_POINT('',(3.84466978269,0.375067877065));
#9380 = CARTESIAN_POINT('',(3.848458375665,0.377679382634));
#9381 = CARTESIAN_POINT('',(3.852402262503,0.380200982371));
#9382 = CARTESIAN_POINT('',(3.856500221017,0.382624740421));
#9383 = CARTESIAN_POINT('',(3.860750658076,0.384942338747));
#9384 = CARTESIAN_POINT('',(3.8651516365,0.387145105074));
#9385 = CARTESIAN_POINT('',(3.869699100349,0.389223297537));
#9386 = CARTESIAN_POINT('',(3.874388551321,0.39116717462));
#9387 = CARTESIAN_POINT('',(3.879214208387,0.392966705546));
#9388 = CARTESIAN_POINT('',(3.884169062254,0.394611798905));
#9389 = CARTESIAN_POINT('',(3.889244713781,0.39609244129));
#9390 = CARTESIAN_POINT('',(3.894431268806,0.397398890618));
#9391 = CARTESIAN_POINT('',(3.899717145146,0.398521873397));
#9392 = CARTESIAN_POINT('',(3.905089167636,0.399452860183));
#9393 = CARTESIAN_POINT('',(3.910531844806,0.400184264567));
#9394 = CARTESIAN_POINT('',(3.916028778097,0.400709942949));
#9395 = CARTESIAN_POINT('',(3.921562650868,0.401025323508));
#9396 = CARTESIAN_POINT('',(3.927114759079,0.401127577001));
#9397 = CARTESIAN_POINT('',(3.932666801716,0.401015771196));
#9398 = CARTESIAN_POINT('',(3.93819959595,0.400690899965));
#9399 = CARTESIAN_POINT('',(3.943694551384,0.400155900613));
#9400 = CARTESIAN_POINT('',(3.949134430543,0.399415423893));
#9401 = CARTESIAN_POINT('',(3.954503088801,0.398475647644));
#9402 = CARTESIAN_POINT('',(3.959785515871,0.397344097415));
#9403 = CARTESIAN_POINT('',(3.964967716984,0.396029497886));
#9404 = CARTESIAN_POINT('',(3.970036877292,0.394541619621));
#9405 = CARTESIAN_POINT('',(3.974984091158,0.392890116308));
#9406 = CARTESIAN_POINT('',(3.979801569347,0.3910848758));
#9407 = CARTESIAN_POINT('',(3.984482804514,0.389135825367));
#9408 = CARTESIAN_POINT('',(3.989022368605,0.38705281675));
#9409 = CARTESIAN_POINT('',(3.993415827814,0.384845512579));
#9410 = CARTESIAN_POINT('',(3.997659643412,0.382523289756));
#9411 = CARTESIAN_POINT('',(4.001751083167,0.380095160868));
#9412 = CARTESIAN_POINT('',(4.005688160238,0.377569678898));
#9413 = CARTESIAN_POINT('',(4.009469492042,0.374954948525));
#9414 = CARTESIAN_POINT('',(4.011886148887,0.373157163578));
#9415 = CARTESIAN_POINT('',(4.013068282137,0.37224586841));
#9416 = ( GEOMETRIC_REPRESENTATION_CONTEXT(2) 
PARAMETRIC_REPRESENTATION_CONTEXT() REPRESENTATION_CONTEXT('2D SPACE',''
  ) );
#9417 = ORIENTED_EDGE('',*,*,#9418,.T.);
#9418 = EDGE_CURVE('',#8968,#6638,#9419,.T.);
#9419 = SEAM_CURVE('',#9420,(#9424,#9431),.PCURVE_S1.);
#9420 = LINE('',#9421,#9422);
#9421 = CARTESIAN_POINT('',(11.7,10.,29.));
#9422 = VECTOR('',#9423,1.);
#9423 = DIRECTION('',(0.,0.,1.));
#9424 = PCURVE('',#6658,#9425);
#9425 = DEFINITIONAL_REPRESENTATION('',(#9426),#9430);
#9426 = LINE('',#9427,#9428);
#9427 = CARTESIAN_POINT('',(-0.,0.));
#9428 = VECTOR('',#9429,1.);
#9429 = DIRECTION('',(-0.,-1.));
#9430 = ( GEOMETRIC_REPRESENTATION_CONTEXT(2) 
PARAMETRIC_REPRESENTATION_CONTEXT() REPRESENTATION_CONTEXT('2D SPACE',''
  ) );
#9431 = PCURVE('',#6658,#9432);
#9432 = DEFINITIONAL_REPRESENTATION('',(#9433),#9437);
#9433 = LINE('',#9434,#9435);
#9434 = CARTESIAN_POINT('',(-6.28318530718,0.));
#9435 = VECTOR('',#9436,1.);
#9436 = DIRECTION('',(-0.,-1.));
#9437 = ( GEOMETRIC_REPRESENTATION_CONTEXT(2) 
PARAMETRIC_REPRESENTATION_CONTEXT() REPRESENTATION_CONTEXT('2D SPACE',''
  ) );
#9438 = ORIENTED_EDGE('',*,*,#6637,.F.);
#9439 = ORIENTED_EDGE('',*,*,#9418,.F.);
#9440 = ADVANCED_FACE('',(#9441),#6838,.T.);
#9441 = FACE_BOUND('',#9442,.T.);
#9442 = EDGE_LOOP('',(#9443,#9444,#9445,#9466));
#9443 = ORIENTED_EDGE('',*,*,#6822,.T.);
#9444 = ORIENTED_EDGE('',*,*,#7038,.T.);
#9445 = ORIENTED_EDGE('',*,*,#9446,.F.);
#9446 = EDGE_CURVE('',#6878,#7039,#9447,.T.);
#9447 = SURFACE_CURVE('',#9448,(#9452,#9459),.PCURVE_S1.);
#9448 = LINE('',#9449,#9450);
#9449 = CARTESIAN_POINT('',(13.3486315613,142.,35.2));
#9450 = VECTOR('',#9451,1.);
#9451 = DIRECTION('',(0.,0.,1.));
#9452 = PCURVE('',#6838,#9453);
#9453 = DEFINITIONAL_REPRESENTATION('',(#9454),#9458);
#9454 = LINE('',#9455,#9456);
#9455 = CARTESIAN_POINT('',(3.3486315613,0.));
#9456 = VECTOR('',#9457,1.);
#9457 = DIRECTION('',(0.,-1.));
#9458 = ( GEOMETRIC_REPRESENTATION_CONTEXT(2) 
PARAMETRIC_REPRESENTATION_CONTEXT() REPRESENTATION_CONTEXT('2D SPACE',''
  ) );
#9459 = PCURVE('',#6916,#9460);
#9460 = DEFINITIONAL_REPRESENTATION('',(#9461),#9465);
#9461 = LINE('',#9462,#9463);
#9462 = CARTESIAN_POINT('',(0.,0.));
#9463 = VECTOR('',#9464,1.);
#9464 = DIRECTION('',(0.,-1.));
#9465 = ( GEOMETRIC_REPRESENTATION_CONTEXT(2) 
PARAMETRIC_REPRESENTATION_CONTEXT() REPRESENTATION_CONTEXT('2D SPACE',''
  ) );
#9466 = ORIENTED_EDGE('',*,*,#6877,.F.);
#9467 = ADVANCED_FACE('',(#9468),#6916,.T.);
#9468 = FACE_BOUND('',#9469,.T.);
#9469 = EDGE_LOOP('',(#9470,#9471,#9472,#9473));
#9470 = ORIENTED_EDGE('',*,*,#9446,.T.);
#9471 = ORIENTED_EDGE('',*,*,#7061,.T.);
#9472 = ORIENTED_EDGE('',*,*,#7010,.F.);
#9473 = ORIENTED_EDGE('',*,*,#6900,.F.);
#9474 = ADVANCED_FACE('',(#9475),#6972,.F.);
#9475 = FACE_BOUND('',#9476,.T.);
#9476 = EDGE_LOOP('',(#9477,#9872,#9893,#9894));
#9477 = ORIENTED_EDGE('',*,*,#9478,.T.);
#9478 = EDGE_CURVE('',#9479,#9479,#9481,.T.);
#9479 = VERTEX_POINT('',#9480);
#9480 = CARTESIAN_POINT('',(11.7,142.,32.466950420922));
#9481 = SURFACE_CURVE('',#9482,(#9575,#9714),.PCURVE_S1.);
#9482 = B_SPLINE_CURVE_WITH_KNOTS('',6,(#9483,#9484,#9485,#9486,#9487,
    #9488,#9489,#9490,#9491,#9492,#9493,#9494,#9495,#9496,#9497,#9498,
    #9499,#9500,#9501,#9502,#9503,#9504,#9505,#9506,#9507,#9508,#9509,
    #9510,#9511,#9512,#9513,#9514,#9515,#9516,#9517,#9518,#9519,#9520,
    #9521,#9522,#9523,#9524,#9525,#9526,#9527,#9528,#9529,#9530,#9531,
    #9532,#9533,#9534,#9535,#9536,#9537,#9538,#9539,#9540,#9541,#9542,
    #9543,#9544,#9545,#9546,#9547,#9548,#9549,#9550,#9551,#9552,#9553,
    #9554,#9555,#9556,#9557,#9558,#9559,#9560,#9561,#9562,#9563,#9564,
    #9565,#9566,#9567,#9568,#9569,#9570,#9571,#9572,#9573,#9574),
  .UNSPECIFIED.,.T.,.F.,(7,5,5,5,5,5,5,5,5,5,5,5,5,5,5,5,5,5,7),(0.,
    6.463917610141E-02,0.109034565642,0.143339722705,0.207493403384,
    0.247580296525,0.331502971358,0.428662385957,0.527422196262,
    0.567627598216,0.625535156677,0.701978421084,0.759733919777,
    0.812512330858,0.883658686622,1.,1.091113283267,1.190277008462,
    1.231071857617),.UNSPECIFIED.);
#9483 = CARTESIAN_POINT('',(11.7,142.,32.466950420922));
#9484 = CARTESIAN_POINT('',(11.7,141.90865383336,32.511190593734));
#9485 = CARTESIAN_POINT('',(11.694110134738,141.8159118975,
    32.55346456513));
#9486 = CARTESIAN_POINT('',(11.681992214272,141.72207119095,
    32.593423764319));
#9487 = CARTESIAN_POINT('',(11.663277079119,141.62756823654,
    32.630631559775));
#9488 = CARTESIAN_POINT('',(11.637619595533,141.53299335753,
    32.664580988542));
#9489 = CARTESIAN_POINT('',(11.582262552905,141.37461051687,
    32.715468273624));
#9490 = CARTESIAN_POINT('',(11.556347129215,141.31044844396,
    32.73440215886));
#9491 = CARTESIAN_POINT('',(11.52699363356,141.24687287133,
    32.751376680581));
#9492 = CARTESIAN_POINT('',(11.49417428445,141.18418621486,
    32.766214309181));
#9493 = CARTESIAN_POINT('',(11.45792228255,141.12272386426,
    32.778752823732));
#9494 = CARTESIAN_POINT('',(11.387786476532,141.01657526461,
    32.796678120418));
#9495 = CARTESIAN_POINT('',(11.355234995313,140.97124767647,
    32.803043315679));
#9496 = CARTESIAN_POINT('',(11.320761916655,140.9270309679,
    32.807900851677));
#9497 = CARTESIAN_POINT('',(11.284449915608,140.88408880264,
    32.811207358051));
#9498 = CARTESIAN_POINT('',(11.246409013221,140.84257596675,
    32.812938863354));
#9499 = CARTESIAN_POINT('',(11.132668227518,140.72794092357,
    32.813384845309));
#9500 = CARTESIAN_POINT('',(11.052964064001,140.65870627685,
    32.808163547112));
#9501 = CARTESIAN_POINT('',(10.96862825928,140.59592368772,
    32.797413885669));
#9502 = CARTESIAN_POINT('',(10.880745360996,140.54012775495,
    32.781428454676));
#9503 = CARTESIAN_POINT('',(10.790384978392,140.49154524625,
    32.760661899599));
#9504 = CARTESIAN_POINT('',(10.641187433512,140.42429716407,
    32.720047809363));
#9505 = CARTESIAN_POINT('',(10.58321881559,140.40123568353,
    32.70277186097));
#9506 = CARTESIAN_POINT('',(10.524877384431,140.38096097335,
    32.683963854788));
#9507 = CARTESIAN_POINT('',(10.46635624227,140.36342601707,
    32.663753144598));
#9508 = CARTESIAN_POINT('',(10.407820325232,140.34856262612,
    32.642265593959));
#9509 = CARTESIAN_POINT('',(10.227112437057,140.31061101692,
    32.572198688113));
#9510 = CARTESIAN_POINT('',(10.105410863869,140.29631478053,
    32.519712360371));
#9511 = CARTESIAN_POINT('',(9.985430384749,140.29265553764,
    32.463178692134));
#9512 = CARTESIAN_POINT('',(9.867993967666,140.2988368856,
    32.403482139894));
#9513 = CARTESIAN_POINT('',(9.753661889028,140.31412335371,
    32.341327086045));
#9514 = CARTESIAN_POINT('',(9.514411125224,140.36554490492,
    32.202998388898));
#9515 = CARTESIAN_POINT('',(9.390751071266,140.40456990509,
    32.126208581599));
#9516 = CARTESIAN_POINT('',(9.272358991881,140.45412896445,
    32.047655631085));
#9517 = CARTESIAN_POINT('',(9.159787088558,140.51353830034,
    31.968012183887));
#9518 = CARTESIAN_POINT('',(9.053548292441,140.58221498353,
    31.887854351651));
#9519 = CARTESIAN_POINT('',(8.85318186653,140.7385639202,31.726148550896
    ));
#9520 = CARTESIAN_POINT('',(8.759331256167,140.82649219801,
    31.64463886138));
#9521 = CARTESIAN_POINT('',(8.673201135559,140.92307899545,
    31.563648477729));
#9522 = CARTESIAN_POINT('',(8.595550031837,141.02790914709,
    31.483727605146));
#9523 = CARTESIAN_POINT('',(8.527256136917,141.14050416428,
    31.405461386396));
#9524 = CARTESIAN_POINT('',(8.445785347964,141.30909368154,
    31.298541641873));
#9525 = CARTESIAN_POINT('',(8.423939518478,141.35906084297,
    31.267989029332));
#9526 = CARTESIAN_POINT('',(8.403890004965,141.41017790802,
    31.237862184978));
#9527 = CARTESIAN_POINT('',(8.385713289234,141.4623973243,
    31.208208996441));
#9528 = CARTESIAN_POINT('',(8.36949003914,141.51566383008,
    31.179080589013));
#9529 = CARTESIAN_POINT('',(8.33487155052,141.64804853543,
    31.109411339701));
#9530 = CARTESIAN_POINT('',(8.318665846842,141.72822003268,
    31.069493960211));
#9531 = CARTESIAN_POINT('',(8.306934954868,141.81023845438,
    31.030939261018));
#9532 = CARTESIAN_POINT('',(8.29994590227,141.89385984186,30.99392931696
    ));
#9533 = CARTESIAN_POINT('',(8.297963364415,141.97877812725,
    30.958662353988));
#9534 = CARTESIAN_POINT('',(8.305538807009,142.17793354809,
    30.881368105782));
#9535 = CARTESIAN_POINT('',(8.318994059154,142.29287047384,
    30.84078411237));
#9536 = CARTESIAN_POINT('',(8.342152384992,142.40851888367,
    30.804096056686));
#9537 = CARTESIAN_POINT('',(8.375462531542,142.52373196597,
    30.771833179276));
#9538 = CARTESIAN_POINT('',(8.419153462976,142.63712164356,
    30.744519605529));
#9539 = CARTESIAN_POINT('',(8.513646666148,142.8302506306,
    30.706003112612));
#9540 = CARTESIAN_POINT('',(8.560106750149,142.9114553535,
    30.692490821201));
#9541 = CARTESIAN_POINT('',(8.612242694846,142.99004664012,
    30.682233186633));
#9542 = CARTESIAN_POINT('',(8.669800740791,143.06534673095,
    30.675364254297));
#9543 = CARTESIAN_POINT('',(8.732385592446,143.13671463681,
    30.671963731277));
#9544 = CARTESIAN_POINT('',(8.860689908137,143.26469766438,
    30.672088123622));
#9545 = CARTESIAN_POINT('',(8.925691788513,143.32207092719,
    30.675041759033));
#9546 = CARTESIAN_POINT('',(8.994002405104,143.37527875329,
    30.680888966245));
#9547 = CARTESIAN_POINT('',(9.065139635488,143.42400760931,
    30.689576166353));
#9548 = CARTESIAN_POINT('',(9.138586785292,143.46804814793,
    30.701004926471));
#9549 = CARTESIAN_POINT('',(9.315213641283,143.56017553884,
    30.733959599514));
#9550 = CARTESIAN_POINT('',(9.419865615864,143.6043475996,
    30.757618850291));
#9551 = CARTESIAN_POINT('',(9.526496245599,143.63953287865,
    30.785693269919));
#9552 = CARTESIAN_POINT('',(9.633943686797,143.6658405398,
    30.817771588819));
#9553 = CARTESIAN_POINT('',(9.741217193968,143.68357343473,
    30.853427822713));
#9554 = CARTESIAN_POINT('',(10.021302487568,143.70880014522,
    30.955723096151));
#9555 = CARTESIAN_POINT('',(10.192350519699,143.70262296197,
    31.027616081725));
#9556 = CARTESIAN_POINT('',(10.357494935245,143.67651606657,
    31.106236693433));
#9557 = CARTESIAN_POINT('',(10.514575063712,143.63274818192,
    31.190040864176));
#9558 = CARTESIAN_POINT('',(10.662261268815,143.57342984508,
    31.277713745918));
#9559 = CARTESIAN_POINT('',(10.907404446008,143.4427417068,
    31.439236976685));
#9560 = CARTESIAN_POINT('',(11.008764763377,143.37679752238,
    31.511933114139));
#9561 = CARTESIAN_POINT('',(11.103415295561,143.30308717398,
    31.585907648219));
#9562 = CARTESIAN_POINT('',(11.190990237681,143.22227873006,
    31.660708738733));
#9563 = CARTESIAN_POINT('',(11.271158773794,143.13495324355,
    31.735906381198));
#9564 = CARTESIAN_POINT('',(11.422353976372,142.93991978283,
    31.892918690857));
#9565 = CARTESIAN_POINT('',(11.491910296741,142.8311397211,
    31.974692922376));
#9566 = CARTESIAN_POINT('',(11.551794825046,142.71579192108,
    32.055906095797));
#9567 = CARTESIAN_POINT('',(11.601380406704,142.59441869814,
    32.135942587063));
#9568 = CARTESIAN_POINT('',(11.63993085507,142.46761096359,
    32.214079251891));
#9569 = CARTESIAN_POINT('',(11.677388216228,142.28181683516,
    32.320446643658));
#9570 = CARTESIAN_POINT('',(11.686271691957,142.22685277239,
    32.350976187175));
#9571 = CARTESIAN_POINT('',(11.693052639935,142.1711271282,
    32.380967978238));
#9572 = CARTESIAN_POINT('',(11.697655766548,142.11469665613,
    32.410349665918));
#9573 = CARTESIAN_POINT('',(11.7,142.05762826569,32.439040279457));
#9574 = CARTESIAN_POINT('',(11.7,142.,32.466950420922));
#9575 = PCURVE('',#6972,#9576);
#9576 = DEFINITIONAL_REPRESENTATION('',(#9577),#9713);
#9577 = B_SPLINE_CURVE_WITH_KNOTS('',3,(#9578,#9579,#9580,#9581,#9582,
    #9583,#9584,#9585,#9586,#9587,#9588,#9589,#9590,#9591,#9592,#9593,
    #9594,#9595,#9596,#9597,#9598,#9599,#9600,#9601,#9602,#9603,#9604,
    #9605,#9606,#9607,#9608,#9609,#9610,#9611,#9612,#9613,#9614,#9615,
    #9616,#9617,#9618,#9619,#9620,#9621,#9622,#9623,#9624,#9625,#9626,
    #9627,#9628,#9629,#9630,#9631,#9632,#9633,#9634,#9635,#9636,#9637,
    #9638,#9639,#9640,#9641,#9642,#9643,#9644,#9645,#9646,#9647,#9648,
    #9649,#9650,#9651,#9652,#9653,#9654,#9655,#9656,#9657,#9658,#9659,
    #9660,#9661,#9662,#9663,#9664,#9665,#9666,#9667,#9668,#9669,#9670,
    #9671,#9672,#9673,#9674,#9675,#9676,#9677,#9678,#9679,#9680,#9681,
    #9682,#9683,#9684,#9685,#9686,#9687,#9688,#9689,#9690,#9691,#9692,
    #9693,#9694,#9695,#9696,#9697,#9698,#9699,#9700,#9701,#9702,#9703,
    #9704,#9705,#9706,#9707,#9708,#9709,#9710,#9711,#9712),
  .UNSPECIFIED.,.F.,.F.,(4,1,1,1,1,1,1,1,1,1,1,1,1,1,1,1,1,1,1,1,1,1,1,1
    ,1,1,1,1,1,1,1,1,1,1,1,1,1,1,1,1,1,1,1,1,1,1,1,1,1,1,1,1,1,1,1,1,1,1
    ,1,1,1,1,1,1,1,1,1,1,1,1,1,1,1,1,1,1,1,1,1,1,1,1,1,1,1,1,1,1,1,1,1,1
    ,1,1,1,1,1,1,1,1,1,1,1,1,1,1,1,1,1,1,1,1,1,1,1,1,1,1,1,1,1,1,1,1,1,1
    ,1,1,1,1,1,1,4),(0.,9.326301951643E-03,1.865260390329E-02,
    2.797890585493E-02,3.730520780657E-02,4.663150975822E-02,
    5.595781170986E-02,6.52841136615E-02,7.461041561315E-02,
    8.393671756479E-02,9.326301951643E-02,0.102589321468,0.11191562342,
    0.121241925371,0.130568227323,0.139894529275,0.149220831226,
    0.158547133178,0.16787343513,0.177199737081,0.186526039033,
    0.195852340985,0.205178642936,0.214504944888,0.223831246839,
    0.233157548791,0.242483850743,0.251810152694,0.261136454646,
    0.270462756598,0.279789058549,0.289115360501,0.298441662453,
    0.307767964404,0.317094266356,0.326420568308,0.335746870259,
    0.345073172211,0.354399474162,0.363725776114,0.373052078066,
    0.382378380017,0.391704681969,0.401030983921,0.410357285872,
    0.419683587824,0.429009889776,0.438336191727,0.447662493679,
    0.456988795631,0.466315097582,0.475641399534,0.484967701485,
    0.494294003437,0.503620305389,0.51294660734,0.522272909292,
    0.531599211244,0.540925513195,0.550251815147,0.559578117099,
    0.56890441905,0.578230721002,0.587557022954,0.596883324905,
    0.606209626857,0.615535928808,0.62486223076,0.634188532712,
    0.643514834663,0.652841136615,0.662167438567,0.671493740518,
    0.68082004247,0.690146344422,0.699472646373,0.708798948325,
    0.718125250277,0.727451552228,0.73677785418,0.746104156131,
    0.755430458083,0.764756760035,0.774083061986,0.783409363938,
    0.79273566589,0.802061967841,0.811388269793,0.820714571745,
    0.830040873696,0.839367175648,0.8486934776,0.858019779551,
    0.867346081503,0.876672383454,0.885998685406,0.895324987358,
    0.904651289309,0.913977591261,0.923303893213,0.932630195164,
    0.941956497116,0.951282799068,0.960609101019,0.969935402971,
    0.979261704923,0.988588006874,0.997914308826,1.007240610777,
    1.016566912729,1.025893214681,1.035219516632,1.044545818584,
    1.053872120536,1.063198422487,1.072524724439,1.081851026391,
    1.091177328342,1.100503630294,1.109829932246,1.119156234197,
    1.128482536149,1.1378088381,1.147135140052,1.156461442004,
    1.165787743955,1.175114045907,1.184440347859,1.19376664981,
    1.203092951762,1.212419253714,1.221745555665,1.231071857617),
  .QUASI_UNIFORM_KNOTS.);
#9578 = CARTESIAN_POINT('',(-6.28318530718,-3.466950420922));
#9579 = CARTESIAN_POINT('',(-6.26768031588,-3.479715537656));
#9580 = CARTESIAN_POINT('',(-6.236497571861,-3.504840468199));
#9581 = CARTESIAN_POINT('',(-6.189176886796,-3.541165715708));
#9582 = CARTESIAN_POINT('',(-6.141279105834,-3.575987254049));
#9583 = CARTESIAN_POINT('',(-6.092781549381,-3.609147146994));
#9584 = CARTESIAN_POINT('',(-6.043666540909,-3.640478477454));
#9585 = CARTESIAN_POINT('',(-5.993922804373,-3.669805131017));
#9586 = CARTESIAN_POINT('',(-5.943544139599,-3.69694498222));
#9587 = CARTESIAN_POINT('',(-5.892536336923,-3.721708452023));
#9588 = CARTESIAN_POINT('',(-5.840925734767,-3.743900232958));
#9589 = CARTESIAN_POINT('',(-5.788747960422,-3.763329960341));
#9590 = CARTESIAN_POINT('',(-5.736052969649,-3.779815869747));
#9591 = CARTESIAN_POINT('',(-5.682907297025,-3.793190663387));
#9592 = CARTESIAN_POINT('',(-5.629391849287,-3.803308840946));
#9593 = CARTESIAN_POINT('',(-5.575605531482,-3.810053619764));
#9594 = CARTESIAN_POINT('',(-5.521653577812,-3.813344589318));
#9595 = CARTESIAN_POINT('',(-5.467649679836,-3.813141419736));
#9596 = CARTESIAN_POINT('',(-5.413704873506,-3.809445799988));
#9597 = CARTESIAN_POINT('',(-5.359943413165,-3.802303625785));
#9598 = CARTESIAN_POINT('',(-5.306466810105,-3.791800302126));
#9599 = CARTESIAN_POINT('',(-5.253365359706,-3.778054713578));
#9600 = CARTESIAN_POINT('',(-5.200718407322,-3.761214208055));
#9601 = CARTESIAN_POINT('',(-5.148597625676,-3.741449988139));
#9602 = CARTESIAN_POINT('',(-5.097066705453,-3.718953223419));
#9603 = CARTESIAN_POINT('',(-5.046139111746,-3.693907267641));
#9604 = CARTESIAN_POINT('',(-4.995837592389,-3.666505461908));
#9605 = CARTESIAN_POINT('',(-4.946168641669,-3.636937376842));
#9606 = CARTESIAN_POINT('',(-4.897128319519,-3.605386081811));
#9607 = CARTESIAN_POINT('',(-4.848714487727,-3.572033952852));
#9608 = CARTESIAN_POINT('',(-4.800898303822,-3.537040552769));
#9609 = CARTESIAN_POINT('',(-4.753652885448,-3.500558832018));
#9610 = CARTESIAN_POINT('',(-4.706949217515,-3.462732582373));
#9611 = CARTESIAN_POINT('',(-4.660756926983,-3.423696549289));
#9612 = CARTESIAN_POINT('',(-4.615043787762,-3.383575955682));
#9613 = CARTESIAN_POINT('',(-4.56977519351,-3.342485912897));
#9614 = CARTESIAN_POINT('',(-4.524914738758,-3.300532063106));
#9615 = CARTESIAN_POINT('',(-4.48042007626,-3.257806600377));
#9616 = CARTESIAN_POINT('',(-4.436265144178,-3.214410398419));
#9617 = CARTESIAN_POINT('',(-4.39240965577,-3.170424340065));
#9618 = CARTESIAN_POINT('',(-4.348816953899,-3.125926652654));
#9619 = CARTESIAN_POINT('',(-4.305451798061,-3.080991640087));
#9620 = CARTESIAN_POINT('',(-4.26228031187,-3.035690231729));
#9621 = CARTESIAN_POINT('',(-4.21926940654,-2.990089998874));
#9622 = CARTESIAN_POINT('',(-4.176386463269,-2.944255358529));
#9623 = CARTESIAN_POINT('',(-4.133598732903,-2.898247434805));
#9624 = CARTESIAN_POINT('',(-4.090873736907,-2.852124976975));
#9625 = CARTESIAN_POINT('',(-4.048175973665,-2.805941267682));
#9626 = CARTESIAN_POINT('',(-4.005477369759,-2.759755932328));
#9627 = CARTESIAN_POINT('',(-3.962749793097,-2.713627276635));
#9628 = CARTESIAN_POINT('',(-3.919960173461,-2.667607416809));
#9629 = CARTESIAN_POINT('',(-3.877078535896,-2.621751393286));
#9630 = CARTESIAN_POINT('',(-3.834075410474,-2.57611473869));
#9631 = CARTESIAN_POINT('',(-3.790922127954,-2.530754146042));
#9632 = CARTESIAN_POINT('',(-3.747590353181,-2.485727298253));
#9633 = CARTESIAN_POINT('',(-3.704051877475,-2.441092968699));
#9634 = CARTESIAN_POINT('',(-3.660278167993,-2.396910892677));
#9635 = CARTESIAN_POINT('',(-3.61624059405,-2.353242300766));
#9636 = CARTESIAN_POINT('',(-3.571908085731,-2.31014805015));
#9637 = CARTESIAN_POINT('',(-3.527258023939,-2.267699380666));
#9638 = CARTESIAN_POINT('',(-3.482264087391,-2.225966059242));
#9639 = CARTESIAN_POINT('',(-3.436901225195,-2.185021519114));
#9640 = CARTESIAN_POINT('',(-3.391144880665,-2.144942217146));
#9641 = CARTESIAN_POINT('',(-3.3449724284,-2.105808924843));
#9642 = CARTESIAN_POINT('',(-3.298361843972,-2.067705584392));
#9643 = CARTESIAN_POINT('',(-3.251293341162,-2.030720549262));
#9644 = CARTESIAN_POINT('',(-3.203749775221,-1.994946634709));
#9645 = CARTESIAN_POINT('',(-3.155716154209,-1.960480392874));
#9646 = CARTESIAN_POINT('',(-3.107180669361,-1.927422354316));
#9647 = CARTESIAN_POINT('',(-3.058131110772,-1.89587417921));
#9648 = CARTESIAN_POINT('',(-3.008562947897,-1.865943575741));
#9649 = CARTESIAN_POINT('',(-2.958480232604,-1.837742846605));
#9650 = CARTESIAN_POINT('',(-2.907890147584,-1.811384240548));
#9651 = CARTESIAN_POINT('',(-2.8568048608,-1.786979946256));
#9652 = CARTESIAN_POINT('',(-2.805241699294,-1.764640689198));
#9653 = CARTESIAN_POINT('',(-2.753223813518,-1.744474446026));
#9654 = CARTESIAN_POINT('',(-2.700781903287,-1.72658521271));
#9655 = CARTESIAN_POINT('',(-2.647952850578,-1.711070567128));
#9656 = CARTESIAN_POINT('',(-2.594781694904,-1.698020172317));
#9657 = CARTESIAN_POINT('',(-2.541326563036,-1.687514027457));
#9658 = CARTESIAN_POINT('',(-2.487644372637,-1.679617085077));
#9659 = CARTESIAN_POINT('',(-2.433796180846,-1.674379729576));
#9660 = CARTESIAN_POINT('',(-2.379847160651,-1.671836430049));
#9661 = CARTESIAN_POINT('',(-2.325871343707,-1.672004136103));
#9662 = CARTESIAN_POINT('',(-2.271931826321,-1.674881620472));
#9663 = CARTESIAN_POINT('',(-2.218101301968,-1.680449679571));
#9664 = CARTESIAN_POINT('',(-2.164444164919,-1.688672030452));
#9665 = CARTESIAN_POINT('',(-2.1110211663,-1.699496402418));
#9666 = CARTESIAN_POINT('',(-2.057890981773,-1.712855345953));
#9667 = CARTESIAN_POINT('',(-2.005108819614,-1.728667902201));
#9668 = CARTESIAN_POINT('',(-1.952716157031,-1.746844184837));
#9669 = CARTESIAN_POINT('',(-1.900751455718,-1.767285198151));
#9670 = CARTESIAN_POINT('',(-1.849243832485,-1.789886603873));
#9671 = CARTESIAN_POINT('',(-1.798216367617,-1.814539766036));
#9672 = CARTESIAN_POINT('',(-1.747686238941,-1.84113346345));
#9673 = CARTESIAN_POINT('',(-1.697666384639,-1.869554540174));
#9674 = CARTESIAN_POINT('',(-1.648162723298,-1.899691099744));
#9675 = CARTESIAN_POINT('',(-1.599188574535,-1.931424249889));
#9676 = CARTESIAN_POINT('',(-1.550731192834,-1.964650737839));
#9677 = CARTESIAN_POINT('',(-1.502776113092,-1.999270407453));
#9678 = CARTESIAN_POINT('',(-1.455307963472,-2.035185537376));
#9679 = CARTESIAN_POINT('',(-1.408310209177,-2.072301300928));
#9680 = CARTESIAN_POINT('',(-1.361765148001,-2.110525935874));
#9681 = CARTESIAN_POINT('',(-1.31565380108,-2.149771000969));
#9682 = CARTESIAN_POINT('',(-1.269955786428,-2.189951623491));
#9683 = CARTESIAN_POINT('',(-1.224649170822,-2.230986744084));
#9684 = CARTESIAN_POINT('',(-1.179710225689,-2.272799429392));
#9685 = CARTESIAN_POINT('',(-1.135113389638,-2.315316964201));
#9686 = CARTESIAN_POINT('',(-1.090830306868,-2.358471805786));
#9687 = CARTESIAN_POINT('',(-1.046832171274,-2.402199357934));
#9688 = CARTESIAN_POINT('',(-1.003097394531,-2.446429747708));
#9689 = CARTESIAN_POINT('',(-0.959594474522,-2.49110478241));
#9690 = CARTESIAN_POINT('',(-0.91629511906,-2.536164723521));
#9691 = CARTESIAN_POINT('',(-0.873170678187,-2.581551433412));
#9692 = CARTESIAN_POINT('',(-0.830192696726,-2.627207514959));
#9693 = CARTESIAN_POINT('',(-0.787332435025,-2.673076465434));
#9694 = CARTESIAN_POINT('',(-0.744560454106,-2.719102791664));
#9695 = CARTESIAN_POINT('',(-0.701846964938,-2.765231277165));
#9696 = CARTESIAN_POINT('',(-0.659158980362,-2.811409691375));
#9697 = CARTESIAN_POINT('',(-0.616469353487,-2.857578588418));
#9698 = CARTESIAN_POINT('',(-0.573748637616,-2.903679717691));
#9699 = CARTESIAN_POINT('',(-0.530961515165,-2.949659430124));
#9700 = CARTESIAN_POINT('',(-0.488075329471,-2.995458945848));
#9701 = CARTESIAN_POINT('',(-0.445057290762,-3.041016903854));
#9702 = CARTESIAN_POINT('',(-0.40187474327,-3.086268588792));
#9703 = CARTESIAN_POINT('',(-0.358494593131,-3.131146038582));
#9704 = CARTESIAN_POINT('',(-0.314883010007,-3.175577822979));
#9705 = CARTESIAN_POINT('',(-0.271004748674,-3.219489128851));
#9706 = CARTESIAN_POINT('',(-0.226823492126,-3.262800819023));
#9707 = CARTESIAN_POINT('',(-0.182298167963,-3.305432161501));
#9708 = CARTESIAN_POINT('',(-0.137397582277,-3.34728631761));
#9709 = CARTESIAN_POINT('',(-9.208562092835E-02,-3.388264093939));
#9710 = CARTESIAN_POINT('',(-4.632669383854E-02,-3.428259055292));
#9711 = CARTESIAN_POINT('',(-1.549963316144E-02,-3.454188384776));
#9712 = CARTESIAN_POINT('',(8.881784197001E-16,-3.466950420922));
#9713 = ( GEOMETRIC_REPRESENTATION_CONTEXT(2) 
PARAMETRIC_REPRESENTATION_CONTEXT() REPRESENTATION_CONTEXT('2D SPACE',''
  ) );
#9714 = PCURVE('',#9715,#9734);
#9715 = B_SPLINE_SURFACE_WITH_KNOTS('',8,1,(
    (#9716,#9717)
    ,(#9718,#9719)
    ,(#9720,#9721)
    ,(#9722,#9723)
    ,(#9724,#9725)
    ,(#9726,#9727)
    ,(#9728,#9729)
    ,(#9730,#9731)
    ,(#9732,#9733
    )),.UNSPECIFIED.,.F.,.F.,.F.,(9,9),(2,2),(1.570796326795,
    3.14159265359),(0.,1.),.PIECEWISE_BEZIER_KNOTS.);
#9716 = CARTESIAN_POINT('',(14.,149.6,28.));
#9717 = CARTESIAN_POINT('',(32.,138.,40.));
#9718 = CARTESIAN_POINT('',(11.722345326147,149.59999999999,28.));
#9719 = CARTESIAN_POINT('',(28.465708264711,137.99999999999,40.));
#9720 = CARTESIAN_POINT('',(9.444689935351,149.08889484805,
    28.000000000001));
#9721 = CARTESIAN_POINT('',(24.931415416925,137.2069057987,
    40.000000000001));
#9722 = CARTESIAN_POINT('',(7.300846481713,148.0666895641,
    27.999999999999));
#9723 = CARTESIAN_POINT('',(21.604761781968,135.62072518568,
    39.999999999999));
#9724 = CARTESIAN_POINT('',(5.424598432954,146.57540156705,
    28.000000000001));
#9725 = CARTESIAN_POINT('',(18.693342395963,133.30665760404,
    40.000000000001));
#9726 = CARTESIAN_POINT('',(3.933310435891,144.69915351828,
    27.999999999999));
#9727 = CARTESIAN_POINT('',(16.379274814314,130.39523821802,
    39.999999999999));
#9728 = CARTESIAN_POINT('',(2.91110515195,142.55531006465,28.));
#9729 = CARTESIAN_POINT('',(14.793094201302,127.06858458307,40.));
#9730 = CARTESIAN_POINT('',(2.4,140.27765467385,28.));
#9731 = CARTESIAN_POINT('',(14.,123.53429173528,40.));
#9732 = CARTESIAN_POINT('',(2.4,138.,28.));
#9733 = CARTESIAN_POINT('',(14.,120.,40.));
#9734 = DEFINITIONAL_REPRESENTATION('',(#9735),#9871);
#9735 = B_SPLINE_CURVE_WITH_KNOTS('',3,(#9736,#9737,#9738,#9739,#9740,
    #9741,#9742,#9743,#9744,#9745,#9746,#9747,#9748,#9749,#9750,#9751,
    #9752,#9753,#9754,#9755,#9756,#9757,#9758,#9759,#9760,#9761,#9762,
    #9763,#9764,#9765,#9766,#9767,#9768,#9769,#9770,#9771,#9772,#9773,
    #9774,#9775,#9776,#9777,#9778,#9779,#9780,#9781,#9782,#9783,#9784,
    #9785,#9786,#9787,#9788,#9789,#9790,#9791,#9792,#9793,#9794,#9795,
    #9796,#9797,#9798,#9799,#9800,#9801,#9802,#9803,#9804,#9805,#9806,
    #9807,#9808,#9809,#9810,#9811,#9812,#9813,#9814,#9815,#9816,#9817,
    #9818,#9819,#9820,#9821,#9822,#9823,#9824,#9825,#9826,#9827,#9828,
    #9829,#9830,#9831,#9832,#9833,#9834,#9835,#9836,#9837,#9838,#9839,
    #9840,#9841,#9842,#9843,#9844,#9845,#9846,#9847,#9848,#9849,#9850,
    #9851,#9852,#9853,#9854,#9855,#9856,#9857,#9858,#9859,#9860,#9861,
    #9862,#9863,#9864,#9865,#9866,#9867,#9868,#9869,#9870),
  .UNSPECIFIED.,.F.,.F.,(4,1,1,1,1,1,1,1,1,1,1,1,1,1,1,1,1,1,1,1,1,1,1,1
    ,1,1,1,1,1,1,1,1,1,1,1,1,1,1,1,1,1,1,1,1,1,1,1,1,1,1,1,1,1,1,1,1,1,1
    ,1,1,1,1,1,1,1,1,1,1,1,1,1,1,1,1,1,1,1,1,1,1,1,1,1,1,1,1,1,1,1,1,1,1
    ,1,1,1,1,1,1,1,1,1,1,1,1,1,1,1,1,1,1,1,1,1,1,1,1,1,1,1,1,1,1,1,1,1,1
    ,1,1,1,1,1,1,4),(0.,9.326301951643E-03,1.865260390329E-02,
    2.797890585493E-02,3.730520780657E-02,4.663150975822E-02,
    5.595781170986E-02,6.52841136615E-02,7.461041561315E-02,
    8.393671756479E-02,9.326301951643E-02,0.102589321468,0.11191562342,
    0.121241925371,0.130568227323,0.139894529275,0.149220831226,
    0.158547133178,0.16787343513,0.177199737081,0.186526039033,
    0.195852340985,0.205178642936,0.214504944888,0.223831246839,
    0.233157548791,0.242483850743,0.251810152694,0.261136454646,
    0.270462756598,0.279789058549,0.289115360501,0.298441662453,
    0.307767964404,0.317094266356,0.326420568308,0.335746870259,
    0.345073172211,0.354399474162,0.363725776114,0.373052078066,
    0.382378380017,0.391704681969,0.401030983921,0.410357285872,
    0.419683587824,0.429009889776,0.438336191727,0.447662493679,
    0.456988795631,0.466315097582,0.475641399534,0.484967701485,
    0.494294003437,0.503620305389,0.51294660734,0.522272909292,
    0.531599211244,0.540925513195,0.550251815147,0.559578117099,
    0.56890441905,0.578230721002,0.587557022954,0.596883324905,
    0.606209626857,0.615535928808,0.62486223076,0.634188532712,
    0.643514834663,0.652841136615,0.662167438567,0.671493740518,
    0.68082004247,0.690146344422,0.699472646373,0.708798948325,
    0.718125250277,0.727451552228,0.73677785418,0.746104156131,
    0.755430458083,0.764756760035,0.774083061986,0.783409363938,
    0.79273566589,0.802061967841,0.811388269793,0.820714571745,
    0.830040873696,0.839367175648,0.8486934776,0.858019779551,
    0.867346081503,0.876672383454,0.885998685406,0.895324987358,
    0.904651289309,0.913977591261,0.923303893213,0.932630195164,
    0.941956497116,0.951282799068,0.960609101019,0.969935402971,
    0.979261704923,0.988588006874,0.997914308826,1.007240610777,
    1.016566912729,1.025893214681,1.035219516632,1.044545818584,
    1.053872120536,1.063198422487,1.072524724439,1.081851026391,
    1.091177328342,1.100503630294,1.109829932246,1.119156234197,
    1.128482536149,1.1378088381,1.147135140052,1.156461442004,
    1.165787743955,1.175114045907,1.184440347859,1.19376664981,
    1.203092951762,1.212419253714,1.221745555665,1.231071857617),
  .QUASI_UNIFORM_KNOTS.);
#9736 = CARTESIAN_POINT('',(2.270117025042,0.37224586841));
#9737 = CARTESIAN_POINT('',(2.271496945613,0.373309628101));
#9738 = CARTESIAN_POINT('',(2.274328185922,0.375403372302));
#9739 = CARTESIAN_POINT('',(2.278787672011,0.378430476327));
#9740 = CARTESIAN_POINT('',(2.283458603923,0.381332271205));
#9741 = CARTESIAN_POINT('',(2.288338429593,0.384095595551));
#9742 = CARTESIAN_POINT('',(2.293423515667,0.386706539764));
#9743 = CARTESIAN_POINT('',(2.298708815416,0.389150427664));
#9744 = CARTESIAN_POINT('',(2.304187890735,0.391412081746));
#9745 = CARTESIAN_POINT('',(2.30985204373,0.393475704707));
#9746 = CARTESIAN_POINT('',(2.315689154363,0.395325019143));
#9747 = CARTESIAN_POINT('',(2.321684824833,0.396944163337));
#9748 = CARTESIAN_POINT('',(2.327821749886,0.398317989433));
#9749 = CARTESIAN_POINT('',(2.334079449673,0.399432555187));
#9750 = CARTESIAN_POINT('',(2.340434587397,0.400275736769));
#9751 = CARTESIAN_POINT('',(2.34686066347,0.400837801651));
#9752 = CARTESIAN_POINT('',(2.353329630073,0.4011120491));
#9753 = CARTESIAN_POINT('',(2.359811933464,0.401095118254));
#9754 = CARTESIAN_POINT('',(2.366278178088,0.40078714998));
#9755 = CARTESIAN_POINT('',(2.372697580416,0.400191968887));
#9756 = CARTESIAN_POINT('',(2.379042621701,0.399316691817));
#9757 = CARTESIAN_POINT('',(2.385287929814,0.398171226066));
#9758 = CARTESIAN_POINT('',(2.391410458302,0.396767850771));
#9759 = CARTESIAN_POINT('',(2.397389252882,0.395120832281));
#9760 = CARTESIAN_POINT('',(2.403205646011,0.393246102182));
#9761 = CARTESIAN_POINT('',(2.408847940156,0.391158938825));
#9762 = CARTESIAN_POINT('',(2.414304523678,0.388875455142));
#9763 = CARTESIAN_POINT('',(2.419566722028,0.386411448235));
#9764 = CARTESIAN_POINT('',(2.424627953631,0.383782173454));
#9765 = CARTESIAN_POINT('',(2.429482383652,0.3810028295));
#9766 = CARTESIAN_POINT('',(2.434127636941,0.37808671271));
#9767 = CARTESIAN_POINT('',(2.438561643308,0.375046569273));
#9768 = CARTESIAN_POINT('',(2.442782995348,0.371894381859));
#9769 = CARTESIAN_POINT('',(2.446790767542,0.368641379168));
#9770 = CARTESIAN_POINT('',(2.45058447191,0.365297996335));
#9771 = CARTESIAN_POINT('',(2.454163994329,0.361873825995));
#9772 = CARTESIAN_POINT('',(2.457529457676,0.358377671901));
#9773 = CARTESIAN_POINT('',(2.460681381183,0.354817216692));
#9774 = CARTESIAN_POINT('',(2.463619096342,0.351200866424));
#9775 = CARTESIAN_POINT('',(2.466342884409,0.347535361659));
#9776 = CARTESIAN_POINT('',(2.468852598913,0.343827221121));
#9777 = CARTESIAN_POINT('',(2.471147841323,0.340082636724));
#9778 = CARTESIAN_POINT('',(2.473227949788,0.336307519283));
#9779 = CARTESIAN_POINT('',(2.475092027282,0.332507499838));
#9780 = CARTESIAN_POINT('',(2.476738946751,0.328687946525));
#9781 = CARTESIAN_POINT('',(2.478167356198,0.32485395297));
#9782 = CARTESIAN_POINT('',(2.479375654018,0.321010414806));
#9783 = CARTESIAN_POINT('',(2.480362029956,0.317161772307));
#9784 = CARTESIAN_POINT('',(2.481124218579,0.313312994301));
#9785 = CARTESIAN_POINT('',(2.481659790695,0.309468939674));
#9786 = CARTESIAN_POINT('',(2.481966144129,0.305633951428));
#9787 = CARTESIAN_POINT('',(2.482040380876,0.301812616155));
#9788 = CARTESIAN_POINT('',(2.481879390725,0.298009561565));
#9789 = CARTESIAN_POINT('',(2.481479873381,0.294229512131));
#9790 = CARTESIAN_POINT('',(2.480838370105,0.290477274817));
#9791 = CARTESIAN_POINT('',(2.479951288285,0.286757747407));
#9792 = CARTESIAN_POINT('',(2.478814913785,0.283075907784));
#9793 = CARTESIAN_POINT('',(2.477425447807,0.279436858405));
#9794 = CARTESIAN_POINT('',(2.475778925977,0.275845670855));
#9795 = CARTESIAN_POINT('',(2.473871703047,0.27230828173));
#9796 = CARTESIAN_POINT('',(2.471700123868,0.268830504905));
#9797 = CARTESIAN_POINT('',(2.469260733432,0.265418459993));
#9798 = CARTESIAN_POINT('',(2.466550332421,0.262078517944));
#9799 = CARTESIAN_POINT('',(2.463566147429,0.258817411083));
#9800 = CARTESIAN_POINT('',(2.460305862563,0.255642132024));
#9801 = CARTESIAN_POINT('',(2.456767822322,0.252560045214));
#9802 = CARTESIAN_POINT('',(2.452951210737,0.249578886292));
#9803 = CARTESIAN_POINT('',(2.448856154179,0.246706700125));
#9804 = CARTESIAN_POINT('',(2.444483952443,0.243951862688));
#9805 = CARTESIAN_POINT('',(2.43983687328,0.241322848283));
#9806 = CARTESIAN_POINT('',(2.434919036218,0.238828631293));
#9807 = CARTESIAN_POINT('',(2.429736769142,0.236478570575));
#9808 = CARTESIAN_POINT('',(2.424298231961,0.234282020047));
#9809 = CARTESIAN_POINT('',(2.418613707128,0.232248328841));
#9810 = CARTESIAN_POINT('',(2.412695728146,0.230386724098));
#9811 = CARTESIAN_POINT('',(2.406559230172,0.22870620385));
#9812 = CARTESIAN_POINT('',(2.40022180542,0.227215434382));
#9813 = CARTESIAN_POINT('',(2.393703544515,0.225922547294));
#9814 = CARTESIAN_POINT('',(2.387027236435,0.224835014351));
#9815 = CARTESIAN_POINT('',(2.380218915368,0.223959502267));
#9816 = CARTESIAN_POINT('',(2.373305879141,0.223301423789));
#9817 = CARTESIAN_POINT('',(2.366317092657,0.222864977437));
#9818 = CARTESIAN_POINT('',(2.359282905674,0.222653035884));
#9819 = CARTESIAN_POINT('',(2.352235347438,0.222667011107));
#9820 = CARTESIAN_POINT('',(2.345205181386,0.222906801328));
#9821 = CARTESIAN_POINT('',(2.338224213976,0.223370807062));
#9822 = CARTESIAN_POINT('',(2.331322607376,0.224056002667));
#9823 = CARTESIAN_POINT('',(2.324529163857,0.22495803297));
#9824 = CARTESIAN_POINT('',(2.31787123469,0.226071278958));
#9825 = CARTESIAN_POINT('',(2.311374294633,0.227388991803));
#9826 = CARTESIAN_POINT('',(2.305060495738,0.22890368208));
#9827 = CARTESIAN_POINT('',(2.29894992057,0.23060709985));
#9828 = CARTESIAN_POINT('',(2.293059758784,0.23249055032));
#9829 = CARTESIAN_POINT('',(2.287404726241,0.234544980503));
#9830 = CARTESIAN_POINT('',(2.281997130883,0.236761121945));
#9831 = CARTESIAN_POINT('',(2.276847121967,0.239129545057));
#9832 = CARTESIAN_POINT('',(2.271962530857,0.241640924816));
#9833 = CARTESIAN_POINT('',(2.267350334036,0.244285355269));
#9834 = CARTESIAN_POINT('',(2.263013598813,0.247054229149));
#9835 = CARTESIAN_POINT('',(2.25895422222,0.249939200628));
#9836 = CARTESIAN_POINT('',(2.255173072435,0.252932127319));
#9837 = CARTESIAN_POINT('',(2.251670080199,0.256025107645));
#9838 = CARTESIAN_POINT('',(2.248444344104,0.259210494616));
#9839 = CARTESIAN_POINT('',(2.245494232435,0.262480917458));
#9840 = CARTESIAN_POINT('',(2.242817485722,0.265829302757));
#9841 = CARTESIAN_POINT('',(2.24041131946,0.269248895398));
#9842 = CARTESIAN_POINT('',(2.238272523774,0.272733284874));
#9843 = CARTESIAN_POINT('',(2.236397572315,0.276276412648));
#9844 = CARTESIAN_POINT('',(2.234782693235,0.279872650649));
#9845 = CARTESIAN_POINT('',(2.233424077518,0.283516613133));
#9846 = CARTESIAN_POINT('',(2.232318099241,0.287202479017));
#9847 = CARTESIAN_POINT('',(2.231460854292,0.290925398524));
#9848 = CARTESIAN_POINT('',(2.230848651768,0.294680393601));
#9849 = CARTESIAN_POINT('',(2.230477905177,0.298462619444));
#9850 = CARTESIAN_POINT('',(2.230345179137,0.302267292936));
#9851 = CARTESIAN_POINT('',(2.23044720009,0.306089705474));
#9852 = CARTESIAN_POINT('',(2.23078088793,0.309925232617));
#9853 = CARTESIAN_POINT('',(2.231343371967,0.313769273065));
#9854 = CARTESIAN_POINT('',(2.232132080164,0.317617474271));
#9855 = CARTESIAN_POINT('',(2.233144582,0.321464882441));
#9856 = CARTESIAN_POINT('',(2.234378664451,0.32530664322));
#9857 = CARTESIAN_POINT('',(2.235832548585,0.329138285824));
#9858 = CARTESIAN_POINT('',(2.23750466917,0.332954912076));
#9859 = CARTESIAN_POINT('',(2.23939370748,0.336751408617));
#9860 = CARTESIAN_POINT('',(2.24149856736,0.340522382451));
#9861 = CARTESIAN_POINT('',(2.243818379278,0.344262169963));
#9862 = CARTESIAN_POINT('',(2.246352502897,0.347964818581));
#9863 = CARTESIAN_POINT('',(2.249100560898,0.351624093953));
#9864 = CARTESIAN_POINT('',(2.252062402194,0.355233401538));
#9865 = CARTESIAN_POINT('',(2.255238368934,0.358786013479));
#9866 = CARTESIAN_POINT('',(2.258628206438,0.362273859808));
#9867 = CARTESIAN_POINT('',(2.26223199982,0.365688674471));
#9868 = CARTESIAN_POINT('',(2.266049792817,0.369021587963));
#9869 = CARTESIAN_POINT('',(2.26873753578,0.371182365418));
#9870 = CARTESIAN_POINT('',(2.270117025042,0.37224586841));
#9871 = ( GEOMETRIC_REPRESENTATION_CONTEXT(2) 
PARAMETRIC_REPRESENTATION_CONTEXT() REPRESENTATION_CONTEXT('2D SPACE',''
  ) );
#9872 = ORIENTED_EDGE('',*,*,#9873,.T.);
#9873 = EDGE_CURVE('',#9479,#6952,#9874,.T.);
#9874 = SEAM_CURVE('',#9875,(#9879,#9886),.PCURVE_S1.);
#9875 = LINE('',#9876,#9877);
#9876 = CARTESIAN_POINT('',(11.7,142.,29.));
#9877 = VECTOR('',#9878,1.);
#9878 = DIRECTION('',(0.,0.,1.));
#9879 = PCURVE('',#6972,#9880);
#9880 = DEFINITIONAL_REPRESENTATION('',(#9881),#9885);
#9881 = LINE('',#9882,#9883);
#9882 = CARTESIAN_POINT('',(-0.,0.));
#9883 = VECTOR('',#9884,1.);
#9884 = DIRECTION('',(-0.,-1.));
#9885 = ( GEOMETRIC_REPRESENTATION_CONTEXT(2) 
PARAMETRIC_REPRESENTATION_CONTEXT() REPRESENTATION_CONTEXT('2D SPACE',''
  ) );
#9886 = PCURVE('',#6972,#9887);
#9887 = DEFINITIONAL_REPRESENTATION('',(#9888),#9892);
#9888 = LINE('',#9889,#9890);
#9889 = CARTESIAN_POINT('',(-6.28318530718,0.));
#9890 = VECTOR('',#9891,1.);
#9891 = DIRECTION('',(-0.,-1.));
#9892 = ( GEOMETRIC_REPRESENTATION_CONTEXT(2) 
PARAMETRIC_REPRESENTATION_CONTEXT() REPRESENTATION_CONTEXT('2D SPACE',''
  ) );
#9893 = ORIENTED_EDGE('',*,*,#6951,.F.);
#9894 = ORIENTED_EDGE('',*,*,#9873,.F.);
#9895 = ADVANCED_FACE('',(#9896),#7129,.T.);
#9896 = FACE_BOUND('',#9897,.T.);
#9897 = EDGE_LOOP('',(#9898,#9899,#9900,#9921));
#9898 = ORIENTED_EDGE('',*,*,#7353,.T.);
#9899 = ORIENTED_EDGE('',*,*,#7301,.T.);
#9900 = ORIENTED_EDGE('',*,*,#9901,.F.);
#9901 = EDGE_CURVE('',#7114,#7302,#9902,.T.);
#9902 = SURFACE_CURVE('',#9903,(#9907,#9914),.PCURVE_S1.);
#9903 = LINE('',#9904,#9905);
#9904 = CARTESIAN_POINT('',(8.3486315613,76.,35.2));
#9905 = VECTOR('',#9906,1.);
#9906 = DIRECTION('',(0.,0.,1.));
#9907 = PCURVE('',#7129,#9908);
#9908 = DEFINITIONAL_REPRESENTATION('',(#9909),#9913);
#9909 = LINE('',#9910,#9911);
#9910 = CARTESIAN_POINT('',(3.3486315613,0.));
#9911 = VECTOR('',#9912,1.);
#9912 = DIRECTION('',(0.,-1.));
#9913 = ( GEOMETRIC_REPRESENTATION_CONTEXT(2) 
PARAMETRIC_REPRESENTATION_CONTEXT() REPRESENTATION_CONTEXT('2D SPACE',''
  ) );
#9914 = PCURVE('',#7157,#9915);
#9915 = DEFINITIONAL_REPRESENTATION('',(#9916),#9920);
#9916 = LINE('',#9917,#9918);
#9917 = CARTESIAN_POINT('',(0.,0.));
#9918 = VECTOR('',#9919,1.);
#9919 = DIRECTION('',(0.,-1.));
#9920 = ( GEOMETRIC_REPRESENTATION_CONTEXT(2) 
PARAMETRIC_REPRESENTATION_CONTEXT() REPRESENTATION_CONTEXT('2D SPACE',''
  ) );
#9921 = ORIENTED_EDGE('',*,*,#7113,.F.);
#9922 = ADVANCED_FACE('',(#9923),#7157,.T.);
#9923 = FACE_BOUND('',#9924,.T.);
#9924 = EDGE_LOOP('',(#9925,#9926,#9927,#9928));
#9925 = ORIENTED_EDGE('',*,*,#9901,.T.);
#9926 = ORIENTED_EDGE('',*,*,#7324,.T.);
#9927 = ORIENTED_EDGE('',*,*,#7251,.F.);
#9928 = ORIENTED_EDGE('',*,*,#7141,.F.);
#9929 = ADVANCED_FACE('',(#9930),#7213,.F.);
#9930 = FACE_BOUND('',#9931,.T.);
#9931 = EDGE_LOOP('',(#9932,#9963,#10165,#10186,#10187,#10188));
#9932 = ORIENTED_EDGE('',*,*,#9933,.F.);
#9933 = EDGE_CURVE('',#9934,#9936,#9938,.T.);
#9934 = VERTEX_POINT('',#9935);
#9935 = CARTESIAN_POINT('',(3.366666666667,76.471404520791,29.));
#9936 = VERTEX_POINT('',#9937);
#9937 = CARTESIAN_POINT('',(3.366666666667,75.528595479209,29.));
#9938 = SURFACE_CURVE('',#9939,(#9944,#9951),.PCURVE_S1.);
#9939 = CIRCLE('',#9940,1.7);
#9940 = AXIS2_PLACEMENT_3D('',#9941,#9942,#9943);
#9941 = CARTESIAN_POINT('',(5.,76.,29.));
#9942 = DIRECTION('',(0.,0.,1.));
#9943 = DIRECTION('',(1.,0.,0.));
#9944 = PCURVE('',#7213,#9945);
#9945 = DEFINITIONAL_REPRESENTATION('',(#9946),#9950);
#9946 = LINE('',#9947,#9948);
#9947 = CARTESIAN_POINT('',(-0.,0.));
#9948 = VECTOR('',#9949,1.);
#9949 = DIRECTION('',(-1.,0.));
#9950 = ( GEOMETRIC_REPRESENTATION_CONTEXT(2) 
PARAMETRIC_REPRESENTATION_CONTEXT() REPRESENTATION_CONTEXT('2D SPACE',''
  ) );
#9951 = PCURVE('',#9952,#9957);
#9952 = PLANE('',#9953);
#9953 = AXIS2_PLACEMENT_3D('',#9954,#9955,#9956);
#9954 = CARTESIAN_POINT('',(5.,76.,29.));
#9955 = DIRECTION('',(0.,0.,1.));
#9956 = DIRECTION('',(1.,0.,-0.));
#9957 = DEFINITIONAL_REPRESENTATION('',(#9958),#9962);
#9958 = CIRCLE('',#9959,1.7);
#9959 = AXIS2_PLACEMENT_2D('',#9960,#9961);
#9960 = CARTESIAN_POINT('',(0.,0.));
#9961 = DIRECTION('',(1.,0.));
#9962 = ( GEOMETRIC_REPRESENTATION_CONTEXT(2) 
PARAMETRIC_REPRESENTATION_CONTEXT() REPRESENTATION_CONTEXT('2D SPACE',''
  ) );
#9963 = ORIENTED_EDGE('',*,*,#9964,.T.);
#9964 = EDGE_CURVE('',#9934,#9965,#9967,.T.);
#9965 = VERTEX_POINT('',#9966);
#9966 = CARTESIAN_POINT('',(6.7,76.,32.448275862069));
#9967 = SURFACE_CURVE('',#9968,(#10014,#10087),.PCURVE_S1.);
#9968 = B_SPLINE_CURVE_WITH_KNOTS('',6,(#9969,#9970,#9971,#9972,#9973,
    #9974,#9975,#9976,#9977,#9978,#9979,#9980,#9981,#9982,#9983,#9984,
    #9985,#9986,#9987,#9988,#9989,#9990,#9991,#9992,#9993,#9994,#9995,
    #9996,#9997,#9998,#9999,#10000,#10001,#10002,#10003,#10004,#10005,
    #10006,#10007,#10008,#10009,#10010,#10011,#10012,#10013),
  .UNSPECIFIED.,.F.,.F.,(7,5,5,5,5,5,3,5,5,7),(6.279283473794E-07,
    0.21253416993,0.337209705898,0.428242587045,0.659533826012,
    0.8941381972,1.,1.251814091288,1.374266807079,1.614419226368),
  .UNSPECIFIED.);
#9969 = CARTESIAN_POINT('',(3.366666666667,76.471404520791,29.));
#9970 = CARTESIAN_POINT('',(3.399385290422,76.584768768341,
    29.033846852161));
#9971 = CARTESIAN_POINT('',(3.441183911417,76.694152705295,
    29.077086804914));
#9972 = CARTESIAN_POINT('',(3.491286986452,76.798350097192,
    29.128917572192));
#9973 = CARTESIAN_POINT('',(3.548714285659,76.896589540137,
    29.188325123096));
#9974 = CARTESIAN_POINT('',(3.612511272069,76.98839356629,
    29.254322005589));
#9975 = CARTESIAN_POINT('',(3.722477904289,77.123424595218,
    29.368080590644));
#9976 = CARTESIAN_POINT('',(3.765035434773,77.171048093142,
    29.412105622179));
#9977 = CARTESIAN_POINT('',(3.809324126534,77.216321206036,
    29.457921510207));
#9978 = CARTESIAN_POINT('',(3.855185136508,77.259213584821,
    29.505363934318));
#9979 = CARTESIAN_POINT('',(3.90247210264,77.299709083355,
    29.554281485489));
#9980 = CARTESIAN_POINT('',(3.986526145692,77.365614370603,
    29.641233943819));
#9981 = CARTESIAN_POINT('',(4.022688196649,77.39214572174,
    29.678642962051));
#9982 = CARTESIAN_POINT('',(4.059488462694,77.417392745544,
    29.716712202787));
#9983 = CARTESIAN_POINT('',(4.096878361175,77.441354269054,
    29.755391408112));
#9984 = CARTESIAN_POINT('',(4.13481222545,77.464030393132,
    29.794633336673));
#9985 = CARTESIAN_POINT('',(4.270900999143,77.539774338707,29.9354148267
    ));
#9986 = CARTESIAN_POINT('',(4.371775746243,77.585828639402,
    30.039768013355));
#9987 = CARTESIAN_POINT('',(4.475194700343,77.623621674825,
    30.146753138286));
#9988 = CARTESIAN_POINT('',(4.58054033205,77.653169822583,
    30.255731377983));
#9989 = CARTESIAN_POINT('',(4.687242232805,77.674490356703,
    30.366112654625));
#9990 = CARTESIAN_POINT('',(4.903858074937,77.700832361152,
    30.590198008556));
#9991 = CARTESIAN_POINT('',(5.01377220951,77.705613117632,30.7039022857)
  );
#9992 = CARTESIAN_POINT('',(5.123972050389,77.701899726671,
    30.817902121092));
#9993 = CARTESIAN_POINT('',(5.233872707529,77.689641183738,
    30.931592456065));
#9994 = CARTESIAN_POINT('',(5.342850870023,77.668788783033,
    31.044328486231));
#9995 = CARTESIAN_POINT('',(5.498699904597,77.625983937661,
    31.205551625445));
#9996 = CARTESIAN_POINT('',(5.5468323997,77.610915632904,31.255343861759
    ));
#9997 = CARTESIAN_POINT('',(5.594575744552,77.594084303488,
    31.304733528847));
#9998 = CARTESIAN_POINT('',(5.7543456009,77.531252398829,31.470012690587
    ));
#9999 = CARTESIAN_POINT('',(5.908102644936,77.44826889789,
    31.629071701658));
#10000 = CARTESIAN_POINT('',(6.052993036337,77.345216825336,
    31.778958313452));
#10001 = CARTESIAN_POINT('',(6.149439717013,77.262874990974,
    31.878730741738));
#10002 = CARTESIAN_POINT('',(6.239049117997,77.171107493114,
    31.971430122066));
#10003 = CARTESIAN_POINT('',(6.360138610048,77.021753593799,
    32.096695113843));
#10004 = CARTESIAN_POINT('',(6.397829832839,76.970828820916,
    32.135686033972));
#10005 = CARTESIAN_POINT('',(6.433442487828,76.917930298538,
    32.172526711547));
#10006 = CARTESIAN_POINT('',(6.466825486637,76.863162105022,
    32.207060848245));
#10007 = CARTESIAN_POINT('',(6.497832891751,76.806650302504,
    32.239137474225));
#10008 = CARTESIAN_POINT('',(6.582213533116,76.634593358751,
    32.326427792878));
#10009 = CARTESIAN_POINT('',(6.628463462746,76.514464107327,
    32.374272547668));
#10010 = CARTESIAN_POINT('',(6.663986409305,76.389387451014,
    32.411020423419));
#10011 = CARTESIAN_POINT('',(6.688000962663,76.260809329604,
    32.435863064823));
#10012 = CARTESIAN_POINT('',(6.7,76.130376373242,32.448275862069));
#10013 = CARTESIAN_POINT('',(6.7,76.,32.448275862069));
#10014 = PCURVE('',#7213,#10015);
#10015 = DEFINITIONAL_REPRESENTATION('',(#10016),#10086);
#10016 = B_SPLINE_CURVE_WITH_KNOTS('',3,(#10017,#10018,#10019,#10020,
    #10021,#10022,#10023,#10024,#10025,#10026,#10027,#10028,#10029,
    #10030,#10031,#10032,#10033,#10034,#10035,#10036,#10037,#10038,
    #10039,#10040,#10041,#10042,#10043,#10044,#10045,#10046,#10047,
    #10048,#10049,#10050,#10051,#10052,#10053,#10054,#10055,#10056,
    #10057,#10058,#10059,#10060,#10061,#10062,#10063,#10064,#10065,
    #10066,#10067,#10068,#10069,#10070,#10071,#10072,#10073,#10074,
    #10075,#10076,#10077,#10078,#10079,#10080,#10081,#10082,#10083,
    #10084,#10085),.UNSPECIFIED.,.F.,.F.,(4,1,1,1,1,1,1,1,1,1,1,1,1,1,1,
    1,1,1,1,1,1,1,1,1,1,1,1,1,1,1,1,1,1,1,1,1,1,1,1,1,1,1,1,1,1,1,1,1,1,
    1,1,1,1,1,1,1,1,1,1,1,1,1,1,1,1,1,4),(6.279283473794E-07,
    2.44615157835E-02,4.892240363864E-02,7.338329149379E-02,
    9.784417934894E-02,0.122305067204,0.146765955059,0.171226842914,
    0.19568773077,0.220148618625,0.24460950648,0.269070394335,
    0.29353128219,0.317992170045,0.3424530579,0.366913945756,
    0.391374833611,0.415835721466,0.440296609321,0.464757497176,
    0.489218385031,0.513679272886,0.538140160742,0.562601048597,
    0.587061936452,0.611522824307,0.635983712162,0.660444600017,
    0.684905487872,0.709366375728,0.733827263583,0.758288151438,
    0.782749039293,0.807209927148,0.831670815003,0.856131702859,
    0.880592590714,0.905053478569,0.929514366424,0.953975254279,
    0.978436142134,1.002897029989,1.027357917845,1.0518188057,
    1.076279693555,1.10074058141,1.125201469265,1.14966235712,
    1.174123244975,1.198584132831,1.223045020686,1.247505908541,
    1.271966796396,1.296427684251,1.320888572106,1.345349459961,
    1.369810347817,1.394271235672,1.418732123527,1.443193011382,
    1.467653899237,1.492114787092,1.516575674948,1.541036562803,
    1.565497450658,1.589958338513,1.614419226368),
  .QUASI_UNIFORM_KNOTS.);
#10017 = CARTESIAN_POINT('',(-2.860613250083,-3.552713678801E-15));
#10018 = CARTESIAN_POINT('',(-2.84463633189,-7.790209414759E-03));
#10019 = CARTESIAN_POINT('',(-2.812786695301,-2.461792790668E-02));
#10020 = CARTESIAN_POINT('',(-2.765349939318,-5.343794498164E-02));
#10021 = CARTESIAN_POINT('',(-2.7182786531,-8.567593881484E-02));
#10022 = CARTESIAN_POINT('',(-2.671591257776,-0.121160957078));
#10023 = CARTESIAN_POINT('',(-2.625301283085,-0.159718756561));
#10024 = CARTESIAN_POINT('',(-2.579417087378,-0.20117314935));
#10025 = CARTESIAN_POINT('',(-2.533942717986,-0.245348419632));
#10026 = CARTESIAN_POINT('',(-2.488877792235,-0.292071656204));
#10027 = CARTESIAN_POINT('',(-2.444219209284,-0.341172697118));
#10028 = CARTESIAN_POINT('',(-2.399954783838,-0.392493244356));
#10029 = CARTESIAN_POINT('',(-2.356070910502,-0.445880516766));
#10030 = CARTESIAN_POINT('',(-2.31255305463,-0.50118693928));
#10031 = CARTESIAN_POINT('',(-2.269384764718,-0.558271849998));
#10032 = CARTESIAN_POINT('',(-2.226547517736,-0.617002230094));
#10033 = CARTESIAN_POINT('',(-2.184021970528,-0.677251356841));
#10034 = CARTESIAN_POINT('',(-2.141787706743,-0.738899004268));
#10035 = CARTESIAN_POINT('',(-2.099823868052,-0.801830841992));
#10036 = CARTESIAN_POINT('',(-2.058108790865,-0.865938477417));
#10037 = CARTESIAN_POINT('',(-2.016623070428,-0.931114561129));
#10038 = CARTESIAN_POINT('',(-1.975342629177,-0.997263348422));
#10039 = CARTESIAN_POINT('',(-1.934245136889,-1.064290489585));
#10040 = CARTESIAN_POINT('',(-1.893308731977,-1.132104468298));
#10041 = CARTESIAN_POINT('',(-1.852512047786,-1.200616130475));
#10042 = CARTESIAN_POINT('',(-1.811833943121,-1.269738690565));
#10043 = CARTESIAN_POINT('',(-1.771253210444,-1.339387831488));
#10044 = CARTESIAN_POINT('',(-1.730748725308,-1.409481046525));
#10045 = CARTESIAN_POINT('',(-1.6902978651,-1.479940013677));
#10046 = CARTESIAN_POINT('',(-1.649881396571,-1.550681658528));
#10047 = CARTESIAN_POINT('',(-1.609480164246,-1.621623435965));
#10048 = CARTESIAN_POINT('',(-1.569072990907,-1.69268668617));
#10049 = CARTESIAN_POINT('',(-1.528640406622,-1.763789697867));
#10050 = CARTESIAN_POINT('',(-1.488163394566,-1.834849521794));
#10051 = CARTESIAN_POINT('',(-1.447623488015,-1.905781449955));
#10052 = CARTESIAN_POINT('',(-1.407002542525,-1.97649908427));
#10053 = CARTESIAN_POINT('',(-1.36628252232,-2.046914384676));
#10054 = CARTESIAN_POINT('',(-1.325445588729,-2.116937212787));
#10055 = CARTESIAN_POINT('',(-1.284472967513,-2.186476916631));
#10056 = CARTESIAN_POINT('',(-1.243350149451,-2.255433284334));
#10057 = CARTESIAN_POINT('',(-1.202061318253,-2.323705803051));
#10058 = CARTESIAN_POINT('',(-1.160591480934,-2.391190050661));
#10059 = CARTESIAN_POINT('',(-1.118926308914,-2.457777739996));
#10060 = CARTESIAN_POINT('',(-1.077051809022,-2.523357008853));
#10061 = CARTESIAN_POINT('',(-1.03495512255,-2.587811224875));
#10062 = CARTESIAN_POINT('',(-0.992625038132,-2.651018430373));
#10063 = CARTESIAN_POINT('',(-0.950051740985,-2.712851913374));
#10064 = CARTESIAN_POINT('',(-0.907226744713,-2.773180585705));
#10065 = CARTESIAN_POINT('',(-0.86414282013,-2.83186943826));
#10066 = CARTESIAN_POINT('',(-0.820793986563,-2.888779991443));
#10067 = CARTESIAN_POINT('',(-0.777175525999,-2.943770798677));
#10068 = CARTESIAN_POINT('',(-0.733284142233,-2.996697853438));
#10069 = CARTESIAN_POINT('',(-0.689117836416,-3.047415440053));
#10070 = CARTESIAN_POINT('',(-0.644677101637,-3.095775416875));
#10071 = CARTESIAN_POINT('',(-0.599968538695,-3.141625165072));
#10072 = CARTESIAN_POINT('',(-0.5549977073,-3.184816542024));
#10073 = CARTESIAN_POINT('',(-0.509772510113,-3.225203168541));
#10074 = CARTESIAN_POINT('',(-0.464304128727,-3.262641350648));
#10075 = CARTESIAN_POINT('',(-0.41860219793,-3.2969952875));
#10076 = CARTESIAN_POINT('',(-0.372678164463,-3.32813469733));
#10077 = CARTESIAN_POINT('',(-0.326556260365,-3.355930413846));
#10078 = CARTESIAN_POINT('',(-0.280256754914,-3.38026832632));
#10079 = CARTESIAN_POINT('',(-0.23380089937,-3.401046130479));
#10080 = CARTESIAN_POINT('',(-0.18721037819,-3.418174802378));
#10081 = CARTESIAN_POINT('',(-0.140508228939,-3.431578907534));
#10082 = CARTESIAN_POINT('',(-9.371963821606E-02,-3.441198270529));
#10083 = CARTESIAN_POINT('',(-4.687219554527E-02,-3.446986791954));
#10084 = CARTESIAN_POINT('',(-1.562341821515E-02,-3.448277423965));
#10085 = CARTESIAN_POINT('',(0.,-3.448275862069));
#10086 = ( GEOMETRIC_REPRESENTATION_CONTEXT(2) 
PARAMETRIC_REPRESENTATION_CONTEXT() REPRESENTATION_CONTEXT('2D SPACE',''
  ) );
#10087 = PCURVE('',#10088,#10093);
#10088 = B_SPLINE_SURFACE_WITH_KNOTS('',1,1,(
    (#10089,#10090)
    ,(#10091,#10092
  )),.UNSPECIFIED.,.F.,.F.,.F.,(2,2),(2,2),(11.6,135.6),(0.,1.),
  .PIECEWISE_BEZIER_KNOTS.);
#10089 = CARTESIAN_POINT('',(2.4,138.,28.));
#10090 = CARTESIAN_POINT('',(14.,120.,40.));
#10091 = CARTESIAN_POINT('',(2.4,14.,28.));
#10092 = CARTESIAN_POINT('',(14.,32.,40.));
#10093 = DEFINITIONAL_REPRESENTATION('',(#10094),#10164);
#10094 = B_SPLINE_CURVE_WITH_KNOTS('',3,(#10095,#10096,#10097,#10098,
    #10099,#10100,#10101,#10102,#10103,#10104,#10105,#10106,#10107,
    #10108,#10109,#10110,#10111,#10112,#10113,#10114,#10115,#10116,
    #10117,#10118,#10119,#10120,#10121,#10122,#10123,#10124,#10125,
    #10126,#10127,#10128,#10129,#10130,#10131,#10132,#10133,#10134,
    #10135,#10136,#10137,#10138,#10139,#10140,#10141,#10142,#10143,
    #10144,#10145,#10146,#10147,#10148,#10149,#10150,#10151,#10152,
    #10153,#10154,#10155,#10156,#10157,#10158,#10159,#10160,#10161,
    #10162,#10163),.UNSPECIFIED.,.F.,.F.,(4,1,1,1,1,1,1,1,1,1,1,1,1,1,1,
    1,1,1,1,1,1,1,1,1,1,1,1,1,1,1,1,1,1,1,1,1,1,1,1,1,1,1,1,1,1,1,1,1,1,
    1,1,1,1,1,1,1,1,1,1,1,1,1,1,1,1,1,4),(6.279283473794E-07,
    2.44615157835E-02,4.892240363864E-02,7.338329149379E-02,
    9.784417934894E-02,0.122305067204,0.146765955059,0.171226842914,
    0.19568773077,0.220148618625,0.24460950648,0.269070394335,
    0.29353128219,0.317992170045,0.3424530579,0.366913945756,
    0.391374833611,0.415835721466,0.440296609321,0.464757497176,
    0.489218385031,0.513679272886,0.538140160742,0.562601048597,
    0.587061936452,0.611522824307,0.635983712162,0.660444600017,
    0.684905487872,0.709366375728,0.733827263583,0.758288151438,
    0.782749039293,0.807209927148,0.831670815003,0.856131702859,
    0.880592590714,0.905053478569,0.929514366424,0.953975254279,
    0.978436142134,1.002897029989,1.027357917845,1.0518188057,
    1.076279693555,1.10074058141,1.125201469265,1.14966235712,
    1.174123244975,1.198584132831,1.223045020686,1.247505908541,
    1.271966796396,1.296427684251,1.320888572106,1.345349459961,
    1.369810347817,1.394271235672,1.418732123527,1.443193011382,
    1.467653899237,1.492114787092,1.516575674948,1.541036562803,
    1.565497450658,1.589958338513,1.614419226368),
  .QUASI_UNIFORM_KNOTS.);
#10095 = CARTESIAN_POINT('',(73.116907763817,8.333333333333E-02));
#10096 = CARTESIAN_POINT('',(73.090070948149,8.398251745123E-02));
#10097 = CARTESIAN_POINT('',(73.036898944296,8.538482732556E-02));
#10098 = CARTESIAN_POINT('',(72.958816225558,8.778649541514E-02));
#10099 = CARTESIAN_POINT('',(72.882587747374,9.047299490124E-02));
#10100 = CARTESIAN_POINT('',(72.808362542004,9.343007975648E-02));
#10101 = CARTESIAN_POINT('',(72.736272371681,9.664322971344E-02));
#10102 = CARTESIAN_POINT('',(72.666430429561,0.100097762446));
#10103 = CARTESIAN_POINT('',(72.598933749689,0.103779034969));
#10104 = CARTESIAN_POINT('',(72.533863823293,0.107672638017));
#10105 = CARTESIAN_POINT('',(72.471289832226,0.111764391426));
#10106 = CARTESIAN_POINT('',(72.411261037217,0.116041103696));
#10107 = CARTESIAN_POINT('',(72.353819200929,0.120490043064));
#10108 = CARTESIAN_POINT('',(72.298999804919,0.125098911607));
#10109 = CARTESIAN_POINT('',(72.246831562733,0.1298559875));
#10110 = CARTESIAN_POINT('',(72.197337198977,0.134750185841));
#10111 = CARTESIAN_POINT('',(72.150535873985,0.139770946403));
#10112 = CARTESIAN_POINT('',(72.106443320996,0.144908250356));
#10113 = CARTESIAN_POINT('',(72.065073674993,0.150152570166));
#10114 = CARTESIAN_POINT('',(72.026439223205,0.155494873118));
#10115 = CARTESIAN_POINT('',(71.990553720231,0.160926213427));
#10116 = CARTESIAN_POINT('',(71.957426764268,0.166438612368));
#10117 = CARTESIAN_POINT('',(71.927070141427,0.172024207465));
#10118 = CARTESIAN_POINT('',(71.899496679406,0.177675372358));
#10119 = CARTESIAN_POINT('',(71.874720418284,0.18338467754));
#10120 = CARTESIAN_POINT('',(71.852756512397,0.18914489088));
#10121 = CARTESIAN_POINT('',(71.83362124569,0.194948985957));
#10122 = CARTESIAN_POINT('',(71.817332219826,0.20079008721));
#10123 = CARTESIAN_POINT('',(71.803908098874,0.206661667806));
#10124 = CARTESIAN_POINT('',(71.793370325355,0.212556804877));
#10125 = CARTESIAN_POINT('',(71.785741317818,0.218468619664));
#10126 = CARTESIAN_POINT('',(71.781044449596,0.224390557181));
#10127 = CARTESIAN_POINT('',(71.779304809111,0.230315808156));
#10128 = CARTESIAN_POINT('',(71.78054855382,0.236237460149));
#10129 = CARTESIAN_POINT('',(71.784802692953,0.242148454163));
#10130 = CARTESIAN_POINT('',(71.792094794786,0.248041590356));
#10131 = CARTESIAN_POINT('',(71.802452802364,0.253909532056));
#10132 = CARTESIAN_POINT('',(71.815904728463,0.259744767732));
#10133 = CARTESIAN_POINT('',(71.832478965124,0.265539743053));
#10134 = CARTESIAN_POINT('',(71.852201591867,0.271286107028));
#10135 = CARTESIAN_POINT('',(71.875097982103,0.276975483588));
#10136 = CARTESIAN_POINT('',(71.901190949564,0.282599170888));
#10137 = CARTESIAN_POINT('',(71.930500648179,0.288148145));
#10138 = CARTESIAN_POINT('',(71.96304443504,0.293613084071));
#10139 = CARTESIAN_POINT('',(71.998835264463,0.29898426874));
#10140 = CARTESIAN_POINT('',(72.037880151998,0.304251535864));
#10141 = CARTESIAN_POINT('',(72.080179512534,0.309404326114));
#10142 = CARTESIAN_POINT('',(72.125726276555,0.314431715475));
#10143 = CARTESIAN_POINT('',(72.174505012869,0.319322453188));
#10144 = CARTESIAN_POINT('',(72.226490989286,0.324064999287));
#10145 = CARTESIAN_POINT('',(72.281649229991,0.328647566556));
#10146 = CARTESIAN_POINT('',(72.339933418348,0.333058154453));
#10147 = CARTESIAN_POINT('',(72.401285208764,0.337284620004));
#10148 = CARTESIAN_POINT('',(72.465631863956,0.341314618073));
#10149 = CARTESIAN_POINT('',(72.532879371783,0.345135430423));
#10150 = CARTESIAN_POINT('',(72.602922138669,0.348734711835));
#10151 = CARTESIAN_POINT('',(72.675637795431,0.352100264045));
#10152 = CARTESIAN_POINT('',(72.750884997031,0.355220112554));
#10153 = CARTESIAN_POINT('',(72.828511358743,0.358082940625));
#10154 = CARTESIAN_POINT('',(72.908348464001,0.360677891444));
#10155 = CARTESIAN_POINT('',(72.990192122365,0.362994201154));
#10156 = CARTESIAN_POINT('',(73.073831601648,0.365022360527));
#10157 = CARTESIAN_POINT('',(73.159042560773,0.366753844207));
#10158 = CARTESIAN_POINT('',(73.245589138225,0.368181233531));
#10159 = CARTESIAN_POINT('',(73.333223672554,0.369298242295));
#10160 = CARTESIAN_POINT('',(73.421686563193,0.370099855877));
#10161 = CARTESIAN_POINT('',(73.510707774131,0.370582232663));
#10162 = CARTESIAN_POINT('',(73.570236906122,0.37068978533));
#10163 = CARTESIAN_POINT('',(73.6,0.370689655172));
#10164 = ( GEOMETRIC_REPRESENTATION_CONTEXT(2) 
PARAMETRIC_REPRESENTATION_CONTEXT() REPRESENTATION_CONTEXT('2D SPACE',''
  ) );
#10165 = ORIENTED_EDGE('',*,*,#10166,.T.);
#10166 = EDGE_CURVE('',#9965,#7193,#10167,.T.);
#10167 = SEAM_CURVE('',#10168,(#10172,#10179),.PCURVE_S1.);
#10168 = LINE('',#10169,#10170);
#10169 = CARTESIAN_POINT('',(6.7,76.,29.));
#10170 = VECTOR('',#10171,1.);
#10171 = DIRECTION('',(0.,0.,1.));
#10172 = PCURVE('',#7213,#10173);
#10173 = DEFINITIONAL_REPRESENTATION('',(#10174),#10178);
#10174 = LINE('',#10175,#10176);
#10175 = CARTESIAN_POINT('',(-0.,0.));
#10176 = VECTOR('',#10177,1.);
#10177 = DIRECTION('',(-0.,-1.));
#10178 = ( GEOMETRIC_REPRESENTATION_CONTEXT(2) 
PARAMETRIC_REPRESENTATION_CONTEXT() REPRESENTATION_CONTEXT('2D SPACE',''
  ) );
#10179 = PCURVE('',#7213,#10180);
#10180 = DEFINITIONAL_REPRESENTATION('',(#10181),#10185);
#10181 = LINE('',#10182,#10183);
#10182 = CARTESIAN_POINT('',(-6.28318530718,0.));
#10183 = VECTOR('',#10184,1.);
#10184 = DIRECTION('',(-0.,-1.));
#10185 = ( GEOMETRIC_REPRESENTATION_CONTEXT(2) 
PARAMETRIC_REPRESENTATION_CONTEXT() REPRESENTATION_CONTEXT('2D SPACE',''
  ) );
#10186 = ORIENTED_EDGE('',*,*,#7192,.F.);
#10187 = ORIENTED_EDGE('',*,*,#10166,.F.);
#10188 = ORIENTED_EDGE('',*,*,#10189,.T.);
#10189 = EDGE_CURVE('',#9965,#9936,#10190,.T.);
#10190 = SURFACE_CURVE('',#10191,(#10248,#10308),.PCURVE_S1.);
#10191 = B_SPLINE_CURVE_WITH_KNOTS('',7,(#10192,#10193,#10194,#10195,
    #10196,#10197,#10198,#10199,#10200,#10201,#10202,#10203,#10204,
    #10205,#10206,#10207,#10208,#10209,#10210,#10211,#10212,#10213,
    #10214,#10215,#10216,#10217,#10218,#10219,#10220,#10221,#10222,
    #10223,#10224,#10225,#10226,#10227,#10228,#10229,#10230,#10231,
    #10232,#10233,#10234,#10235,#10236,#10237,#10238,#10239,#10240,
    #10241,#10242,#10243,#10244,#10245,#10246,#10247),.UNSPECIFIED.,.F.,
  .F.,(8,6,6,6,6,6,6,6,6,8),(0.,0.175219721967,0.269967693841,
    0.372123994297,0.437482560361,0.591925091138,0.734789397158,
    0.790241978581,0.869416763999,1.),.UNSPECIFIED.);
#10192 = CARTESIAN_POINT('',(6.7,76.,32.448275862069));
#10193 = CARTESIAN_POINT('',(6.7,75.868379726275,32.448275862069));
#10194 = CARTESIAN_POINT('',(6.688110951229,75.736674543738,
    32.435976846099));
#10195 = CARTESIAN_POINT('',(6.664306063318,75.606703239952,
    32.411351099984));
#10196 = CARTESIAN_POINT('',(6.629016308428,75.480039576431,
    32.374844456995));
#10197 = CARTESIAN_POINT('',(6.582922514172,75.358064848429,
    32.327161221557));
#10198 = CARTESIAN_POINT('',(6.526932108245,75.241978834524,
    32.269240111977));
#10199 = CARTESIAN_POINT('',(6.427148497611,75.073738720413,
    32.166015687184));
#10200 = CARTESIAN_POINT('',(6.389548154686,75.016683019402,
    32.12711878071));
#10201 = CARTESIAN_POINT('',(6.349529780277,74.961758471581,
    32.085720462356));
#10202 = CARTESIAN_POINT('',(6.307260797445,74.909081051385,
    32.041993928391));
#10203 = CARTESIAN_POINT('',(6.262910524316,74.858744491024,
    31.996114335499));
#10204 = CARTESIAN_POINT('',(6.21664686087,74.810823298996,
    31.948255373314));
#10205 = CARTESIAN_POINT('',(6.116864892672,74.716374723957,
    31.845032647592));
#10206 = CARTESIAN_POINT('',(6.063062248699,74.670249281313,
    31.789374740034));
#10207 = CARTESIAN_POINT('',(6.007427138742,74.627069434529,
    31.731821178009));
#10208 = CARTESIAN_POINT('',(5.950155148646,74.586884224453,
    31.672574291703));
#10209 = CARTESIAN_POINT('',(5.891433286921,74.549725449006,
    31.611827538194));
#10210 = CARTESIAN_POINT('',(5.831437916486,74.515611363261,
    31.549763361882));
#10211 = CARTESIAN_POINT('',(5.731238179302,74.464677876801,
    31.446108461347));
#10212 = CARTESIAN_POINT('',(5.691689623043,74.446055217813,
    31.405196161769));
#10213 = CARTESIAN_POINT('',(5.651729927292,74.428684579194,
    31.363858545474));
#10214 = CARTESIAN_POINT('',(5.611400476772,74.412566754694,
    31.322138424247));
#10215 = CARTESIAN_POINT('',(5.570741066445,74.397701417014,
    31.280076965288));
#10216 = CARTESIAN_POINT('',(5.529789836655,74.38408737966,
    31.237713624126));
#10217 = CARTESIAN_POINT('',(5.391211794665,74.342505450736,
    31.094357028964));
#10218 = CARTESIAN_POINT('',(5.292427455237,74.320269049098,
    30.992166333004));
#10219 = CARTESIAN_POINT('',(5.192693911821,74.304981505897,
    30.888993701884));
#10220 = CARTESIAN_POINT('',(5.092450912656,74.29660974497,
    30.785294047576));
#10221 = CARTESIAN_POINT('',(4.992115503045,74.295118492853,
    30.681498796253));
#10222 = CARTESIAN_POINT('',(4.8920833479,74.300478298544,
    30.578017256448));
#10223 = CARTESIAN_POINT('',(4.700825163598,74.323972437369,
    30.380163962343));
#10224 = CARTESIAN_POINT('',(4.609518750584,74.341116846742,
    30.285709052328));
#10225 = CARTESIAN_POINT('',(4.519105893596,74.364107396426,
    30.192178510617));
#10226 = CARTESIAN_POINT('',(4.429902857253,74.392949290722,
    30.099899507503));
#10227 = CARTESIAN_POINT('',(4.342246347223,74.427652111556,
    30.009220359197));
#10228 = CARTESIAN_POINT('',(4.256494826445,74.468227981824,
    29.920511889426));
#10229 = CARTESIAN_POINT('',(4.14063594338,74.532734429697,
    29.800657872462));
#10230 = CARTESIAN_POINT('',(4.10858628347,74.551658465852,
    29.767503051866));
#10231 = CARTESIAN_POINT('',(4.076906206702,74.571470238807,
    29.734730558658));
#10232 = CARTESIAN_POINT('',(4.045620121378,74.592169980431,
    29.702365642805));
#10233 = CARTESIAN_POINT('',(4.014753602364,74.613757416742,
    29.670434761066));
#10234 = CARTESIAN_POINT('',(3.984333391094,74.636231767901,
    29.638965576994));
#10235 = CARTESIAN_POINT('',(3.911630724748,74.69294495525,
    29.563755922153));
#10236 = CARTESIAN_POINT('',(3.86984159143,74.728102842837,
    29.520525784238));
#10237 = CARTESIAN_POINT('',(3.829100488886,74.765061565297,
    29.478379816089));
#10238 = CARTESIAN_POINT('',(3.789495108404,74.803812787427,
    29.437408732832));
#10239 = CARTESIAN_POINT('',(3.751119476002,74.844342189601,
    29.397709802761));
#10240 = CARTESIAN_POINT('',(3.714073089152,74.886627972861,
    29.359385954295));
#10241 = CARTESIAN_POINT('',(3.619723355751,75.003227497319,
    29.261782781812));
#10242 = CARTESIAN_POINT('',(3.564879656319,75.080516702171,
    29.20504792033));
#10243 = CARTESIAN_POINT('',(3.514408660596,75.162357919516,
    29.152836545444));
#10244 = CARTESIAN_POINT('',(3.46882974205,75.248512104476,
    29.105685940052));
#10245 = CARTESIAN_POINT('',(3.428682165176,75.338628546209,
    29.064153963975));
#10246 = CARTESIAN_POINT('',(3.394483479786,75.432214693888,
    29.028776013571));
#10247 = CARTESIAN_POINT('',(3.366666086667,75.528597488811,28.9999994)
  );
#10248 = PCURVE('',#7213,#10249);
#10249 = DEFINITIONAL_REPRESENTATION('',(#10250),#10307);
#10250 = B_SPLINE_CURVE_WITH_KNOTS('',7,(#10251,#10252,#10253,#10254,
    #10255,#10256,#10257,#10258,#10259,#10260,#10261,#10262,#10263,
    #10264,#10265,#10266,#10267,#10268,#10269,#10270,#10271,#10272,
    #10273,#10274,#10275,#10276,#10277,#10278,#10279,#10280,#10281,
    #10282,#10283,#10284,#10285,#10286,#10287,#10288,#10289,#10290,
    #10291,#10292,#10293,#10294,#10295,#10296,#10297,#10298,#10299,
    #10300,#10301,#10302,#10303,#10304,#10305,#10306),.UNSPECIFIED.,.F.,
  .F.,(8,6,6,6,6,6,6,6,6,8),(0.,0.175219721967,0.269967693841,
    0.372123994297,0.437482560361,0.591925091138,0.734789397158,
    0.790241978581,0.869416763999,1.),.UNSPECIFIED.);
#10251 = CARTESIAN_POINT('',(-6.28318530718,-3.448275862069));
#10252 = CARTESIAN_POINT('',(-6.205761616753,-3.448275862069));
#10253 = CARTESIAN_POINT('',(-6.128288023936,-3.435976846099));
#10254 = CARTESIAN_POINT('',(-6.051075989163,-3.411351099984));
#10255 = CARTESIAN_POINT('',(-5.974290335496,-3.374844456995));
#10256 = CARTESIAN_POINT('',(-5.898066859903,-3.327161221557));
#10257 = CARTESIAN_POINT('',(-5.822532854954,-3.269240111977));
#10258 = CARTESIAN_POINT('',(-5.70747080618,-3.166015687184));
#10259 = CARTESIAN_POINT('',(-5.667321164068,-3.12711878071));
#10260 = CARTESIAN_POINT('',(-5.627416414451,-3.085720462356));
#10261 = CARTESIAN_POINT('',(-5.587763834024,-3.041993928391));
#10262 = CARTESIAN_POINT('',(-5.548366550678,-2.996114335499));
#10263 = CARTESIAN_POINT('',(-5.509224429076,-2.948255373314));
#10264 = CARTESIAN_POINT('',(-5.428404721776,-2.845032647592));
#10265 = CARTESIAN_POINT('',(-5.386768184642,-2.789374740034));
#10266 = CARTESIAN_POINT('',(-5.345419347059,-2.731821178009));
#10267 = CARTESIAN_POINT('',(-5.304349058565,-2.672574291703));
#10268 = CARTESIAN_POINT('',(-5.263544986155,-2.611827538194));
#10269 = CARTESIAN_POINT('',(-5.222991584446,-2.549763361882));
#10270 = CARTESIAN_POINT('',(-5.15687276675,-2.446108461347));
#10271 = CARTESIAN_POINT('',(-5.131170524034,-2.405196161769));
#10272 = CARTESIAN_POINT('',(-5.105558369531,-2.363858545474));
#10273 = CARTESIAN_POINT('',(-5.080031113921,-2.322138424247));
#10274 = CARTESIAN_POINT('',(-5.054583281247,-2.280076965288));
#10275 = CARTESIAN_POINT('',(-5.029209043419,-2.237713624126));
#10276 = CARTESIAN_POINT('',(-4.94410188415,-2.094357028964));
#10277 = CARTESIAN_POINT('',(-4.884685698601,-1.992166333004));
#10278 = CARTESIAN_POINT('',(-4.825560449939,-1.888993701884));
#10279 = CARTESIAN_POINT('',(-4.766638498175,-1.785294047576));
#10280 = CARTESIAN_POINT('',(-4.70783168406,-1.681498796253));
#10281 = CARTESIAN_POINT('',(-4.649043777608,-1.578017256448));
#10282 = CARTESIAN_POINT('',(-4.535693312692,-1.380163962343));
#10283 = CARTESIAN_POINT('',(-4.4811547232,-1.285709052328));
#10284 = CARTESIAN_POINT('',(-4.426454808653,-1.192178510617));
#10285 = CARTESIAN_POINT('',(-4.371510274454,-1.099899507503));
#10286 = CARTESIAN_POINT('',(-4.316239802134,-1.009220359197));
#10287 = CARTESIAN_POINT('',(-4.260557438462,-0.920511889426));
#10288 = CARTESIAN_POINT('',(-4.182553883841,-0.800657872462));
#10289 = CARTESIAN_POINT('',(-4.16066699136,-0.767503051866));
#10290 = CARTESIAN_POINT('',(-4.138699123251,-0.734730558658));
#10291 = CARTESIAN_POINT('',(-4.116645256636,-0.702365642805));
#10292 = CARTESIAN_POINT('',(-4.094500473444,-0.670434761066));
#10293 = CARTESIAN_POINT('',(-4.072259960409,-0.638965576994));
#10294 = CARTESIAN_POINT('',(-4.018020764068,-0.563755922153));
#10295 = CARTESIAN_POINT('',(-3.98591831453,-0.520525784238));
#10296 = CARTESIAN_POINT('',(-3.953597439173,-0.478379816089));
#10297 = CARTESIAN_POINT('',(-3.92104567949,-0.437408732832));
#10298 = CARTESIAN_POINT('',(-3.888252234766,-0.397709802761));
#10299 = CARTESIAN_POINT('',(-3.85520785709,-0.359385954295));
#10300 = CARTESIAN_POINT('',(-3.766977815488,-0.261782781812));
#10301 = CARTESIAN_POINT('',(-3.711341780886,-0.20504792033));
#10302 = CARTESIAN_POINT('',(-3.654971033027,-0.152836545444));
#10303 = CARTESIAN_POINT('',(-3.597866295547,-0.105685940052));
#10304 = CARTESIAN_POINT('',(-3.54005074093,-6.41539639747E-02));
#10305 = CARTESIAN_POINT('',(-3.481580680216,-2.877601357147E-02));
#10306 = CARTESIAN_POINT('',(-3.422570826728,5.999999999062E-07));
#10307 = ( GEOMETRIC_REPRESENTATION_CONTEXT(2) 
PARAMETRIC_REPRESENTATION_CONTEXT() REPRESENTATION_CONTEXT('2D SPACE',''
  ) );
#10308 = PCURVE('',#10088,#10309);
#10309 = DEFINITIONAL_REPRESENTATION('',(#10310),#10367);
#10310 = B_SPLINE_CURVE_WITH_KNOTS('',7,(#10311,#10312,#10313,#10314,
    #10315,#10316,#10317,#10318,#10319,#10320,#10321,#10322,#10323,
    #10324,#10325,#10326,#10327,#10328,#10329,#10330,#10331,#10332,
    #10333,#10334,#10335,#10336,#10337,#10338,#10339,#10340,#10341,
    #10342,#10343,#10344,#10345,#10346,#10347,#10348,#10349,#10350,
    #10351,#10352,#10353,#10354,#10355,#10356,#10357,#10358,#10359,
    #10360,#10361,#10362,#10363,#10364,#10365,#10366),.UNSPECIFIED.,.F.,
  .F.,(8,6,6,6,6,6,6,6,6,8),(0.,0.175219721967,0.269967693841,
    0.372123994297,0.437482560361,0.591925091138,0.734789397158,
    0.790241978581,0.869416763999,1.),.UNSPECIFIED.);
#10311 = CARTESIAN_POINT('',(73.6,0.370689655172));
#10312 = CARTESIAN_POINT('',(73.74749345725,0.370689655172));
#10313 = CARTESIAN_POINT('',(73.895082065584,0.369664737175));
#10314 = CARTESIAN_POINT('',(74.040521118628,0.367612591665));
#10315 = CARTESIAN_POINT('',(74.181839387144,0.364570371416));
#10316 = CARTESIAN_POINT('',(74.317328286632,0.360596768463));
#10317 = CARTESIAN_POINT('',(74.4455506583,0.355770009331));
#10318 = CARTESIAN_POINT('',(74.630147336401,0.347167973932));
#10319 = CARTESIAN_POINT('',(74.692501475162,0.343926565059));
#10320 = CARTESIAN_POINT('',(74.752261086659,0.340476705196));
#10321 = CARTESIAN_POINT('',(74.809297461289,0.336832827366));
#10322 = CARTESIAN_POINT('',(74.863511662507,0.333009527958));
#10323 = CARTESIAN_POINT('',(74.914830468847,0.32902128111));
#10324 = CARTESIAN_POINT('',(75.015356349956,0.320419387299));
#10325 = CARTESIAN_POINT('',(75.064084553395,0.315781228336));
#10326 = CARTESIAN_POINT('',(75.109325561453,0.310985098167));
#10327 = CARTESIAN_POINT('',(75.151045921002,0.306047857642));
#10328 = CARTESIAN_POINT('',(75.189234843466,0.300985628183));
#10329 = CARTESIAN_POINT('',(75.223898957685,0.29581361349));
#10330 = CARTESIAN_POINT('',(75.274991702749,0.287175705112));
#10331 = CARTESIAN_POINT('',(75.293491113897,0.283766346814));
#10332 = CARTESIAN_POINT('',(75.310560266744,0.280321545456));
#10333 = CARTESIAN_POINT('',(75.326205914832,0.276844868687));
#10334 = CARTESIAN_POINT('',(75.340436226658,0.273339747107));
#10335 = CARTESIAN_POINT('',(75.353260417601,0.269809468677));
#10336 = CARTESIAN_POINT('',(75.391692703203,0.257863085747));
#10337 = CARTESIAN_POINT('',(75.410897127402,0.249347194417));
#10338 = CARTESIAN_POINT('',(75.42244084591,0.240749475157));
#10339 = CARTESIAN_POINT('',(75.426466556954,0.232107837298));
#10340 = CARTESIAN_POINT('',(75.4231177618,0.223458233021));
#10341 = CARTESIAN_POINT('',(75.412527464936,0.214834771371));
#10342 = CARTESIAN_POINT('',(75.378398210451,0.198346996862));
#10343 = CARTESIAN_POINT('',(75.35589260957,0.190475754361));
#10344 = CARTESIAN_POINT('',(75.327366423517,0.182681542551));
#10345 = CARTESIAN_POINT('',(75.292887335642,0.174991625625));
#10346 = CARTESIAN_POINT('',(75.252514408751,0.167435029933));
#10347 = CARTESIAN_POINT('',(75.206298388098,0.160042657452));
#10348 = CARTESIAN_POINT('',(75.134080338805,0.150054822705));
#10349 = CARTESIAN_POINT('',(75.113012887257,0.147291920989));
#10350 = CARTESIAN_POINT('',(75.091073864226,0.144560879888));
#10351 = CARTESIAN_POINT('',(75.068266156762,0.141863803567));
#10352 = CARTESIAN_POINT('',(75.044592983385,0.139202896756));
#10353 = CARTESIAN_POINT('',(75.02005789408,0.136580464749));
#10354 = CARTESIAN_POINT('',(74.958408656082,0.130312993513));
#10355 = CARTESIAN_POINT('',(74.920404145044,0.12671048202));
#10356 = CARTESIAN_POINT('',(74.8806624978,0.123198318007));
#10357 = CARTESIAN_POINT('',(74.839198742329,0.119784061069));
#10358 = CARTESIAN_POINT('',(74.796032932143,0.116475816897));
#10359 = CARTESIAN_POINT('',(74.751191404452,0.113282162858));
#10360 = CARTESIAN_POINT('',(74.628042868494,0.105148565151));
#10361 = CARTESIAN_POINT('',(74.546904120065,0.100420660028));
#10362 = CARTESIAN_POINT('',(74.461455441798,9.606971212031E-02));
#10363 = CARTESIAN_POINT('',(74.371941052365,9.214049500434E-02));
#10364 = CARTESIAN_POINT('',(74.278702462178,8.867949699789E-02));
#10365 = CARTESIAN_POINT('',(74.182207289316,8.573133446429E-02));
#10366 = CARTESIAN_POINT('',(74.083090169569,8.333328333333E-02));
#10367 = ( GEOMETRIC_REPRESENTATION_CONTEXT(2) 
PARAMETRIC_REPRESENTATION_CONTEXT() REPRESENTATION_CONTEXT('2D SPACE',''
  ) );
#10368 = ADVANCED_FACE('',(#10369),#7418,.T.);
#10369 = FACE_BOUND('',#10370,.T.);
#10370 = EDGE_LOOP('',(#10371,#10372,#10373,#10394));
#10371 = ORIENTED_EDGE('',*,*,#7509,.T.);
#10372 = ORIENTED_EDGE('',*,*,#7402,.T.);
#10373 = ORIENTED_EDGE('',*,*,#10374,.F.);
#10374 = EDGE_CURVE('',#7537,#7403,#10375,.T.);
#10375 = SURFACE_CURVE('',#10376,(#10380,#10387),.PCURVE_S1.);
#10376 = LINE('',#10377,#10378);
#10377 = CARTESIAN_POINT('',(150.6513684387,142.,35.2));
#10378 = VECTOR('',#10379,1.);
#10379 = DIRECTION('',(0.,0.,1.));
#10380 = PCURVE('',#7418,#10381);
#10381 = DEFINITIONAL_REPRESENTATION('',(#10382),#10386);
#10382 = LINE('',#10383,#10384);
#10383 = CARTESIAN_POINT('',(3.3486315613,0.));
#10384 = VECTOR('',#10385,1.);
#10385 = DIRECTION('',(0.,-1.));
#10386 = ( GEOMETRIC_REPRESENTATION_CONTEXT(2) 
PARAMETRIC_REPRESENTATION_CONTEXT() REPRESENTATION_CONTEXT('2D SPACE',''
  ) );
#10387 = PCURVE('',#7446,#10388);
#10388 = DEFINITIONAL_REPRESENTATION('',(#10389),#10393);
#10389 = LINE('',#10390,#10391);
#10390 = CARTESIAN_POINT('',(0.,0.));
#10391 = VECTOR('',#10392,1.);
#10392 = DIRECTION('',(0.,-1.));
#10393 = ( GEOMETRIC_REPRESENTATION_CONTEXT(2) 
PARAMETRIC_REPRESENTATION_CONTEXT() REPRESENTATION_CONTEXT('2D SPACE',''
  ) );
#10394 = ORIENTED_EDGE('',*,*,#7536,.F.);
#10395 = ADVANCED_FACE('',(#10396),#7446,.T.);
#10396 = FACE_BOUND('',#10397,.T.);
#10397 = EDGE_LOOP('',(#10398,#10399,#10400,#10401));
#10398 = ORIENTED_EDGE('',*,*,#10374,.T.);
#10399 = ORIENTED_EDGE('',*,*,#7430,.T.);
#10400 = ORIENTED_EDGE('',*,*,#7643,.F.);
#10401 = ORIENTED_EDGE('',*,*,#7559,.F.);
#10402 = ADVANCED_FACE('',(#10403),#7627,.F.);
#10403 = FACE_BOUND('',#10404,.T.);
#10404 = EDGE_LOOP('',(#10405,#10795,#10816,#10817));
#10405 = ORIENTED_EDGE('',*,*,#10406,.T.);
#10406 = EDGE_CURVE('',#10407,#10407,#10409,.T.);
#10407 = VERTEX_POINT('',#10408);
#10408 = CARTESIAN_POINT('',(155.7,142.,30.950972561757));
#10409 = SURFACE_CURVE('',#10410,(#10498,#10637),.PCURVE_S1.);
#10410 = B_SPLINE_CURVE_WITH_KNOTS('',6,(#10411,#10412,#10413,#10414,
    #10415,#10416,#10417,#10418,#10419,#10420,#10421,#10422,#10423,
    #10424,#10425,#10426,#10427,#10428,#10429,#10430,#10431,#10432,
    #10433,#10434,#10435,#10436,#10437,#10438,#10439,#10440,#10441,
    #10442,#10443,#10444,#10445,#10446,#10447,#10448,#10449,#10450,
    #10451,#10452,#10453,#10454,#10455,#10456,#10457,#10458,#10459,
    #10460,#10461,#10462,#10463,#10464,#10465,#10466,#10467,#10468,
    #10469,#10470,#10471,#10472,#10473,#10474,#10475,#10476,#10477,
    #10478,#10479,#10480,#10481,#10482,#10483,#10484,#10485,#10486,
    #10487,#10488,#10489,#10490,#10491,#10492,#10493,#10494,#10495,
    #10496,#10497),.UNSPECIFIED.,.T.,.F.,(7,5,5,5,5,5,5,5,5,5,5,5,5,5,5,
    5,5,7),(0.,1.,1.918434297406,2.918018145244,3.758844469558,
    4.357561263404,4.774612771656,5.421467219892,5.82565891817,
    6.671841942309,7.651489545668,8.647273761451,9.052660370961,
    9.636535861523,10.407304819741,10.989647108538,11.589944959091,
    12.411919492666),.UNSPECIFIED.);
#10411 = CARTESIAN_POINT('',(155.7,142.,30.950972561757));
#10412 = CARTESIAN_POINT('',(155.7,141.85405220779,31.010089228545));
#10413 = CARTESIAN_POINT('',(155.68496398261,141.71140614003,
    31.074602091606));
#10414 = CARTESIAN_POINT('',(155.65616878039,141.57371259429,
    31.143515492098));
#10415 = CARTESIAN_POINT('',(155.61497396644,141.44214690842,
    31.215926793824));
#10416 = CARTESIAN_POINT('',(155.56263465578,141.31748924996,
    31.291055996215));
#10417 = CARTESIAN_POINT('',(155.4427417068,141.09259555399,
    31.439236976685));
#10418 = CARTESIAN_POINT('',(155.37679752238,140.99123523662,
    31.511933114138));
#10419 = CARTESIAN_POINT('',(155.30308717398,140.89658470444,
    31.585907648219));
#10420 = CARTESIAN_POINT('',(155.22227873006,140.80900976232,
    31.660708738732));
#10421 = CARTESIAN_POINT('',(155.13495324355,140.7288412262,
    31.735906381197));
#10422 = CARTESIAN_POINT('',(154.93991978283,140.57764602363,
    31.892918690855));
#10423 = CARTESIAN_POINT('',(154.8311397211,140.50808970326,
    31.974692922374));
#10424 = CARTESIAN_POINT('',(154.71579192109,140.44820517495,
    32.055906095795));
#10425 = CARTESIAN_POINT('',(154.59441869814,140.39861959329,
    32.135942587061));
#10426 = CARTESIAN_POINT('',(154.46761096359,140.36006914493,
    32.21407925189));
#10427 = CARTESIAN_POINT('',(154.22523993642,140.31120549581,
    32.3528369953));
#10428 = CARTESIAN_POINT('',(154.11115367016,140.29739298744,
    32.41423219468));
#10429 = CARTESIAN_POINT('',(153.99406267349,140.29265375813,
    32.473121302021));
#10430 = CARTESIAN_POINT('',(153.87453521591,140.29771906606,
    32.52879805024));
#10431 = CARTESIAN_POINT('',(153.75340635012,140.31337560645,
    32.580377118137));
#10432 = CARTESIAN_POINT('',(153.54524685546,140.35955381369,
    32.659928839528));
#10433 = CARTESIAN_POINT('',(153.458462183,140.38449213609,
    32.690414240969));
#10434 = CARTESIAN_POINT('',(153.37193333818,140.4154082233,
    32.717914691069));
#10435 = CARTESIAN_POINT('',(153.28626174951,140.45249081727,
    32.742004394558));
#10436 = CARTESIAN_POINT('',(153.20218342132,140.49580849265,
    32.762250594805));
#10437 = CARTESIAN_POINT('',(153.06365512048,140.57955099056,
    32.789496883548));
#10438 = CARTESIAN_POINT('',(153.00795154974,140.61686820752,
    32.79865302281));
#10439 = CARTESIAN_POINT('',(152.95371537765,140.65704697161,
    32.805660010544));
#10440 = CARTESIAN_POINT('',(152.9012369334,140.69996428635,
    32.810428208435));
#10441 = CARTESIAN_POINT('',(152.85079255937,140.74543849105,
    32.812906897107));
#10442 = CARTESIAN_POINT('',(152.72794092357,140.86733177247,
    32.813384845309));
#10443 = CARTESIAN_POINT('',(152.65870627685,140.94703593598,
    32.808163547112));
#10444 = CARTESIAN_POINT('',(152.59592368773,141.0313717407,
    32.797413885671));
#10445 = CARTESIAN_POINT('',(152.54012775496,141.11925463898,
    32.78142845468));
#10446 = CARTESIAN_POINT('',(152.49154524626,141.20961502158,
    32.760661899604));
#10447 = CARTESIAN_POINT('',(152.42429716409,141.35881256645,
    32.720047809372));
#10448 = CARTESIAN_POINT('',(152.40123568354,141.41678118437,
    32.70277186098));
#10449 = CARTESIAN_POINT('',(152.38096097336,141.47512261553,
    32.683963854799));
#10450 = CARTESIAN_POINT('',(152.36342601708,141.53364375769,
    32.66375314461));
#10451 = CARTESIAN_POINT('',(152.34856262612,141.59217967473,
    32.642265593972));
#10452 = CARTESIAN_POINT('',(152.31061101693,141.7728875629,
    32.572198688127));
#10453 = CARTESIAN_POINT('',(152.29631478053,141.89458913609,
    32.519712360386));
#10454 = CARTESIAN_POINT('',(152.29265553764,142.01456961521,
    32.46317869215));
#10455 = CARTESIAN_POINT('',(152.2988368856,142.1320060323,
    32.40348213991));
#10456 = CARTESIAN_POINT('',(152.3141233537,142.24633811094,
    32.341327086062));
#10457 = CARTESIAN_POINT('',(152.36554490491,142.48558887474,
    32.202998388915));
#10458 = CARTESIAN_POINT('',(152.40456990508,142.6092489287,
    32.126208581616));
#10459 = CARTESIAN_POINT('',(152.45412896444,142.72764100809,
    32.047655631102));
#10460 = CARTESIAN_POINT('',(152.51353830033,142.84021291141,
    31.968012183904));
#10461 = CARTESIAN_POINT('',(152.58221498351,142.94645170753,
    31.887854351668));
#10462 = CARTESIAN_POINT('',(152.73856392019,143.14681813344,
    31.726148550914));
#10463 = CARTESIAN_POINT('',(152.82649219799,143.24066874381,
    31.6446388614));
#10464 = CARTESIAN_POINT('',(152.92307899542,143.32679886441,
    31.56364847775));
#10465 = CARTESIAN_POINT('',(153.02790914706,143.40444996814,
    31.483727605168));
#10466 = CARTESIAN_POINT('',(153.14050416425,143.47274386306,
    31.40546138642));
#10467 = CARTESIAN_POINT('',(153.3090936815,143.55421465201,
    31.298541641897));
#10468 = CARTESIAN_POINT('',(153.35906084293,143.5760604815,
    31.267989029357));
#10469 = CARTESIAN_POINT('',(153.41017790798,143.59610999501,
    31.237862185002));
#10470 = CARTESIAN_POINT('',(153.46239732425,143.61428671075,
    31.208208996465));
#10471 = CARTESIAN_POINT('',(153.51566383004,143.63050996084,
    31.179080589037));
#10472 = CARTESIAN_POINT('',(153.64804853538,143.66512844947,
    31.109411339725));
#10473 = CARTESIAN_POINT('',(153.72822003263,143.68133415315,
    31.069493960235));
#10474 = CARTESIAN_POINT('',(153.81023845433,143.69306504512,
    31.030939261042));
#10475 = CARTESIAN_POINT('',(153.89385984181,143.70005409772,
    30.993929316984));
#10476 = CARTESIAN_POINT('',(153.97877812719,143.70203663558,
    30.958662354012));
#10477 = CARTESIAN_POINT('',(154.17793354803,143.69446119299,
    30.881368105802));
#10478 = CARTESIAN_POINT('',(154.29287047379,143.68100594085,
    30.840784112388));
#10479 = CARTESIAN_POINT('',(154.40851888362,143.65784761502,
    30.804096056701));
#10480 = CARTESIAN_POINT('',(154.52373196592,143.62453746847,
    30.771833179288));
#10481 = CARTESIAN_POINT('',(154.63712164352,143.58084653704,
    30.744519605539));
#10482 = CARTESIAN_POINT('',(154.83025063056,143.48635333387,
    30.706003112619));
#10483 = CARTESIAN_POINT('',(154.91145535346,143.43989324987,
    30.692490821206));
#10484 = CARTESIAN_POINT('',(154.99004664008,143.38775730517,
    30.682233186637));
#10485 = CARTESIAN_POINT('',(155.06534673092,143.33019925923,
    30.675364254299));
#10486 = CARTESIAN_POINT('',(155.13671463678,143.26761440758,
    30.671963731278));
#10487 = CARTESIAN_POINT('',(155.27252236104,143.13146575211,
    30.672095728789));
#10488 = CARTESIAN_POINT('',(155.33670584949,143.05759772146,
    30.67584528099));
#10489 = CARTESIAN_POINT('',(155.39551397933,142.97959019398,
    30.68327880497));
#10490 = CARTESIAN_POINT('',(155.4485237936,142.89815009187,
    30.69430418211));
#10491 = CARTESIAN_POINT('',(155.49547196161,142.81402160667,
    30.708769440463));
#10492 = CARTESIAN_POINT('',(155.59208283318,142.61014197156,
    30.750684256774));
#10493 = CARTESIAN_POINT('',(155.6363590734,142.48867926289,
    30.780962324692));
#10494 = CARTESIAN_POINT('',(155.66883094165,142.36545131308,
    30.816768195168));
#10495 = CARTESIAN_POINT('',(155.68984539983,142.24209866422,
    30.857457227677));
#10496 = CARTESIAN_POINT('',(155.7,142.11994259502,30.902389391592));
#10497 = CARTESIAN_POINT('',(155.7,142.,30.950972561757));
#10498 = PCURVE('',#7627,#10499);
#10499 = DEFINITIONAL_REPRESENTATION('',(#10500),#10636);
#10500 = B_SPLINE_CURVE_WITH_KNOTS('',3,(#10501,#10502,#10503,#10504,
    #10505,#10506,#10507,#10508,#10509,#10510,#10511,#10512,#10513,
    #10514,#10515,#10516,#10517,#10518,#10519,#10520,#10521,#10522,
    #10523,#10524,#10525,#10526,#10527,#10528,#10529,#10530,#10531,
    #10532,#10533,#10534,#10535,#10536,#10537,#10538,#10539,#10540,
    #10541,#10542,#10543,#10544,#10545,#10546,#10547,#10548,#10549,
    #10550,#10551,#10552,#10553,#10554,#10555,#10556,#10557,#10558,
    #10559,#10560,#10561,#10562,#10563,#10564,#10565,#10566,#10567,
    #10568,#10569,#10570,#10571,#10572,#10573,#10574,#10575,#10576,
    #10577,#10578,#10579,#10580,#10581,#10582,#10583,#10584,#10585,
    #10586,#10587,#10588,#10589,#10590,#10591,#10592,#10593,#10594,
    #10595,#10596,#10597,#10598,#10599,#10600,#10601,#10602,#10603,
    #10604,#10605,#10606,#10607,#10608,#10609,#10610,#10611,#10612,
    #10613,#10614,#10615,#10616,#10617,#10618,#10619,#10620,#10621,
    #10622,#10623,#10624,#10625,#10626,#10627,#10628,#10629,#10630,
    #10631,#10632,#10633,#10634,#10635),.UNSPECIFIED.,.F.,.F.,(4,1,1,1,1
    ,1,1,1,1,1,1,1,1,1,1,1,1,1,1,1,1,1,1,1,1,1,1,1,1,1,1,1,1,1,1,1,1,1,1
    ,1,1,1,1,1,1,1,1,1,1,1,1,1,1,1,1,1,1,1,1,1,1,1,1,1,1,1,1,1,1,1,1,1,1
    ,1,1,1,1,1,1,1,1,1,1,1,1,1,1,1,1,1,1,1,1,1,1,1,1,1,1,1,1,1,1,1,1,1,1
    ,1,1,1,1,1,1,1,1,1,1,1,1,1,1,1,1,1,1,1,1,1,1,1,1,1,4),(0.,
    9.402969312626E-02,0.188059386253,0.282089079379,0.376118772505,
    0.470148465631,0.564178158758,0.658207851884,0.75223754501,
    0.846267238136,0.940296931263,1.034326624389,1.128356317515,
    1.222386010641,1.316415703768,1.410445396894,1.50447509002,
    1.598504783146,1.692534476273,1.786564169399,1.880593862525,
    1.974623555651,2.068653248778,2.162682941904,2.25671263503,
    2.350742328156,2.444772021283,2.538801714409,2.632831407535,
    2.726861100661,2.820890793788,2.914920486914,3.00895018004,
    3.102979873167,3.197009566293,3.291039259419,3.385068952545,
    3.479098645672,3.573128338798,3.667158031924,3.76118772505,
    3.855217418177,3.949247111303,4.043276804429,4.137306497555,
    4.231336190682,4.325365883808,4.419395576934,4.51342527006,
    4.607454963187,4.701484656313,4.795514349439,4.889544042565,
    4.983573735692,5.077603428818,5.171633121944,5.26566281507,
    5.359692508197,5.453722201323,5.547751894449,5.641781587576,
    5.735811280702,5.829840973828,5.923870666954,6.017900360081,
    6.111930053207,6.205959746333,6.299989439459,6.394019132586,
    6.488048825712,6.582078518838,6.676108211964,6.770137905091,
    6.864167598217,6.958197291343,7.052226984469,7.146256677596,
    7.240286370722,7.334316063848,7.428345756974,7.522375450101,
    7.616405143227,7.710434836353,7.804464529479,7.898494222606,
    7.992523915732,8.086553608858,8.180583301984,8.274612995111,
    8.368642688237,8.462672381363,8.55670207449,8.650731767616,
    8.744761460742,8.838791153868,8.932820846995,9.026850540121,
    9.120880233247,9.214909926373,9.3089396195,9.402969312626,
    9.496999005752,9.591028698878,9.685058392005,9.779088085131,
    9.873117778257,9.967147471383,10.06117716451,10.155206857636,
    10.249236550762,10.343266243888,10.437295937015,10.531325630141,
    10.625355323267,10.719385016393,10.81341470952,10.907444402646,
    11.001474095772,11.095503788899,11.189533482025,11.283563175151,
    11.377592868277,11.471622561404,11.56565225453,11.659681947656,
    11.753711640782,11.847741333909,11.941771027035,12.035800720161,
    12.129830413287,12.223860106414,12.31788979954,12.411919492666),
  .QUASI_UNIFORM_KNOTS.);
#10501 = CARTESIAN_POINT('',(-6.28318530718,-1.950972561757));
#10502 = CARTESIAN_POINT('',(-6.267040040077,-1.962090240394));
#10503 = CARTESIAN_POINT('',(-6.234921451214,-1.984801820585));
#10504 = CARTESIAN_POINT('',(-6.187241544591,-2.020202944795));
#10505 = CARTESIAN_POINT('',(-6.140042060498,-2.056841764196));
#10506 = CARTESIAN_POINT('',(-6.093304376565,-2.094626223715));
#10507 = CARTESIAN_POINT('',(-6.047009028027,-2.133467122943));
#10508 = CARTESIAN_POINT('',(-6.001135487577,-2.173278663373));
#10509 = CARTESIAN_POINT('',(-5.955662021672,-2.21397857067));
#10510 = CARTESIAN_POINT('',(-5.910565554551,-2.255488283972));
#10511 = CARTESIAN_POINT('',(-5.865821273184,-2.297733365404));
#10512 = CARTESIAN_POINT('',(-5.821403094464,-2.34064302514));
#10513 = CARTESIAN_POINT('',(-5.777280766193,-2.384153027416));
#10514 = CARTESIAN_POINT('',(-5.733432637817,-2.428192781443));
#10515 = CARTESIAN_POINT('',(-5.689828932885,-2.472701538533));
#10516 = CARTESIAN_POINT('',(-5.646440549344,-2.517619699577));
#10517 = CARTESIAN_POINT('',(-5.603238873191,-2.562888561061));
#10518 = CARTESIAN_POINT('',(-5.560195426537,-2.608450351586));
#10519 = CARTESIAN_POINT('',(-5.517281580004,-2.654248194034));
#10520 = CARTESIAN_POINT('',(-5.474468258496,-2.700226085954));
#10521 = CARTESIAN_POINT('',(-5.431725626748,-2.746328892757));
#10522 = CARTESIAN_POINT('',(-5.3890228129,-2.792502282726));
#10523 = CARTESIAN_POINT('',(-5.346327385591,-2.838692893299));
#10524 = CARTESIAN_POINT('',(-5.303615311189,-2.884837136723));
#10525 = CARTESIAN_POINT('',(-5.260850448124,-2.930882979343));
#10526 = CARTESIAN_POINT('',(-5.217999952794,-2.97677276372));
#10527 = CARTESIAN_POINT('',(-5.175030881816,-3.022446407672));
#10528 = CARTESIAN_POINT('',(-5.131910614532,-3.067840467718));
#10529 = CARTESIAN_POINT('',(-5.088606240309,-3.112888302905));
#10530 = CARTESIAN_POINT('',(-5.045084286161,-3.157519843898));
#10531 = CARTESIAN_POINT('',(-5.001310035553,-3.201661711799));
#10532 = CARTESIAN_POINT('',(-4.957247957672,-3.245236204009));
#10533 = CARTESIAN_POINT('',(-4.912857820925,-3.288164333375));
#10534 = CARTESIAN_POINT('',(-4.868106584764,-3.33035365834));
#10535 = CARTESIAN_POINT('',(-4.822962060586,-3.37170445643));
#10536 = CARTESIAN_POINT('',(-4.777383065167,-3.412117947995));
#10537 = CARTESIAN_POINT('',(-4.731334708682,-3.45148154255));
#10538 = CARTESIAN_POINT('',(-4.684783757808,-3.489673223237));
#10539 = CARTESIAN_POINT('',(-4.63769946515,-3.526560825641));
#10540 = CARTESIAN_POINT('',(-4.590052778773,-3.562002887026));
#10541 = CARTESIAN_POINT('',(-4.541816919116,-3.595848560531));
#10542 = CARTESIAN_POINT('',(-4.492964432443,-3.627939940086));
#10543 = CARTESIAN_POINT('',(-4.443477271687,-3.658105907218));
#10544 = CARTESIAN_POINT('',(-4.393356755641,-3.686159840807));
#10545 = CARTESIAN_POINT('',(-4.342607433343,-3.711913211553));
#10546 = CARTESIAN_POINT('',(-4.29124644057,-3.735173390176));
#10547 = CARTESIAN_POINT('',(-4.239302248132,-3.755749244044));
#10548 = CARTESIAN_POINT('',(-4.186817439005,-3.773455381913));
#10549 = CARTESIAN_POINT('',(-4.133849286271,-3.788118034362));
#10550 = CARTESIAN_POINT('',(-4.080475719102,-3.799580748958));
#10551 = CARTESIAN_POINT('',(-4.026791651907,-3.807713735882));
#10552 = CARTESIAN_POINT('',(-3.97289612334,-3.812421674179));
#10553 = CARTESIAN_POINT('',(-3.918904480229,-3.813647243437));
#10554 = CARTESIAN_POINT('',(-3.864923283736,-3.811374916081));
#10555 = CARTESIAN_POINT('',(-3.811077448327,-3.80563253402));
#10556 = CARTESIAN_POINT('',(-3.757476574035,-3.796490267538));
#10557 = CARTESIAN_POINT('',(-3.704215242039,-3.784053845496));
#10558 = CARTESIAN_POINT('',(-3.651377437955,-3.768459775333));
#10559 = CARTESIAN_POINT('',(-3.599035776353,-3.749869165996));
#10560 = CARTESIAN_POINT('',(-3.547264295313,-3.728468512685));
#10561 = CARTESIAN_POINT('',(-3.496090513132,-3.704443243201));
#10562 = CARTESIAN_POINT('',(-3.445534835362,-3.677983333343));
#10563 = CARTESIAN_POINT('',(-3.395610702782,-3.649280699203));
#10564 = CARTESIAN_POINT('',(-3.34631642307,-3.61852026621));
#10565 = CARTESIAN_POINT('',(-3.297652015488,-3.585886640827));
#10566 = CARTESIAN_POINT('',(-3.249598002124,-3.551548348557));
#10567 = CARTESIAN_POINT('',(-3.202125578658,-3.515660202731));
#10568 = CARTESIAN_POINT('',(-3.155206946385,-3.478370001353));
#10569 = CARTESIAN_POINT('',(-3.108812236026,-3.439816144546));
#10570 = CARTESIAN_POINT('',(-3.062910075524,-3.400127817316));
#10571 = CARTESIAN_POINT('',(-3.017466768997,-3.359424181934));
#10572 = CARTESIAN_POINT('',(-2.972447114379,-3.317815158031));
#10573 = CARTESIAN_POINT('',(-2.92780974449,-3.275397033714));
#10574 = CARTESIAN_POINT('',(-2.88352248664,-3.232267439736));
#10575 = CARTESIAN_POINT('',(-2.839552135997,-3.188516689965));
#10576 = CARTESIAN_POINT('',(-2.795858960312,-3.144222428107));
#10577 = CARTESIAN_POINT('',(-2.752407656817,-3.099460968278));
#10578 = CARTESIAN_POINT('',(-2.709163732292,-3.054304472155));
#10579 = CARTESIAN_POINT('',(-2.666093869369,-3.008821895047));
#10580 = CARTESIAN_POINT('',(-2.623165284482,-2.963078894196));
#10581 = CARTESIAN_POINT('',(-2.580345401302,-2.917137993712));
#10582 = CARTESIAN_POINT('',(-2.537601441038,-2.87105863523));
#10583 = CARTESIAN_POINT('',(-2.494900099332,-2.824897303513));
#10584 = CARTESIAN_POINT('',(-2.452206927963,-2.778707341029));
#10585 = CARTESIAN_POINT('',(-2.409498580808,-2.73255268501));
#10586 = CARTESIAN_POINT('',(-2.366740928976,-2.686484580737));
#10587 = CARTESIAN_POINT('',(-2.323903617145,-2.64055776743));
#10588 = CARTESIAN_POINT('',(-2.280956787283,-2.594827318776));
#10589 = CARTESIAN_POINT('',(-2.237871544619,-2.549349504332));
#10590 = CARTESIAN_POINT('',(-2.194619438997,-2.504181566859));
#10591 = CARTESIAN_POINT('',(-2.151172264118,-2.459381831547));
#10592 = CARTESIAN_POINT('',(-2.107501627572,-2.41500958824));
#10593 = CARTESIAN_POINT('',(-2.063579111188,-2.371125566238));
#10594 = CARTESIAN_POINT('',(-2.019374223762,-2.327790282279));
#10595 = CARTESIAN_POINT('',(-1.974860476085,-2.28507034244));
#10596 = CARTESIAN_POINT('',(-1.930014220938,-2.243037167893));
#10597 = CARTESIAN_POINT('',(-1.884809086214,-2.201761881627));
#10598 = CARTESIAN_POINT('',(-1.839220641693,-2.161319975603));
#10599 = CARTESIAN_POINT('',(-1.793225101059,-2.121790103098));
#10600 = CARTESIAN_POINT('',(-1.746800543938,-2.083255191387));
#10601 = CARTESIAN_POINT('',(-1.699925877874,-2.04580145711));
#10602 = CARTESIAN_POINT('',(-1.652582986738,-2.009519999272));
#10603 = CARTESIAN_POINT('',(-1.604756034379,-1.974505878465));
#10604 = CARTESIAN_POINT('',(-1.556431662992,-1.940857880901));
#10605 = CARTESIAN_POINT('',(-1.507598716486,-1.908677776359));
#10606 = CARTESIAN_POINT('',(-1.458247033008,-1.878069317581));
#10607 = CARTESIAN_POINT('',(-1.408379109661,-1.849144398465));
#10608 = CARTESIAN_POINT('',(-1.35800026978,-1.822015006922));
#10609 = CARTESIAN_POINT('',(-1.307120723931,-1.796793567283));
#10610 = CARTESIAN_POINT('',(-1.255755519952,-1.773591497088));
#10611 = CARTESIAN_POINT('',(-1.203925437724,-1.752518095133));
#10612 = CARTESIAN_POINT('',(-1.151657423483,-1.733679017382));
#10613 = CARTESIAN_POINT('',(-1.098987445916,-1.717175197437));
#10614 = CARTESIAN_POINT('',(-1.045953773105,-1.703098867364));
#10615 = CARTESIAN_POINT('',(-0.992612691195,-1.691535364964));
#10616 = CARTESIAN_POINT('',(-0.939020600811,-1.682555603172));
#10617 = CARTESIAN_POINT('',(-0.885237031453,-1.676216155262));
#10618 = CARTESIAN_POINT('',(-0.831324536461,-1.67255817686));
#10619 = CARTESIAN_POINT('',(-0.777355625216,-1.671606079883));
#10620 = CARTESIAN_POINT('',(-0.723395191698,-1.673366041985));
#10621 = CARTESIAN_POINT('',(-0.669513903116,-1.677826551071));
#10622 = CARTESIAN_POINT('',(-0.61578079647,-1.684957936556));
#10623 = CARTESIAN_POINT('',(-0.562257516892,-1.694714316462));
#10624 = CARTESIAN_POINT('',(-0.509002163355,-1.707034775278));
#10625 = CARTESIAN_POINT('',(-0.456070134759,-1.72184439041));
#10626 = CARTESIAN_POINT('',(-0.403516146534,-1.739054334341));
#10627 = CARTESIAN_POINT('',(-0.351376351209,-1.758569792678));
#10628 = CARTESIAN_POINT('',(-0.299684058099,-1.780288083691));
#10629 = CARTESIAN_POINT('',(-0.248463837734,-1.804102434602));
#10630 = CARTESIAN_POINT('',(-0.197734291267,-1.82990295526));
#10631 = CARTESIAN_POINT('',(-0.147508517888,-1.857578063184));
#10632 = CARTESIAN_POINT('',(-9.779471559101E-02,-1.887015708873));
#10633 = CARTESIAN_POINT('',(-4.859707504113E-02,-1.91810417865));
#10634 = CARTESIAN_POINT('',(-1.614181070878E-02,-1.939857404275));
#10635 = CARTESIAN_POINT('',(-8.881784197001E-16,-1.950972561757));
#10636 = ( GEOMETRIC_REPRESENTATION_CONTEXT(2) 
PARAMETRIC_REPRESENTATION_CONTEXT() REPRESENTATION_CONTEXT('2D SPACE',''
  ) );
#10637 = PCURVE('',#10638,#10657);
#10638 = B_SPLINE_SURFACE_WITH_KNOTS('',8,1,(
    (#10639,#10640)
    ,(#10641,#10642)
    ,(#10643,#10644)
    ,(#10645,#10646)
    ,(#10647,#10648)
    ,(#10649,#10650)
    ,(#10651,#10652)
    ,(#10653,#10654)
    ,(#10655,#10656
    )),.UNSPECIFIED.,.F.,.F.,.F.,(9,9),(2,2),(0.,1.570796326795),(0.,1.)
  ,.PIECEWISE_BEZIER_KNOTS.);
#10639 = CARTESIAN_POINT('',(161.6,138.,28.));
#10640 = CARTESIAN_POINT('',(150.,120.,40.));
#10641 = CARTESIAN_POINT('',(161.6,140.27765467385,28.));
#10642 = CARTESIAN_POINT('',(150.,123.53429173528,40.));
#10643 = CARTESIAN_POINT('',(161.08889484805,142.55531006465,28.));
#10644 = CARTESIAN_POINT('',(149.20690579869,127.06858458307,40.));
#10645 = CARTESIAN_POINT('',(160.0666895641,144.69915351828,28.));
#10646 = CARTESIAN_POINT('',(147.62072518568,130.39523821803,
    40.000000000001));
#10647 = CARTESIAN_POINT('',(158.57540156704,146.57540156704,28.));
#10648 = CARTESIAN_POINT('',(145.30665760403,133.30665760403,
    39.999999999999));
#10649 = CARTESIAN_POINT('',(156.69915351828,148.0666895641,28.));
#10650 = CARTESIAN_POINT('',(142.39523821803,135.62072518568,
    40.000000000001));
#10651 = CARTESIAN_POINT('',(154.55531006464,149.08889484805,28.));
#10652 = CARTESIAN_POINT('',(139.06858458307,137.20690579869,
    39.999999999999));
#10653 = CARTESIAN_POINT('',(152.27765467385,149.6,28.));
#10654 = CARTESIAN_POINT('',(135.53429173528,138.,40.));
#10655 = CARTESIAN_POINT('',(150.,149.6,28.));
#10656 = CARTESIAN_POINT('',(132.,138.,40.));
#10657 = DEFINITIONAL_REPRESENTATION('',(#10658),#10794);
#10658 = B_SPLINE_CURVE_WITH_KNOTS('',3,(#10659,#10660,#10661,#10662,
    #10663,#10664,#10665,#10666,#10667,#10668,#10669,#10670,#10671,
    #10672,#10673,#10674,#10675,#10676,#10677,#10678,#10679,#10680,
    #10681,#10682,#10683,#10684,#10685,#10686,#10687,#10688,#10689,
    #10690,#10691,#10692,#10693,#10694,#10695,#10696,#10697,#10698,
    #10699,#10700,#10701,#10702,#10703,#10704,#10705,#10706,#10707,
    #10708,#10709,#10710,#10711,#10712,#10713,#10714,#10715,#10716,
    #10717,#10718,#10719,#10720,#10721,#10722,#10723,#10724,#10725,
    #10726,#10727,#10728,#10729,#10730,#10731,#10732,#10733,#10734,
    #10735,#10736,#10737,#10738,#10739,#10740,#10741,#10742,#10743,
    #10744,#10745,#10746,#10747,#10748,#10749,#10750,#10751,#10752,
    #10753,#10754,#10755,#10756,#10757,#10758,#10759,#10760,#10761,
    #10762,#10763,#10764,#10765,#10766,#10767,#10768,#10769,#10770,
    #10771,#10772,#10773,#10774,#10775,#10776,#10777,#10778,#10779,
    #10780,#10781,#10782,#10783,#10784,#10785,#10786,#10787,#10788,
    #10789,#10790,#10791,#10792,#10793),.UNSPECIFIED.,.T.,.F.,(4,1,1,1,1
    ,1,1,1,1,1,1,1,1,1,1,1,1,1,1,1,1,1,1,1,1,1,1,1,1,1,1,1,1,1,1,1,1,1,1
    ,1,1,1,1,1,1,1,1,1,1,1,1,1,1,1,1,1,1,1,1,1,1,1,1,1,1,1,1,1,1,1,1,1,1
    ,1,1,1,1,1,1,1,1,1,1,1,1,1,1,1,1,1,1,1,1,1,1,1,1,1,1,1,1,1,1,1,1,1,1
    ,1,1,1,1,1,1,1,1,1,1,1,1,1,1,1,1,1,1,1,1,1,1,1,1,1,4),(0.,
    9.402969312626E-02,0.188059386253,0.282089079379,0.376118772505,
    0.470148465631,0.564178158758,0.658207851884,0.75223754501,
    0.846267238136,0.940296931263,1.034326624389,1.128356317515,
    1.222386010641,1.316415703768,1.410445396894,1.50447509002,
    1.598504783146,1.692534476273,1.786564169399,1.880593862525,
    1.974623555651,2.068653248778,2.162682941904,2.25671263503,
    2.350742328156,2.444772021283,2.538801714409,2.632831407535,
    2.726861100661,2.820890793788,2.914920486914,3.00895018004,
    3.102979873167,3.197009566293,3.291039259419,3.385068952545,
    3.479098645672,3.573128338798,3.667158031924,3.76118772505,
    3.855217418177,3.949247111303,4.043276804429,4.137306497555,
    4.231336190682,4.325365883808,4.419395576934,4.51342527006,
    4.607454963187,4.701484656313,4.795514349439,4.889544042565,
    4.983573735692,5.077603428818,5.171633121944,5.26566281507,
    5.359692508197,5.453722201323,5.547751894449,5.641781587576,
    5.735811280702,5.829840973828,5.923870666954,6.017900360081,
    6.111930053207,6.205959746333,6.299989439459,6.394019132586,
    6.488048825712,6.582078518838,6.676108211964,6.770137905091,
    6.864167598217,6.958197291343,7.052226984469,7.146256677596,
    7.240286370722,7.334316063848,7.428345756974,7.522375450101,
    7.616405143227,7.710434836353,7.804464529479,7.898494222606,
    7.992523915732,8.086553608858,8.180583301984,8.274612995111,
    8.368642688237,8.462672381363,8.55670207449,8.650731767616,
    8.744761460742,8.838791153868,8.932820846995,9.026850540121,
    9.120880233247,9.214909926373,9.3089396195,9.402969312626,
    9.496999005752,9.591028698878,9.685058392005,9.779088085131,
    9.873117778257,9.967147471383,10.06117716451,10.155206857636,
    10.249236550762,10.343266243888,10.437295937015,10.531325630141,
    10.625355323267,10.719385016393,10.81341470952,10.907444402646,
    11.001474095772,11.095503788899,11.189533482025,11.283563175151,
    11.377592868277,11.471622561404,11.56565225453,11.659681947656,
    11.753711640782,11.847741333909,11.941771027035,12.035800720161,
    12.129830413287,12.223860106414,12.31788979954,12.411919492666),
  .QUASI_UNIFORM_KNOTS.);
#10659 = CARTESIAN_POINT('',(0.694023526671,0.245914380146));
#10660 = CARTESIAN_POINT('',(0.692585311373,0.24684085349));
#10661 = CARTESIAN_POINT('',(0.689801640162,0.248733485332));
#10662 = CARTESIAN_POINT('',(0.685904455649,0.251683579036));
#10663 = CARTESIAN_POINT('',(0.68228596558,0.254736813589));
#10664 = CARTESIAN_POINT('',(0.678945394149,0.257885518363));
#10665 = CARTESIAN_POINT('',(0.675881329701,0.261122260133));
#10666 = CARTESIAN_POINT('',(0.67309170531,0.264439888802));
#10667 = CARTESIAN_POINT('',(0.670573922173,0.267831547812));
#10668 = CARTESIAN_POINT('',(0.668324936952,0.271290690313));
#10669 = CARTESIAN_POINT('',(0.66634135307,0.27481111342));
#10670 = CARTESIAN_POINT('',(0.664619533735,0.278386918633));
#10671 = CARTESIAN_POINT('',(0.663155624536,0.282012752319));
#10672 = CARTESIAN_POINT('',(0.661946016048,0.285682731812));
#10673 = CARTESIAN_POINT('',(0.660986817425,0.289391794888));
#10674 = CARTESIAN_POINT('',(0.660274268215,0.293134974941));
#10675 = CARTESIAN_POINT('',(0.659804729677,0.29690738007));
#10676 = CARTESIAN_POINT('',(0.659574701518,0.300704195978));
#10677 = CARTESIAN_POINT('',(0.659580838917,0.304520682864));
#10678 = CARTESIAN_POINT('',(0.659819975706,0.308352173829));
#10679 = CARTESIAN_POINT('',(0.660289154895,0.312194074356));
#10680 = CARTESIAN_POINT('',(0.660985655404,0.316041856884));
#10681 = CARTESIAN_POINT('',(0.661907057944,0.319891074467));
#10682 = CARTESIAN_POINT('',(0.663050957561,0.32373642816));
#10683 = CARTESIAN_POINT('',(0.664415456683,0.327573581633));
#10684 = CARTESIAN_POINT('',(0.665998889412,0.331397730245));
#10685 = CARTESIAN_POINT('',(0.667799841167,0.335203867241));
#10686 = CARTESIAN_POINT('',(0.669817123572,0.33898670566));
#10687 = CARTESIAN_POINT('',(0.672049774209,0.342740691991));
#10688 = CARTESIAN_POINT('',(0.674497055635,0.346459987035));
#10689 = CARTESIAN_POINT('',(0.677158486045,0.350138475908));
#10690 = CARTESIAN_POINT('',(0.680033797198,0.353769683552));
#10691 = CARTESIAN_POINT('',(0.683123204458,0.357347027833));
#10692 = CARTESIAN_POINT('',(0.686426553612,0.360862804767));
#10693 = CARTESIAN_POINT('',(0.68994361453,0.364308704668));
#10694 = CARTESIAN_POINT('',(0.69367485532,0.367676495728));
#10695 = CARTESIAN_POINT('',(0.697620228456,0.370956795256));
#10696 = CARTESIAN_POINT('',(0.701779393821,0.374139435225));
#10697 = CARTESIAN_POINT('',(0.706151553903,0.377213402075));
#10698 = CARTESIAN_POINT('',(0.710735418934,0.380166907289));
#10699 = CARTESIAN_POINT('',(0.715529050376,0.382987380128));
#10700 = CARTESIAN_POINT('',(0.720530069156,0.385661661659));
#10701 = CARTESIAN_POINT('',(0.725734530326,0.388175492245));
#10702 = CARTESIAN_POINT('',(0.731135617047,0.390513320084));
#10703 = CARTESIAN_POINT('',(0.736725152215,0.392659434303));
#10704 = CARTESIAN_POINT('',(0.74249249963,0.394597782495));
#10705 = CARTESIAN_POINT('',(0.748424570257,0.396312437012));
#10706 = CARTESIAN_POINT('',(0.754505430268,0.397787948521));
#10707 = CARTESIAN_POINT('',(0.760716202168,0.399009836109));
#10708 = CARTESIAN_POINT('',(0.767034374949,0.399965062434));
#10709 = CARTESIAN_POINT('',(0.773434320078,0.400642811384));
#10710 = CARTESIAN_POINT('',(0.779889021969,0.401035139406));
#10711 = CARTESIAN_POINT('',(0.786368894176,0.40113727032));
#10712 = CARTESIAN_POINT('',(0.792845104566,0.400947909586));
#10713 = CARTESIAN_POINT('',(0.799286668455,0.400469377902));
#10714 = CARTESIAN_POINT('',(0.805664845189,0.399707522316));
#10715 = CARTESIAN_POINT('',(0.811953395183,0.398671153718));
#10716 = CARTESIAN_POINT('',(0.818128285876,0.397371647972));
#10717 = CARTESIAN_POINT('',(0.824167943487,0.395822430547));
#10718 = CARTESIAN_POINT('',(0.830051949926,0.394039042774));
#10719 = CARTESIAN_POINT('',(0.835766530927,0.39203693703));
#10720 = CARTESIAN_POINT('',(0.841299873365,0.389831944226));
#10721 = CARTESIAN_POINT('',(0.846642090428,0.387440058521));
#10722 = CARTESIAN_POINT('',(0.851785978048,0.384876688763));
#10723 = CARTESIAN_POINT('',(0.856725102972,0.38215722017));
#10724 = CARTESIAN_POINT('',(0.861455882118,0.379295695735));
#10725 = CARTESIAN_POINT('',(0.865976240496,0.376305016837));
#10726 = CARTESIAN_POINT('',(0.870284477929,0.373197500075));
#10727 = CARTESIAN_POINT('',(0.874379488849,0.369984678754));
#10728 = CARTESIAN_POINT('',(0.878260610598,0.366677318165));
#10729 = CARTESIAN_POINT('',(0.881927593716,0.36328534846));
#10730 = CARTESIAN_POINT('',(0.885380442658,0.35981792975));
#10731 = CARTESIAN_POINT('',(0.888619637713,0.356283086189));
#10732 = CARTESIAN_POINT('',(0.891644938858,0.352688953208));
#10733 = CARTESIAN_POINT('',(0.894456178193,0.349043057438));
#10734 = CARTESIAN_POINT('',(0.897053492751,0.345351869052));
#10735 = CARTESIAN_POINT('',(0.899436553398,0.341621747426));
#10736 = CARTESIAN_POINT('',(0.901604811822,0.337858706018));
#10737 = CARTESIAN_POINT('',(0.903557463749,0.334068491192));
#10738 = CARTESIAN_POINT('',(0.905293476978,0.330256574468));
#10739 = CARTESIAN_POINT('',(0.906811591442,0.326428166177));
#10740 = CARTESIAN_POINT('',(0.908110313545,0.322588219688));
#10741 = CARTESIAN_POINT('',(0.9091879081,0.318741441965));
#10742 = CARTESIAN_POINT('',(0.910042351912,0.314892278393));
#10743 = CARTESIAN_POINT('',(0.910671187233,0.311046057015));
#10744 = CARTESIAN_POINT('',(0.911071952715,0.307207048395));
#10745 = CARTESIAN_POINT('',(0.911241847298,0.303379814));
#10746 = CARTESIAN_POINT('',(0.911177849494,0.29956894326));
#10747 = CARTESIAN_POINT('',(0.910876732512,0.295779125337));
#10748 = CARTESIAN_POINT('',(0.910335100537,0.292015130526));
#10749 = CARTESIAN_POINT('',(0.909549414275,0.288281819286));
#10750 = CARTESIAN_POINT('',(0.90851600748,0.284584132401));
#10751 = CARTESIAN_POINT('',(0.907231119074,0.280927130564));
#10752 = CARTESIAN_POINT('',(0.905690840174,0.277315856838));
#10753 = CARTESIAN_POINT('',(0.903891354596,0.2737558619));
#10754 = CARTESIAN_POINT('',(0.901829056605,0.27025309729));
#10755 = CARTESIAN_POINT('',(0.899500367379,0.26681349018));
#10756 = CARTESIAN_POINT('',(0.896901988326,0.263443331194));
#10757 = CARTESIAN_POINT('',(0.894030937162,0.260149175667));
#10758 = CARTESIAN_POINT('',(0.890884719584,0.256937933023));
#10759 = CARTESIAN_POINT('',(0.887461368377,0.253816787627));
#10760 = CARTESIAN_POINT('',(0.883759710571,0.250793332953));
#10761 = CARTESIAN_POINT('',(0.879779472652,0.247875490511));
#10762 = CARTESIAN_POINT('',(0.875521431657,0.245071490255));
#10763 = CARTESIAN_POINT('',(0.870987527113,0.242389814636));
#10764 = CARTESIAN_POINT('',(0.866180856771,0.239839109785));
#10765 = CARTESIAN_POINT('',(0.861106996238,0.237428699885));
#10766 = CARTESIAN_POINT('',(0.855773284235,0.235167917257));
#10767 = CARTESIAN_POINT('',(0.850189121414,0.233066130596));
#10768 = CARTESIAN_POINT('',(0.844366083979,0.231132624747));
#10769 = CARTESIAN_POINT('',(0.838318111275,0.229376507938));
#10770 = CARTESIAN_POINT('',(0.832061615403,0.227806584784));
#10771 = CARTESIAN_POINT('',(0.825615857677,0.226431266459));
#10772 = CARTESIAN_POINT('',(0.819002096678,0.225258238969));
#10773 = CARTESIAN_POINT('',(0.812245478759,0.224294613716));
#10774 = CARTESIAN_POINT('',(0.805372683675,0.223546300276));
#10775 = CARTESIAN_POINT('',(0.798412038796,0.223018012958));
#10776 = CARTESIAN_POINT('',(0.79139323515,0.222713181368));
#10777 = CARTESIAN_POINT('',(0.78434792475,0.222633840007));
#10778 = CARTESIAN_POINT('',(0.777307079212,0.222780503456));
#10779 = CARTESIAN_POINT('',(0.770302369324,0.223152212623));
#10780 = CARTESIAN_POINT('',(0.763364831103,0.223746494717));
#10781 = CARTESIAN_POINT('',(0.756523778458,0.224559526335));
#10782 = CARTESIAN_POINT('',(0.749807009671,0.225586231309));
#10783 = CARTESIAN_POINT('',(0.743240657378,0.226820365863));
#10784 = CARTESIAN_POINT('',(0.736849187308,0.228254527886));
#10785 = CARTESIAN_POINT('',(0.730653081842,0.229880816088));
#10786 = CARTESIAN_POINT('',(0.724670747332,0.231690673613));
#10787 = CARTESIAN_POINT('',(0.718917785984,0.23367520285));
#10788 = CARTESIAN_POINT('',(0.713407367616,0.235825246294));
#10789 = CARTESIAN_POINT('',(0.708150362547,0.238131505315));
#10790 = CARTESIAN_POINT('',(0.703155464571,0.240584642381));
#10791 = CARTESIAN_POINT('',(0.698429563887,0.243175348154));
#10792 = CARTESIAN_POINT('',(0.695461253205,0.244988116984));
#10793 = CARTESIAN_POINT('',(0.694023526671,0.245914380146));
#10794 = ( GEOMETRIC_REPRESENTATION_CONTEXT(2) 
PARAMETRIC_REPRESENTATION_CONTEXT() REPRESENTATION_CONTEXT('2D SPACE',''
  ) );
#10795 = ORIENTED_EDGE('',*,*,#10796,.T.);
#10796 = EDGE_CURVE('',#10407,#7607,#10797,.T.);
#10797 = SEAM_CURVE('',#10798,(#10802,#10809),.PCURVE_S1.);
#10798 = LINE('',#10799,#10800);
#10799 = CARTESIAN_POINT('',(155.7,142.,29.));
#10800 = VECTOR('',#10801,1.);
#10801 = DIRECTION('',(0.,0.,1.));
#10802 = PCURVE('',#7627,#10803);
#10803 = DEFINITIONAL_REPRESENTATION('',(#10804),#10808);
#10804 = LINE('',#10805,#10806);
#10805 = CARTESIAN_POINT('',(-0.,0.));
#10806 = VECTOR('',#10807,1.);
#10807 = DIRECTION('',(-0.,-1.));
#10808 = ( GEOMETRIC_REPRESENTATION_CONTEXT(2) 
PARAMETRIC_REPRESENTATION_CONTEXT() REPRESENTATION_CONTEXT('2D SPACE',''
  ) );
#10809 = PCURVE('',#7627,#10810);
#10810 = DEFINITIONAL_REPRESENTATION('',(#10811),#10815);
#10811 = LINE('',#10812,#10813);
#10812 = CARTESIAN_POINT('',(-6.28318530718,0.));
#10813 = VECTOR('',#10814,1.);
#10814 = DIRECTION('',(-0.,-1.));
#10815 = ( GEOMETRIC_REPRESENTATION_CONTEXT(2) 
PARAMETRIC_REPRESENTATION_CONTEXT() REPRESENTATION_CONTEXT('2D SPACE',''
  ) );
#10816 = ORIENTED_EDGE('',*,*,#7606,.F.);
#10817 = ORIENTED_EDGE('',*,*,#10796,.F.);
#10818 = ADVANCED_FACE('',(#10819),#7698,.F.);
#10819 = FACE_BOUND('',#10820,.T.);
#10820 = EDGE_LOOP('',(#10821,#10822,#10843,#10844));
#10821 = ORIENTED_EDGE('',*,*,#8159,.T.);
#10822 = ORIENTED_EDGE('',*,*,#10823,.T.);
#10823 = EDGE_CURVE('',#8160,#7678,#10824,.T.);
#10824 = SEAM_CURVE('',#10825,(#10829,#10836),.PCURVE_S1.);
#10825 = LINE('',#10826,#10827);
#10826 = CARTESIAN_POINT('',(172.7,118.,-1.));
#10827 = VECTOR('',#10828,1.);
#10828 = DIRECTION('',(0.,0.,1.));
#10829 = PCURVE('',#7698,#10830);
#10830 = DEFINITIONAL_REPRESENTATION('',(#10831),#10835);
#10831 = LINE('',#10832,#10833);
#10832 = CARTESIAN_POINT('',(-6.28318530718,0.));
#10833 = VECTOR('',#10834,1.);
#10834 = DIRECTION('',(-0.,-1.));
#10835 = ( GEOMETRIC_REPRESENTATION_CONTEXT(2) 
PARAMETRIC_REPRESENTATION_CONTEXT() REPRESENTATION_CONTEXT('2D SPACE',''
  ) );
#10836 = PCURVE('',#7698,#10837);
#10837 = DEFINITIONAL_REPRESENTATION('',(#10838),#10842);
#10838 = LINE('',#10839,#10840);
#10839 = CARTESIAN_POINT('',(-0.,0.));
#10840 = VECTOR('',#10841,1.);
#10841 = DIRECTION('',(-0.,-1.));
#10842 = ( GEOMETRIC_REPRESENTATION_CONTEXT(2) 
PARAMETRIC_REPRESENTATION_CONTEXT() REPRESENTATION_CONTEXT('2D SPACE',''
  ) );
#10843 = ORIENTED_EDGE('',*,*,#7677,.F.);
#10844 = ORIENTED_EDGE('',*,*,#10823,.F.);
#10845 = ADVANCED_FACE('',(#10846),#7733,.F.);
#10846 = FACE_BOUND('',#10847,.T.);
#10847 = EDGE_LOOP('',(#10848,#10849,#10870,#10871));
#10848 = ORIENTED_EDGE('',*,*,#8198,.T.);
#10849 = ORIENTED_EDGE('',*,*,#10850,.T.);
#10850 = EDGE_CURVE('',#8199,#7713,#10851,.T.);
#10851 = SEAM_CURVE('',#10852,(#10856,#10863),.PCURVE_S1.);
#10852 = LINE('',#10853,#10854);
#10853 = CARTESIAN_POINT('',(184.7,118.,-1.));
#10854 = VECTOR('',#10855,1.);
#10855 = DIRECTION('',(0.,0.,1.));
#10856 = PCURVE('',#7733,#10857);
#10857 = DEFINITIONAL_REPRESENTATION('',(#10858),#10862);
#10858 = LINE('',#10859,#10860);
#10859 = CARTESIAN_POINT('',(-6.28318530718,0.));
#10860 = VECTOR('',#10861,1.);
#10861 = DIRECTION('',(-0.,-1.));
#10862 = ( GEOMETRIC_REPRESENTATION_CONTEXT(2) 
PARAMETRIC_REPRESENTATION_CONTEXT() REPRESENTATION_CONTEXT('2D SPACE',''
  ) );
#10863 = PCURVE('',#7733,#10864);
#10864 = DEFINITIONAL_REPRESENTATION('',(#10865),#10869);
#10865 = LINE('',#10866,#10867);
#10866 = CARTESIAN_POINT('',(-0.,0.));
#10867 = VECTOR('',#10868,1.);
#10868 = DIRECTION('',(-0.,-1.));
#10869 = ( GEOMETRIC_REPRESENTATION_CONTEXT(2) 
PARAMETRIC_REPRESENTATION_CONTEXT() REPRESENTATION_CONTEXT('2D SPACE',''
  ) );
#10870 = ORIENTED_EDGE('',*,*,#7712,.F.);
#10871 = ORIENTED_EDGE('',*,*,#10850,.F.);
#10872 = ADVANCED_FACE('',(#10873),#7787,.T.);
#10873 = FACE_BOUND('',#10874,.T.);
#10874 = EDGE_LOOP('',(#10875,#10876,#10877,#10898));
#10875 = ORIENTED_EDGE('',*,*,#7927,.T.);
#10876 = ORIENTED_EDGE('',*,*,#7771,.T.);
#10877 = ORIENTED_EDGE('',*,*,#10878,.F.);
#10878 = EDGE_CURVE('',#7955,#7772,#10879,.T.);
#10879 = SURFACE_CURVE('',#10880,(#10884,#10891),.PCURVE_S1.);
#10880 = LINE('',#10881,#10882);
#10881 = CARTESIAN_POINT('',(155.6513684387,76.,35.2));
#10882 = VECTOR('',#10883,1.);
#10883 = DIRECTION('',(0.,0.,1.));
#10884 = PCURVE('',#7787,#10885);
#10885 = DEFINITIONAL_REPRESENTATION('',(#10886),#10890);
#10886 = LINE('',#10887,#10888);
#10887 = CARTESIAN_POINT('',(3.3486315613,0.));
#10888 = VECTOR('',#10889,1.);
#10889 = DIRECTION('',(0.,-1.));
#10890 = ( GEOMETRIC_REPRESENTATION_CONTEXT(2) 
PARAMETRIC_REPRESENTATION_CONTEXT() REPRESENTATION_CONTEXT('2D SPACE',''
  ) );
#10891 = PCURVE('',#7815,#10892);
#10892 = DEFINITIONAL_REPRESENTATION('',(#10893),#10897);
#10893 = LINE('',#10894,#10895);
#10894 = CARTESIAN_POINT('',(0.,0.));
#10895 = VECTOR('',#10896,1.);
#10896 = DIRECTION('',(0.,-1.));
#10897 = ( GEOMETRIC_REPRESENTATION_CONTEXT(2) 
PARAMETRIC_REPRESENTATION_CONTEXT() REPRESENTATION_CONTEXT('2D SPACE',''
  ) );
#10898 = ORIENTED_EDGE('',*,*,#7954,.F.);
#10899 = ADVANCED_FACE('',(#10900),#7815,.T.);
#10900 = FACE_BOUND('',#10901,.T.);
#10901 = EDGE_LOOP('',(#10902,#10903,#10904,#10905));
#10902 = ORIENTED_EDGE('',*,*,#10878,.T.);
#10903 = ORIENTED_EDGE('',*,*,#7799,.T.);
#10904 = ORIENTED_EDGE('',*,*,#7878,.F.);
#10905 = ORIENTED_EDGE('',*,*,#7977,.F.);
#10906 = ADVANCED_FACE('',(#10907),#8023,.F.);
#10907 = FACE_BOUND('',#10908,.T.);
#10908 = EDGE_LOOP('',(#10909,#10932,#10961,#11396,#11418,#11419));
#10909 = ORIENTED_EDGE('',*,*,#10910,.F.);
#10910 = EDGE_CURVE('',#10911,#8003,#10913,.T.);
#10911 = VERTEX_POINT('',#10912);
#10912 = CARTESIAN_POINT('',(160.7,76.,29.));
#10913 = SEAM_CURVE('',#10914,(#10918,#10925),.PCURVE_S1.);
#10914 = LINE('',#10915,#10916);
#10915 = CARTESIAN_POINT('',(160.7,76.,29.));
#10916 = VECTOR('',#10917,1.);
#10917 = DIRECTION('',(0.,0.,1.));
#10918 = PCURVE('',#8023,#10919);
#10919 = DEFINITIONAL_REPRESENTATION('',(#10920),#10924);
#10920 = LINE('',#10921,#10922);
#10921 = CARTESIAN_POINT('',(-6.28318530718,0.));
#10922 = VECTOR('',#10923,1.);
#10923 = DIRECTION('',(-0.,-1.));
#10924 = ( GEOMETRIC_REPRESENTATION_CONTEXT(2) 
PARAMETRIC_REPRESENTATION_CONTEXT() REPRESENTATION_CONTEXT('2D SPACE',''
  ) );
#10925 = PCURVE('',#8023,#10926);
#10926 = DEFINITIONAL_REPRESENTATION('',(#10927),#10931);
#10927 = LINE('',#10928,#10929);
#10928 = CARTESIAN_POINT('',(-0.,0.));
#10929 = VECTOR('',#10930,1.);
#10930 = DIRECTION('',(-0.,-1.));
#10931 = ( GEOMETRIC_REPRESENTATION_CONTEXT(2) 
PARAMETRIC_REPRESENTATION_CONTEXT() REPRESENTATION_CONTEXT('2D SPACE',''
  ) );
#10932 = ORIENTED_EDGE('',*,*,#10933,.F.);
#10933 = EDGE_CURVE('',#10934,#10911,#10936,.T.);
#10934 = VERTEX_POINT('',#10935);
#10935 = CARTESIAN_POINT('',(160.63333333333,75.528595479209,29.));
#10936 = SURFACE_CURVE('',#10937,(#10942,#10949),.PCURVE_S1.);
#10937 = CIRCLE('',#10938,1.7);
#10938 = AXIS2_PLACEMENT_3D('',#10939,#10940,#10941);
#10939 = CARTESIAN_POINT('',(159.,76.,29.));
#10940 = DIRECTION('',(0.,0.,1.));
#10941 = DIRECTION('',(1.,0.,0.));
#10942 = PCURVE('',#8023,#10943);
#10943 = DEFINITIONAL_REPRESENTATION('',(#10944),#10948);
#10944 = LINE('',#10945,#10946);
#10945 = CARTESIAN_POINT('',(-0.,0.));
#10946 = VECTOR('',#10947,1.);
#10947 = DIRECTION('',(-1.,0.));
#10948 = ( GEOMETRIC_REPRESENTATION_CONTEXT(2) 
PARAMETRIC_REPRESENTATION_CONTEXT() REPRESENTATION_CONTEXT('2D SPACE',''
  ) );
#10949 = PCURVE('',#10950,#10955);
#10950 = PLANE('',#10951);
#10951 = AXIS2_PLACEMENT_3D('',#10952,#10953,#10954);
#10952 = CARTESIAN_POINT('',(159.,76.,29.));
#10953 = DIRECTION('',(0.,0.,1.));
#10954 = DIRECTION('',(1.,0.,-0.));
#10955 = DEFINITIONAL_REPRESENTATION('',(#10956),#10960);
#10956 = CIRCLE('',#10957,1.7);
#10957 = AXIS2_PLACEMENT_2D('',#10958,#10959);
#10958 = CARTESIAN_POINT('',(0.,0.));
#10959 = DIRECTION('',(1.,0.));
#10960 = ( GEOMETRIC_REPRESENTATION_CONTEXT(2) 
PARAMETRIC_REPRESENTATION_CONTEXT() REPRESENTATION_CONTEXT('2D SPACE',''
  ) );
#10961 = ORIENTED_EDGE('',*,*,#10962,.T.);
#10962 = EDGE_CURVE('',#10934,#10963,#10965,.T.);
#10963 = VERTEX_POINT('',#10964);
#10964 = CARTESIAN_POINT('',(160.63333333333,76.471404520791,29.));
#10965 = SURFACE_CURVE('',#10966,(#11069,#11230),.PCURVE_S1.);
#10966 = B_SPLINE_CURVE_WITH_KNOTS('',7,(#10967,#10968,#10969,#10970,
    #10971,#10972,#10973,#10974,#10975,#10976,#10977,#10978,#10979,
    #10980,#10981,#10982,#10983,#10984,#10985,#10986,#10987,#10988,
    #10989,#10990,#10991,#10992,#10993,#10994,#10995,#10996,#10997,
    #10998,#10999,#11000,#11001,#11002,#11003,#11004,#11005,#11006,
    #11007,#11008,#11009,#11010,#11011,#11012,#11013,#11014,#11015,
    #11016,#11017,#11018,#11019,#11020,#11021,#11022,#11023,#11024,
    #11025,#11026,#11027,#11028,#11029,#11030,#11031,#11032,#11033,
    #11034,#11035,#11036,#11037,#11038,#11039,#11040,#11041,#11042,
    #11043,#11044,#11045,#11046,#11047,#11048,#11049,#11050,#11051,
    #11052,#11053,#11054,#11055,#11056,#11057,#11058,#11059,#11060,
    #11061,#11062,#11063,#11064,#11065,#11066,#11067,#11068),
  .UNSPECIFIED.,.F.,.F.,(8,6,6,6,6,6,4,6,6,6,6,6,6,6,6,6,6,8),(
    6.279283200463E-07,0.212534169905,0.337209705877,0.428242587025,
    0.659533825994,0.894138197158,1.,1.251814091288,1.449693258895,
    1.801787343767,2.050007177543,2.214908350916,2.32041045099,
    2.569712299529,2.800324524039,2.889836337822,3.017640643172,
    3.228428079721),.UNSPECIFIED.);
#10967 = CARTESIAN_POINT('',(160.63333333333,75.528595479209,29.));
#10968 = CARTESIAN_POINT('',(160.60528879868,75.431426124177,
    29.029011587563));
#10969 = CARTESIAN_POINT('',(160.57075855173,75.337099848143,
    29.06473253269));
#10970 = CARTESIAN_POINT('',(160.53018576,75.246305927939,
    29.106704386201));
#10971 = CARTESIAN_POINT('',(160.4841013139,75.159547284444,
    29.154377951128));
#10972 = CARTESIAN_POINT('',(160.43305800396,75.077180738154,
    29.207181375205));
#10973 = CARTESIAN_POINT('',(160.37758745332,74.999448388406,
    29.264564703453));
#10974 = CARTESIAN_POINT('',(160.28333034,74.883707506469,
    29.362072062061));
#10975 = CARTESIAN_POINT('',(160.2471238597,74.842558620604,
    29.399527041689));
#10976 = CARTESIAN_POINT('',(160.20965674141,74.803081556683,
    29.438286129572));
#10977 = CARTESIAN_POINT('',(160.17102115495,74.765296345961,
    29.478253977632));
#10978 = CARTESIAN_POINT('',(160.13130430179,74.729216272785,
    29.519340377459));
#10979 = CARTESIAN_POINT('',(160.09058765371,74.694849194462,
    29.561461047878));
#10980 = CARTESIAN_POINT('',(160.0185413311,74.638358948246,
    29.635991726446));
#10981 = CARTESIAN_POINT('',(159.98764381796,74.615434664334,
    29.667954671076));
#10982 = CARTESIAN_POINT('',(159.95628307994,74.593427407548,
    29.700396813849));
#10983 = CARTESIAN_POINT('',(159.92448729514,74.572338030126,
    29.733289005018));
#10984 = CARTESIAN_POINT('',(159.89228339193,74.552166838382,
    29.76660338765));
#10985 = CARTESIAN_POINT('',(159.85969704896,74.532913592706,
    29.800313397623));
#10986 = CARTESIAN_POINT('',(159.74304952865,74.46799021078,
    29.920983246217));
#10987 = CARTESIAN_POINT('',(159.65704561012,74.427329732246,
    30.009952817116));
#10988 = CARTESIAN_POINT('',(159.5691277086,74.392575340374,
    30.100902370406));
#10989 = CARTESIAN_POINT('',(159.47965717183,74.363714833293,
    30.193458098104));
#10990 = CARTESIAN_POINT('',(159.38897341064,74.340738596251,
    30.287268885544));
#10991 = CARTESIAN_POINT('',(159.2973952374,74.323641452016,
    30.382004926826));
#10992 = CARTESIAN_POINT('',(159.11172451558,74.301062591055,
    30.574078087328));
#10993 = CARTESIAN_POINT('',(159.017631829,74.295752812793,
    30.671415349301));
#10994 = CARTESIAN_POINT('',(158.92325645292,74.296508820058,
    30.769045048699));
#10995 = CARTESIAN_POINT('',(158.82892766806,74.303353934578,
    30.866626550275));
#10996 = CARTESIAN_POINT('',(158.73499067471,74.31631664502,
    30.963802750297));
#10997 = CARTESIAN_POINT('',(158.64180761661,74.335424853003,
    31.060199017295));
#10998 = CARTESIAN_POINT('',(158.50822272982,74.372114720457,
    31.198390279488));
#10999 = CARTESIAN_POINT('',(158.46691974183,74.384779137138,
    31.241117508443));
#11000 = CARTESIAN_POINT('',(158.42588568902,74.398702269595,
    31.2835665286));
#11001 = CARTESIAN_POINT('',(158.38515827251,74.413885599825,
    31.325698338778));
#11002 = CARTESIAN_POINT('',(158.24872107822,74.469445518119,
    31.466840263908));
#11003 = CARTESIAN_POINT('',(158.11669992601,74.539396076973,
    31.603413869641));
#11004 = CARTESIAN_POINT('',(157.99072377209,74.623689984034,
    31.733734028864));
#11005 = CARTESIAN_POINT('',(157.90567267194,74.690072532248,
    31.821717925574));
#11006 = CARTESIAN_POINT('',(157.82495759699,74.763344294129,
    31.905216278974));
#11007 = CARTESIAN_POINT('',(157.7493121107,74.843247971157,
    31.983470230306));
#11008 = CARTESIAN_POINT('',(157.62460399048,74.997065149798,
    32.112478630528));
#11009 = CARTESIAN_POINT('',(157.57331661968,75.068597421603,
    32.165534531362));
#11010 = CARTESIAN_POINT('',(157.52599223309,75.143765046251,
    32.214490793348));
#11011 = CARTESIAN_POINT('',(157.48299469911,75.222301567411,
    32.258971000918));
#11012 = CARTESIAN_POINT('',(157.44467052455,75.3038828684,
    32.298616698733));
#11013 = CARTESIAN_POINT('',(157.41133449718,75.388118420371,
    32.333102244292));
#11014 = CARTESIAN_POINT('',(157.33327076521,75.628306347261,
    32.413857829084));
#11015 = CARTESIAN_POINT('',(157.29978835223,75.789370370443,
    32.448494808028));
#11016 = CARTESIAN_POINT('',(157.28459438693,75.954576076589,
    32.464212703169));
#11017 = CARTESIAN_POINT('',(157.28827940349,76.120767229833,
    32.460400617076));
#11018 = CARTESIAN_POINT('',(157.31071895752,76.284865432798,
    32.437187285324));
#11019 = CARTESIAN_POINT('',(157.35106859724,76.443826286526,
    32.395446278717));
#11020 = CARTESIAN_POINT('',(157.4471705726,76.701157004733,
    32.296030442131));
#11021 = CARTESIAN_POINT('',(157.49492244368,76.803715090825,
    32.246631954813));
#11022 = CARTESIAN_POINT('',(157.55012251513,76.9015557441,
    32.189528432615));
#11023 = CARTESIAN_POINT('',(157.61209319195,76.994011235356,
    32.125420835908));
#11024 = CARTESIAN_POINT('',(157.68011022135,77.08057350897,
    32.055058391703));
#11025 = CARTESIAN_POINT('',(157.75344238185,77.160864687777,
    31.979197536017));
#11026 = CARTESIAN_POINT('',(157.88313510732,77.28362527604,
    31.845032647595));
#11027 = CARTESIAN_POINT('',(157.93693775129,77.329750718684,
    31.789374740037));
#11028 = CARTESIAN_POINT('',(157.99257286125,77.372930565469,
    31.731821178012));
#11029 = CARTESIAN_POINT('',(158.04984485135,77.413115775545,
    31.672574291706));
#11030 = CARTESIAN_POINT('',(158.10856671307,77.450274550992,
    31.611827538197));
#11031 = CARTESIAN_POINT('',(158.16856208351,77.484388636738,
    31.549763361886));
#11032 = CARTESIAN_POINT('',(158.26876182069,77.535322123197,
    31.44610846135));
#11033 = CARTESIAN_POINT('',(158.30831037695,77.553944782186,
    31.405196161772));
#11034 = CARTESIAN_POINT('',(158.3482700727,77.571315420805,
    31.363858545478));
#11035 = CARTESIAN_POINT('',(158.38859952322,77.587433245305,
    31.322138424251));
#11036 = CARTESIAN_POINT('',(158.42925893355,77.602298582985,
    31.280076965291));
#11037 = CARTESIAN_POINT('',(158.47021016334,77.615912620339,
    31.23771362413));
#11038 = CARTESIAN_POINT('',(158.60878820533,77.657494549263,
    31.094357028968));
#11039 = CARTESIAN_POINT('',(158.70757254475,77.679730950901,
    30.992166333008));
#11040 = CARTESIAN_POINT('',(158.80730608817,77.695018494102,
    30.888993701889));
#11041 = CARTESIAN_POINT('',(158.90754908733,77.703390255029,
    30.785294047581));
#11042 = CARTESIAN_POINT('',(159.00788449695,77.704881507147,
    30.681498796259));
#11043 = CARTESIAN_POINT('',(159.10791665209,77.699521701457,
    30.578017256454));
#11044 = CARTESIAN_POINT('',(159.29917483639,77.676027562632,
    30.38016396235));
#11045 = CARTESIAN_POINT('',(159.39048124941,77.65888315326,
    30.285709052335));
#11046 = CARTESIAN_POINT('',(159.48089410639,77.635892603576,
    30.192178510624));
#11047 = CARTESIAN_POINT('',(159.57009714274,77.60705070928,
    30.09989950751));
#11048 = CARTESIAN_POINT('',(159.65775365277,77.572347888446,
    30.009220359203));
#11049 = CARTESIAN_POINT('',(159.74350517354,77.531772018179,
    29.920511889433));
#11050 = CARTESIAN_POINT('',(159.85936405661,77.467265570307,
    29.800657872469));
#11051 = CARTESIAN_POINT('',(159.89141371652,77.448341534152,
    29.767503051872));
#11052 = CARTESIAN_POINT('',(159.92309379329,77.428529761198,
    29.734730558664));
#11053 = CARTESIAN_POINT('',(159.95437987861,77.407830019573,
    29.702365642812));
#11054 = CARTESIAN_POINT('',(159.98524639762,77.386242583263,
    29.670434761073));
#11055 = CARTESIAN_POINT('',(160.0156666089,77.363768232104,29.638965577
    ));
#11056 = CARTESIAN_POINT('',(160.08836927524,77.307055044755,
    29.56375592216));
#11057 = CARTESIAN_POINT('',(160.13015840856,77.271897157168,
    29.520525784244));
#11058 = CARTESIAN_POINT('',(160.1708995111,77.234938434709,
    29.478379816096));
#11059 = CARTESIAN_POINT('',(160.21050489159,77.196187212579,
    29.437408732838));
#11060 = CARTESIAN_POINT('',(160.24888052399,77.155657810406,
    29.397709802768));
#11061 = CARTESIAN_POINT('',(160.28592691084,77.113372027147,
    29.359385954302));
#11062 = CARTESIAN_POINT('',(160.38027646929,76.996772718899,
    29.261782962803));
#11063 = CARTESIAN_POINT('',(160.43512001696,76.919483758263,
    29.205048258316));
#11064 = CARTESIAN_POINT('',(160.4855908884,76.837642811806,
    29.152837011998));
#11065 = CARTESIAN_POINT('',(160.5311697149,76.751488922004,
    29.105686501826));
#11066 = CARTESIAN_POINT('',(160.5713172369,76.661372795899,
    29.064154582513));
#11067 = CARTESIAN_POINT('',(160.60551590902,76.567786978648,
    29.028776645834));
#11068 = CARTESIAN_POINT('',(160.63333333333,76.471404520791,29.));
#11069 = PCURVE('',#8023,#11070);
#11070 = DEFINITIONAL_REPRESENTATION('',(#11071),#11229);
#11071 = B_SPLINE_CURVE_WITH_KNOTS('',3,(#11072,#11073,#11074,#11075,
    #11076,#11077,#11078,#11079,#11080,#11081,#11082,#11083,#11084,
    #11085,#11086,#11087,#11088,#11089,#11090,#11091,#11092,#11093,
    #11094,#11095,#11096,#11097,#11098,#11099,#11100,#11101,#11102,
    #11103,#11104,#11105,#11106,#11107,#11108,#11109,#11110,#11111,
    #11112,#11113,#11114,#11115,#11116,#11117,#11118,#11119,#11120,
    #11121,#11122,#11123,#11124,#11125,#11126,#11127,#11128,#11129,
    #11130,#11131,#11132,#11133,#11134,#11135,#11136,#11137,#11138,
    #11139,#11140,#11141,#11142,#11143,#11144,#11145,#11146,#11147,
    #11148,#11149,#11150,#11151,#11152,#11153,#11154,#11155,#11156,
    #11157,#11158,#11159,#11160,#11161,#11162,#11163,#11164,#11165,
    #11166,#11167,#11168,#11169,#11170,#11171,#11172,#11173,#11174,
    #11175,#11176,#11177,#11178,#11179,#11180,#11181,#11182,#11183,
    #11184,#11185,#11186,#11187,#11188,#11189,#11190,#11191,#11192,
    #11193,#11194,#11195,#11196,#11197,#11198,#11199,#11200,#11201,
    #11202,#11203,#11204,#11205,#11206,#11207,#11208,#11209,#11210,
    #11211,#11212,#11213,#11214,#11215,#11216,#11217,#11218,#11219,
    #11220,#11221,#11222,#11223,#11224,#11225,#11226,#11227,#11228),
  .UNSPECIFIED.,.F.,.F.,(4,1,1,1,1,1,1,1,1,1,1,1,1,1,1,1,1,1,1,1,1,1,1,1
    ,1,1,1,1,1,1,1,1,1,1,1,1,1,1,1,1,1,1,1,1,1,1,1,1,1,1,1,1,1,1,1,1,1,1
    ,1,1,1,1,1,1,1,1,1,1,1,1,1,1,1,1,1,1,1,1,1,1,1,1,1,1,1,1,1,1,1,1,1,1
    ,1,1,1,1,1,1,1,1,1,1,1,1,1,1,1,1,1,1,1,1,1,1,1,1,1,1,1,1,1,1,1,1,1,1
    ,1,1,1,1,1,1,1,1,1,1,1,1,1,1,1,1,1,1,1,1,1,1,1,1,1,1,1,1,4),(
    6.279283200463E-07,2.096444255035E-02,4.192825717238E-02,
    6.289207179441E-02,8.385588641644E-02,0.104819701038,0.12578351566,
    0.146747330283,0.167711144905,0.188674959527,0.209638774149,
    0.230602588771,0.251566403393,0.272530218015,0.293494032637,
    0.314457847259,0.335421661881,0.356385476503,0.377349291125,
    0.398313105747,0.419276920369,0.440240734991,0.461204549613,
    0.482168364235,0.503132178857,0.524095993479,0.545059808101,
    0.566023622723,0.586987437345,0.607951251967,0.628915066589,
    0.649878881211,0.670842695833,0.691806510455,0.712770325077,
    0.733734139699,0.754697954321,0.775661768943,0.796625583565,
    0.817589398187,0.838553212809,0.859517027432,0.880480842054,
    0.901444656676,0.922408471298,0.94337228592,0.964336100542,
    0.985299915164,1.006263729786,1.027227544408,1.04819135903,
    1.069155173652,1.090118988274,1.111082802896,1.132046617518,
    1.15301043214,1.173974246762,1.194938061384,1.215901876006,
    1.236865690628,1.25782950525,1.278793319872,1.299757134494,
    1.320720949116,1.341684763738,1.36264857836,1.383612392982,
    1.404576207604,1.425540022226,1.446503836848,1.46746765147,
    1.488431466092,1.509395280714,1.530359095336,1.551322909958,
    1.57228672458,1.593250539203,1.614214353825,1.635178168447,
    1.656141983069,1.677105797691,1.698069612313,1.719033426935,
    1.739997241557,1.760961056179,1.781924870801,1.802888685423,
    1.823852500045,1.844816314667,1.865780129289,1.886743943911,
    1.907707758533,1.928671573155,1.949635387777,1.970599202399,
    1.991563017021,2.012526831643,2.033490646265,2.054454460887,
    2.075418275509,2.096382090131,2.117345904753,2.138309719375,
    2.159273533997,2.180237348619,2.201201163241,2.222164977863,
    2.243128792485,2.264092607107,2.285056421729,2.306020236351,
    2.326984050974,2.347947865596,2.368911680218,2.38987549484,
    2.410839309462,2.431803124084,2.452766938706,2.473730753328,
    2.49469456795,2.515658382572,2.536622197194,2.557586011816,
    2.578549826438,2.59951364106,2.620477455682,2.641441270304,
    2.662405084926,2.683368899548,2.70433271417,2.725296528792,
    2.746260343414,2.767224158036,2.788187972658,2.80915178728,
    2.830115601902,2.851079416524,2.872043231146,2.893007045768,
    2.91397086039,2.934934675012,2.955898489634,2.976862304256,
    2.997826118878,3.0187899335,3.039753748123,3.060717562745,
    3.081681377367,3.102645191989,3.123609006611,3.144572821233,
    3.165536635855,3.186500450477,3.207464265099,3.228428079721),
  .QUASI_UNIFORM_KNOTS.);
#11072 = CARTESIAN_POINT('',(-6.002205903673,2.48689957516E-14));
#11073 = CARTESIAN_POINT('',(-5.988513329341,-6.676700974864E-03));
#11074 = CARTESIAN_POINT('',(-5.961204279654,-2.094573878215E-02));
#11075 = CARTESIAN_POINT('',(-5.920485803502,-4.499446243632E-02));
#11076 = CARTESIAN_POINT('',(-5.880030727733,-7.15883911196E-02));
#11077 = CARTESIAN_POINT('',(-5.8398521024,-0.100621337415));
#11078 = CARTESIAN_POINT('',(-5.799960149706,-0.131984747979));
#11079 = CARTESIAN_POINT('',(-5.760362111692,-0.165568243575));
#11080 = CARTESIAN_POINT('',(-5.721062672139,-0.20126091788));
#11081 = CARTESIAN_POINT('',(-5.682064156756,-0.238952265125));
#11082 = CARTESIAN_POINT('',(-5.643366609679,-0.278533178033));
#11083 = CARTESIAN_POINT('',(-5.60496822357,-0.31989638012));
#11084 = CARTESIAN_POINT('',(-5.566864195686,-0.362938394639));
#11085 = CARTESIAN_POINT('',(-5.52904497747,-0.407562892091));
#11086 = CARTESIAN_POINT('',(-5.491502513402,-0.453674015778));
#11087 = CARTESIAN_POINT('',(-5.454227182895,-0.501180013705));
#11088 = CARTESIAN_POINT('',(-5.41720859533,-0.54999260979));
#11089 = CARTESIAN_POINT('',(-5.380435231074,-0.600027634542));
#11090 = CARTESIAN_POINT('',(-5.3438948438,-0.651204731751));
#11091 = CARTESIAN_POINT('',(-5.307575002824,-0.703446469243));
#11092 = CARTESIAN_POINT('',(-5.271462563254,-0.756679252277));
#11093 = CARTESIAN_POINT('',(-5.235544302508,-0.810832342792));
#11094 = CARTESIAN_POINT('',(-5.199806597411,-0.86583808345));
#11095 = CARTESIAN_POINT('',(-5.164237482607,-0.921628714092));
#11096 = CARTESIAN_POINT('',(-5.128821598556,-0.978144068535));
#11097 = CARTESIAN_POINT('',(-5.093544812555,-1.035324341704));
#11098 = CARTESIAN_POINT('',(-5.058393213172,-1.093111378301));
#11099 = CARTESIAN_POINT('',(-5.023353231996,-1.151448279883));
#11100 = CARTESIAN_POINT('',(-4.988411474715,-1.210279468852));
#11101 = CARTESIAN_POINT('',(-4.95355463432,-1.269550643598));
#11102 = CARTESIAN_POINT('',(-4.918769398715,-1.329208749335));
#11103 = CARTESIAN_POINT('',(-4.884042315896,-1.38920203226));
#11104 = CARTESIAN_POINT('',(-4.849359836715,-1.449479781933));
#11105 = CARTESIAN_POINT('',(-4.814707677062,-1.509993274663));
#11106 = CARTESIAN_POINT('',(-4.780075737513,-1.57068694298));
#11107 = CARTESIAN_POINT('',(-4.745450198534,-1.631512002939));
#11108 = CARTESIAN_POINT('',(-4.710818395389,-1.69241778481));
#11109 = CARTESIAN_POINT('',(-4.676167958215,-1.753353035242));
#11110 = CARTESIAN_POINT('',(-4.641486924899,-1.814265548879));
#11111 = CARTESIAN_POINT('',(-4.60676360315,-1.875102245668));
#11112 = CARTESIAN_POINT('',(-4.57198650138,-1.935809137042));
#11113 = CARTESIAN_POINT('',(-4.537144263223,-1.996331292031));
#11114 = CARTESIAN_POINT('',(-4.502225535942,-2.056612915858));
#11115 = CARTESIAN_POINT('',(-4.467219105818,-2.116596979807));
#11116 = CARTESIAN_POINT('',(-4.432113026656,-2.176226534587));
#11117 = CARTESIAN_POINT('',(-4.396898263159,-2.235438454442));
#11118 = CARTESIAN_POINT('',(-4.361564920279,-2.294169700827));
#11119 = CARTESIAN_POINT('',(-4.326103339751,-2.35235550602));
#11120 = CARTESIAN_POINT('',(-4.290504317848,-2.409928895777));
#11121 = CARTESIAN_POINT('',(-4.254758936316,-2.466820873548));
#11122 = CARTESIAN_POINT('',(-4.21885842249,-2.522960558331));
#11123 = CARTESIAN_POINT('',(-4.182794758417,-2.57827430602));
#11124 = CARTESIAN_POINT('',(-4.146560826826,-2.632685573786));
#11125 = CARTESIAN_POINT('',(-4.110150279368,-2.686115209444));
#11126 = CARTESIAN_POINT('',(-4.07355748997,-2.738481641646));
#11127 = CARTESIAN_POINT('',(-4.036777512396,-2.78970109256));
#11128 = CARTESIAN_POINT('',(-3.999806064584,-2.839687783586));
#11129 = CARTESIAN_POINT('',(-3.962639532643,-2.888354146514));
#11130 = CARTESIAN_POINT('',(-3.925274999915,-2.93561103612));
#11131 = CARTESIAN_POINT('',(-3.887710283554,-2.981367964039));
#11132 = CARTESIAN_POINT('',(-3.849944037876,-3.025533294743));
#11133 = CARTESIAN_POINT('',(-3.811975697369,-3.068014636742));
#11134 = CARTESIAN_POINT('',(-3.773806043765,-3.108718649882));
#11135 = CARTESIAN_POINT('',(-3.735439733504,-3.147549156669));
#11136 = CARTESIAN_POINT('',(-3.69688160595,-3.184411964374));
#11137 = CARTESIAN_POINT('',(-3.658137268552,-3.219214627647));
#11138 = CARTESIAN_POINT('',(-3.619213136495,-3.251866970743));
#11139 = CARTESIAN_POINT('',(-3.580116529093,-3.282281550127));
#11140 = CARTESIAN_POINT('',(-3.540856247176,-3.310373949375));
#11141 = CARTESIAN_POINT('',(-3.501441376299,-3.336064157898));
#11142 = CARTESIAN_POINT('',(-3.461886951743,-3.359274135523));
#11143 = CARTESIAN_POINT('',(-3.422194230393,-3.379939903215));
#11144 = CARTESIAN_POINT('',(-3.382358489081,-3.398002685161));
#11145 = CARTESIAN_POINT('',(-3.342413873194,-3.413392431867));
#11146 = CARTESIAN_POINT('',(-3.302381151956,-3.426056639027));
#11147 = CARTESIAN_POINT('',(-3.262281687401,-3.435952089936));
#11148 = CARTESIAN_POINT('',(-3.222134270482,-3.44304630043));
#11149 = CARTESIAN_POINT('',(-3.181956496451,-3.447316498701));
#11150 = CARTESIAN_POINT('',(-3.141764881334,-3.448749397308));
#11151 = CARTESIAN_POINT('',(-3.101575282733,-3.447340881823));
#11152 = CARTESIAN_POINT('',(-3.061403214193,-3.443095846945));
#11153 = CARTESIAN_POINT('',(-3.021264177528,-3.436028118306));
#11154 = CARTESIAN_POINT('',(-2.981173970657,-3.426160462242));
#11155 = CARTESIAN_POINT('',(-2.941149059573,-3.413524722156));
#11156 = CARTESIAN_POINT('',(-2.90120674382,-3.398161910695));
#11157 = CARTESIAN_POINT('',(-2.8613661482,-3.380122888197));
#11158 = CARTESIAN_POINT('',(-2.821646216092,-3.359467262347));
#11159 = CARTESIAN_POINT('',(-2.782075002059,-3.33626932479));
#11160 = CARTESIAN_POINT('',(-2.742656692902,-3.310597968546));
#11161 = CARTESIAN_POINT('',(-2.703389316279,-3.282520993326));
#11162 = CARTESIAN_POINT('',(-2.664287328838,-3.252121815692));
#11163 = CARTESIAN_POINT('',(-2.62535839777,-3.219484295465));
#11164 = CARTESIAN_POINT('',(-2.586609990241,-3.184696030194));
#11165 = CARTESIAN_POINT('',(-2.5480479195,-3.147846760065));
#11166 = CARTESIAN_POINT('',(-2.509676990044,-3.10902813713));
#11167 = CARTESIAN_POINT('',(-2.471501042884,-3.068333200967));
#11168 = CARTESIAN_POINT('',(-2.433523079697,-3.025855938465));
#11169 = CARTESIAN_POINT('',(-2.395745480155,-2.981691074812));
#11170 = CARTESIAN_POINT('',(-2.358169610943,-2.935933129688));
#11171 = CARTESIAN_POINT('',(-2.320797655538,-2.888678455614));
#11172 = CARTESIAN_POINT('',(-2.283625497373,-2.840015583472));
#11173 = CARTESIAN_POINT('',(-2.246648875751,-2.79003203539));
#11174 = CARTESIAN_POINT('',(-2.209864329331,-2.738815660585));
#11175 = CARTESIAN_POINT('',(-2.17326727987,-2.686451892533));
#11176 = CARTESIAN_POINT('',(-2.136852574372,-2.633024259545));
#11177 = CARTESIAN_POINT('',(-2.10061434051,-2.578614011028));
#11178 = CARTESIAN_POINT('',(-2.064546033178,-2.523300027595));
#11179 = CARTESIAN_POINT('',(-2.028640300799,-2.467158480103));
#11180 = CARTESIAN_POINT('',(-1.992889376074,-2.410263370512));
#11181 = CARTESIAN_POINT('',(-1.957284820254,-2.352686086586));
#11182 = CARTESIAN_POINT('',(-1.921817795282,-2.294495809408));
#11183 = CARTESIAN_POINT('',(-1.88647920209,-2.23575977942));
#11184 = CARTESIAN_POINT('',(-1.851258940906,-2.17654207441));
#11185 = CARTESIAN_POINT('',(-1.816149076918,-2.116909046485));
#11186 = CARTESIAN_POINT('',(-1.781138164698,-2.056919816162));
#11187 = CARTESIAN_POINT('',(-1.746214883979,-1.996632401005));
#11188 = CARTESIAN_POINT('',(-1.711368002175,-1.936103830743));
#11189 = CARTESIAN_POINT('',(-1.676586285689,-1.87539013456));
#11190 = CARTESIAN_POINT('',(-1.641858427661,-1.81454636201));
#11191 = CARTESIAN_POINT('',(-1.607172973709,-1.753626597806));
#11192 = CARTESIAN_POINT('',(-1.572518240767,-1.69268396809));
#11193 = CARTESIAN_POINT('',(-1.537882256016,-1.631770687457));
#11194 = CARTESIAN_POINT('',(-1.503252601846,-1.570937952074));
#11195 = CARTESIAN_POINT('',(-1.468616585556,-1.51023640822));
#11196 = CARTESIAN_POINT('',(-1.433960162945,-1.449714473642));
#11197 = CARTESIAN_POINT('',(-1.39927339689,-1.389428029049));
#11198 = CARTESIAN_POINT('',(-1.364542112898,-1.329426014337));
#11199 = CARTESIAN_POINT('',(-1.329752712584,-1.269759079122));
#11200 = CARTESIAN_POINT('',(-1.294891740813,-1.210478996749));
#11201 = CARTESIAN_POINT('',(-1.259945873284,-1.151638825862));
#11202 = CARTESIAN_POINT('',(-1.224901796313,-1.093292881723));
#11203 = CARTESIAN_POINT('',(-1.189746110388,-1.03549675826));
#11204 = CARTESIAN_POINT('',(-1.154465244518,-0.978307374773));
#11205 = CARTESIAN_POINT('',(-1.119045286594,-0.921782910583));
#11206 = CARTESIAN_POINT('',(-1.083472106968,-0.865983200565));
#11207 = CARTESIAN_POINT('',(-1.047730346658,-0.810968436506));
#11208 = CARTESIAN_POINT('',(-1.0118080036,-0.756806349566));
#11209 = CARTESIAN_POINT('',(-0.97569147044,-0.70356464536));
#11210 = CARTESIAN_POINT('',(-0.939367516528,-0.651314077392));
#11211 = CARTESIAN_POINT('',(-0.902822971366,-0.600128242951));
#11212 = CARTESIAN_POINT('',(-0.866045465994,-0.550084677462));
#11213 = CARTESIAN_POINT('',(-0.829022668159,-0.501263654545));
#11214 = CARTESIAN_POINT('',(-0.791743083975,-0.453749411934));
#11215 = CARTESIAN_POINT('',(-0.754196315169,-0.407630250562));
#11216 = CARTESIAN_POINT('',(-0.716372756764,-0.36299797356));
#11217 = CARTESIAN_POINT('',(-0.678264310226,-0.319948427762));
#11218 = CARTESIAN_POINT('',(-0.639861705631,-0.278578272418));
#11219 = CARTESIAN_POINT('',(-0.601159727124,-0.238990559204));
#11220 = CARTESIAN_POINT('',(-0.562156674967,-0.201292742537));
#11221 = CARTESIAN_POINT('',(-0.522852570228,-0.16559395095));
#11222 = CARTESIAN_POINT('',(-0.483249759406,-0.132004758146));
#11223 = CARTESIAN_POINT('',(-0.443352943772,-0.100636129219));
#11224 = CARTESIAN_POINT('',(-0.403169391519,-7.1598505697E-02));
#11225 = CARTESIAN_POINT('',(-0.362709355991,-4.500049933289E-02));
#11226 = CARTESIAN_POINT('',(-0.321985923215,-2.094835126268E-02));
#11227 = CARTESIAN_POINT('',(-0.294673600014,-6.677490513558E-03));
#11228 = CARTESIAN_POINT('',(-0.280979403507,2.84217094304E-14));
#11229 = ( GEOMETRIC_REPRESENTATION_CONTEXT(2) 
PARAMETRIC_REPRESENTATION_CONTEXT() REPRESENTATION_CONTEXT('2D SPACE',''
  ) );
#11230 = PCURVE('',#11231,#11236);
#11231 = B_SPLINE_SURFACE_WITH_KNOTS('',1,1,(
    (#11232,#11233)
    ,(#11234,#11235
  )),.UNSPECIFIED.,.F.,.F.,.F.,(2,2),(2,2),(11.6,135.6),(0.,1.),
  .PIECEWISE_BEZIER_KNOTS.);
#11232 = CARTESIAN_POINT('',(161.6,14.,28.));
#11233 = CARTESIAN_POINT('',(150.,32.,40.));
#11234 = CARTESIAN_POINT('',(161.6,138.,28.));
#11235 = CARTESIAN_POINT('',(150.,120.,40.));
#11236 = DEFINITIONAL_REPRESENTATION('',(#11237),#11395);
#11237 = B_SPLINE_CURVE_WITH_KNOTS('',3,(#11238,#11239,#11240,#11241,
    #11242,#11243,#11244,#11245,#11246,#11247,#11248,#11249,#11250,
    #11251,#11252,#11253,#11254,#11255,#11256,#11257,#11258,#11259,
    #11260,#11261,#11262,#11263,#11264,#11265,#11266,#11267,#11268,
    #11269,#11270,#11271,#11272,#11273,#11274,#11275,#11276,#11277,
    #11278,#11279,#11280,#11281,#11282,#11283,#11284,#11285,#11286,
    #11287,#11288,#11289,#11290,#11291,#11292,#11293,#11294,#11295,
    #11296,#11297,#11298,#11299,#11300,#11301,#11302,#11303,#11304,
    #11305,#11306,#11307,#11308,#11309,#11310,#11311,#11312,#11313,
    #11314,#11315,#11316,#11317,#11318,#11319,#11320,#11321,#11322,
    #11323,#11324,#11325,#11326,#11327,#11328,#11329,#11330,#11331,
    #11332,#11333,#11334,#11335,#11336,#11337,#11338,#11339,#11340,
    #11341,#11342,#11343,#11344,#11345,#11346,#11347,#11348,#11349,
    #11350,#11351,#11352,#11353,#11354,#11355,#11356,#11357,#11358,
    #11359,#11360,#11361,#11362,#11363,#11364,#11365,#11366,#11367,
    #11368,#11369,#11370,#11371,#11372,#11373,#11374,#11375,#11376,
    #11377,#11378,#11379,#11380,#11381,#11382,#11383,#11384,#11385,
    #11386,#11387,#11388,#11389,#11390,#11391,#11392,#11393,#11394),
  .UNSPECIFIED.,.F.,.F.,(4,1,1,1,1,1,1,1,1,1,1,1,1,1,1,1,1,1,1,1,1,1,1,1
    ,1,1,1,1,1,1,1,1,1,1,1,1,1,1,1,1,1,1,1,1,1,1,1,1,1,1,1,1,1,1,1,1,1,1
    ,1,1,1,1,1,1,1,1,1,1,1,1,1,1,1,1,1,1,1,1,1,1,1,1,1,1,1,1,1,1,1,1,1,1
    ,1,1,1,1,1,1,1,1,1,1,1,1,1,1,1,1,1,1,1,1,1,1,1,1,1,1,1,1,1,1,1,1,1,1
    ,1,1,1,1,1,1,1,1,1,1,1,1,1,1,1,1,1,1,1,1,1,1,1,1,1,1,1,1,4),(
    6.279283200463E-07,2.096444255035E-02,4.192825717238E-02,
    6.289207179441E-02,8.385588641644E-02,0.104819701038,0.12578351566,
    0.146747330283,0.167711144905,0.188674959527,0.209638774149,
    0.230602588771,0.251566403393,0.272530218015,0.293494032637,
    0.314457847259,0.335421661881,0.356385476503,0.377349291125,
    0.398313105747,0.419276920369,0.440240734991,0.461204549613,
    0.482168364235,0.503132178857,0.524095993479,0.545059808101,
    0.566023622723,0.586987437345,0.607951251967,0.628915066589,
    0.649878881211,0.670842695833,0.691806510455,0.712770325077,
    0.733734139699,0.754697954321,0.775661768943,0.796625583565,
    0.817589398187,0.838553212809,0.859517027432,0.880480842054,
    0.901444656676,0.922408471298,0.94337228592,0.964336100542,
    0.985299915164,1.006263729786,1.027227544408,1.04819135903,
    1.069155173652,1.090118988274,1.111082802896,1.132046617518,
    1.15301043214,1.173974246762,1.194938061384,1.215901876006,
    1.236865690628,1.25782950525,1.278793319872,1.299757134494,
    1.320720949116,1.341684763738,1.36264857836,1.383612392982,
    1.404576207604,1.425540022226,1.446503836848,1.46746765147,
    1.488431466092,1.509395280714,1.530359095336,1.551322909958,
    1.57228672458,1.593250539203,1.614214353825,1.635178168447,
    1.656141983069,1.677105797691,1.698069612313,1.719033426935,
    1.739997241557,1.760961056179,1.781924870801,1.802888685423,
    1.823852500045,1.844816314667,1.865780129289,1.886743943911,
    1.907707758533,1.928671573155,1.949635387777,1.970599202399,
    1.991563017021,2.012526831643,2.033490646265,2.054454460887,
    2.075418275509,2.096382090131,2.117345904753,2.138309719375,
    2.159273533997,2.180237348619,2.201201163241,2.222164977863,
    2.243128792485,2.264092607107,2.285056421729,2.306020236351,
    2.326984050974,2.347947865596,2.368911680218,2.38987549484,
    2.410839309462,2.431803124084,2.452766938706,2.473730753328,
    2.49469456795,2.515658382572,2.536622197194,2.557586011816,
    2.578549826438,2.59951364106,2.620477455682,2.641441270304,
    2.662405084926,2.683368899548,2.70433271417,2.725296528792,
    2.746260343414,2.767224158036,2.788187972658,2.80915178728,
    2.830115601902,2.851079416524,2.872043231146,2.893007045768,
    2.91397086039,2.934934675012,2.955898489634,2.976862304256,
    2.997826118878,3.0187899335,3.039753748123,3.060717562745,
    3.081681377367,3.102645191989,3.123609006611,3.144572821233,
    3.165536635855,3.186500450477,3.207464265099,3.228428079721),
  .QUASI_UNIFORM_KNOTS.);
#11238 = CARTESIAN_POINT('',(73.116907763817,8.333333333333E-02));
#11239 = CARTESIAN_POINT('',(73.093908290077,8.388972508124E-02));
#11240 = CARTESIAN_POINT('',(73.04827641886,8.507881156518E-02));
#11241 = CARTESIAN_POINT('',(72.981040281711,8.708287186969E-02));
#11242 = CARTESIAN_POINT('',(72.915130971531,8.92990325933E-02));
#11243 = CARTESIAN_POINT('',(72.850647138173,9.171844478458E-02));
#11244 = CARTESIAN_POINT('',(72.787677722075,9.433206233161E-02));
#11245 = CARTESIAN_POINT('',(72.726301162106,9.71306869646E-02));
#11246 = CARTESIAN_POINT('',(72.666586546666,0.10010507649));
#11247 = CARTESIAN_POINT('',(72.608594208173,0.103246022094));
#11248 = CARTESIAN_POINT('',(72.55237624794,0.106544431503));
#11249 = CARTESIAN_POINT('',(72.49797756319,0.10999136501));
#11250 = CARTESIAN_POINT('',(72.445434620891,0.113578199553));
#11251 = CARTESIAN_POINT('',(72.394774054402,0.117296907674));
#11252 = CARTESIAN_POINT('',(72.346021683002,0.121139501315));
#11253 = CARTESIAN_POINT('',(72.299198600178,0.125098334475));
#11254 = CARTESIAN_POINT('',(72.254322687264,0.129166050816));
#11255 = CARTESIAN_POINT('',(72.211408546872,0.133335636212));
#11256 = CARTESIAN_POINT('',(72.170468513898,0.137600394313));
#11257 = CARTESIAN_POINT('',(72.13151338682,0.141953872437));
#11258 = CARTESIAN_POINT('',(72.094552360499,0.14638993769));
#11259 = CARTESIAN_POINT('',(72.059594014902,0.150902695233));
#11260 = CARTESIAN_POINT('',(72.026645966396,0.155486506954));
#11261 = CARTESIAN_POINT('',(71.995717111152,0.160135726174));
#11262 = CARTESIAN_POINT('',(71.966813279166,0.164845339045));
#11263 = CARTESIAN_POINT('',(71.939941744241,0.169610361809));
#11264 = CARTESIAN_POINT('',(71.915110295666,0.174425948192));
#11265 = CARTESIAN_POINT('',(71.89232741342,0.179287356657));
#11266 = CARTESIAN_POINT('',(71.871602177364,0.184189955738));
#11267 = CARTESIAN_POINT('',(71.852944277143,0.1891292203));
#11268 = CARTESIAN_POINT('',(71.836364026354,0.194100729111));
#11269 = CARTESIAN_POINT('',(71.821872401048,0.199100169355));
#11270 = CARTESIAN_POINT('',(71.809481119901,0.204123315161));
#11271 = CARTESIAN_POINT('',(71.799202677911,0.209166106222));
#11272 = CARTESIAN_POINT('',(71.79105147045,0.214223911915));
#11273 = CARTESIAN_POINT('',(71.785041407965,0.219292666912));
#11274 = CARTESIAN_POINT('',(71.781187587464,0.224368148734));
#11275 = CARTESIAN_POINT('',(71.779505808428,0.22944608627));
#11276 = CARTESIAN_POINT('',(71.780012500618,0.234522129073));
#11277 = CARTESIAN_POINT('',(71.782724560402,0.239591853806));
#11278 = CARTESIAN_POINT('',(71.787659233539,0.24465076142));
#11279 = CARTESIAN_POINT('',(71.794833996767,0.249694274336));
#11280 = CARTESIAN_POINT('',(71.804266491597,0.254717742988));
#11281 = CARTESIAN_POINT('',(71.815974345151,0.259716414984));
#11282 = CARTESIAN_POINT('',(71.829975486145,0.264685544549));
#11283 = CARTESIAN_POINT('',(71.846286295684,0.269619871204));
#11284 = CARTESIAN_POINT('',(71.864922979295,0.274514141736));
#11285 = CARTESIAN_POINT('',(71.885900484204,0.279362958835));
#11286 = CARTESIAN_POINT('',(71.909232374038,0.284160741315));
#11287 = CARTESIAN_POINT('',(71.934930741196,0.288901739462));
#11288 = CARTESIAN_POINT('',(71.963006077907,0.293580046528));
#11289 = CARTESIAN_POINT('',(71.993466268222,0.298189525502));
#11290 = CARTESIAN_POINT('',(72.026316006786,0.302723797815));
#11291 = CARTESIAN_POINT('',(72.061556492615,0.307176267454));
#11292 = CARTESIAN_POINT('',(72.099185033575,0.311540136804));
#11293 = CARTESIAN_POINT('',(72.139194646533,0.31580842438));
#11294 = CARTESIAN_POINT('',(72.181573632613,0.319973981965));
#11295 = CARTESIAN_POINT('',(72.22630513747,0.32402951221));
#11296 = CARTESIAN_POINT('',(72.27336669084,0.327967586343));
#11297 = CARTESIAN_POINT('',(72.322729752641,0.33178066367));
#11298 = CARTESIAN_POINT('',(72.374359177288,0.335461107895));
#11299 = CARTESIAN_POINT('',(72.428212938235,0.339001219728));
#11300 = CARTESIAN_POINT('',(72.484240913927,0.342393220824));
#11301 = CARTESIAN_POINT('',(72.542380526838,0.345629096389));
#11302 = CARTESIAN_POINT('',(72.602561595725,0.348700997031));
#11303 = CARTESIAN_POINT('',(72.664705452136,0.351601218971));
#11304 = CARTESIAN_POINT('',(72.728724766057,0.354322247562));
#11305 = CARTESIAN_POINT('',(72.794523366148,0.356856795844));
#11306 = CARTESIAN_POINT('',(72.861995216542,0.359197829115));
#11307 = CARTESIAN_POINT('',(72.931026628463,0.361338679825));
#11308 = CARTESIAN_POINT('',(73.001486243605,0.363272844627));
#11309 = CARTESIAN_POINT('',(73.073260575467,0.364994991935));
#11310 = CARTESIAN_POINT('',(73.146242244516,0.366500223763));
#11311 = CARTESIAN_POINT('',(73.220246775422,0.367782702656));
#11312 = CARTESIAN_POINT('',(73.295107613396,0.368838053252));
#11313 = CARTESIAN_POINT('',(73.370652299252,0.369662674161));
#11314 = CARTESIAN_POINT('',(73.446709263294,0.370253858369));
#11315 = CARTESIAN_POINT('',(73.523106395254,0.370609708225));
#11316 = CARTESIAN_POINT('',(73.599671802685,0.370729116442));
#11317 = CARTESIAN_POINT('',(73.676233971701,0.370611740152));
#11318 = CARTESIAN_POINT('',(73.752622083571,0.370257987245));
#11319 = CARTESIAN_POINT('',(73.828666281293,0.369669009859));
#11320 = CARTESIAN_POINT('',(73.904197978441,0.368846705187));
#11321 = CARTESIAN_POINT('',(73.979050069287,0.367793726846));
#11322 = CARTESIAN_POINT('',(74.053057534097,0.366513492558));
#11323 = CARTESIAN_POINT('',(74.126056626704,0.365010240683));
#11324 = CARTESIAN_POINT('',(74.197889423199,0.363288938529));
#11325 = CARTESIAN_POINT('',(74.268388449607,0.361355777066));
#11326 = CARTESIAN_POINT('',(74.337436168249,0.359216497379));
#11327 = CARTESIAN_POINT('',(74.40493133082,0.356876749444));
#11328 = CARTESIAN_POINT('',(74.470750718129,0.354343484641));
#11329 = CARTESIAN_POINT('',(74.534790304651,0.351623691289));
#11330 = CARTESIAN_POINT('',(74.596953627566,0.348724669183));
#11331 = CARTESIAN_POINT('',(74.657154320541,0.345653896672));
#11332 = CARTESIAN_POINT('',(74.715314877412,0.342419011427));
#11333 = CARTESIAN_POINT('',(74.77136643773,0.339027766747));
#11334 = CARTESIAN_POINT('',(74.825248373622,0.335487994872));
#11335 = CARTESIAN_POINT('',(74.876907780309,0.331807589568));
#11336 = CARTESIAN_POINT('',(74.926299692854,0.327994427474));
#11337 = CARTESIAN_POINT('',(74.973384647222,0.324056537968));
#11338 = CARTESIAN_POINT('',(75.018137016649,0.320001298623));
#11339 = CARTESIAN_POINT('',(75.060536042443,0.315836002949));
#11340 = CARTESIAN_POINT('',(75.100564718371,0.311567971715));
#11341 = CARTESIAN_POINT('',(75.138211687256,0.307204324378));
#11342 = CARTESIAN_POINT('',(75.173470170806,0.302752021629));
#11343 = CARTESIAN_POINT('',(75.206337701328,0.298217834252));
#11344 = CARTESIAN_POINT('',(75.236815624119,0.293608335633));
#11345 = CARTESIAN_POINT('',(75.264908731744,0.288929873342));
#11346 = CARTESIAN_POINT('',(75.290624554653,0.284188614209));
#11347 = CARTESIAN_POINT('',(75.313973171488,0.279390507215));
#11348 = CARTESIAN_POINT('',(75.334966615491,0.274541317451));
#11349 = CARTESIAN_POINT('',(75.353618525899,0.269646648285));
#11350 = CARTESIAN_POINT('',(75.369944121147,0.264711839534));
#11351 = CARTESIAN_POINT('',(75.383958648926,0.25974242054));
#11352 = CARTESIAN_POINT('',(75.395679648159,0.254743318014));
#11353 = CARTESIAN_POINT('',(75.405124693829,0.24971936675));
#11354 = CARTESIAN_POINT('',(75.412311416677,0.244675319229));
#11355 = CARTESIAN_POINT('',(75.417257411738,0.239615844547));
#11356 = CARTESIAN_POINT('',(75.419980156587,0.234545530167));
#11357 = CARTESIAN_POINT('',(75.42049690787,0.22946888315));
#11358 = CARTESIAN_POINT('',(75.418824581808,0.224390330674));
#11359 = CARTESIAN_POINT('',(75.414979628164,0.219314223955));
#11360 = CARTESIAN_POINT('',(75.408977854834,0.21424482934));
#11361 = CARTESIAN_POINT('',(75.400834365614,0.209186367352));
#11362 = CARTESIAN_POINT('',(75.390563004456,0.204142872803));
#11363 = CARTESIAN_POINT('',(75.378178190678,0.199119002421));
#11364 = CARTESIAN_POINT('',(75.363692470501,0.194118834528));
#11365 = CARTESIAN_POINT('',(75.347117557233,0.189146589927));
#11366 = CARTESIAN_POINT('',(75.3284644345,0.184206583062));
#11367 = CARTESIAN_POINT('',(75.307743418787,0.179303235489));
#11368 = CARTESIAN_POINT('',(75.284964203628,0.174441073477));
#11369 = CARTESIAN_POINT('',(75.260135873148,0.169624729855));
#11370 = CARTESIAN_POINT('',(75.233266913118,0.164858947898));
#11371 = CARTESIAN_POINT('',(75.2043651203,0.160148575882));
#11372 = CARTESIAN_POINT('',(75.173437779865,0.155498600047));
#11373 = CARTESIAN_POINT('',(75.140490731854,0.150914036375));
#11374 = CARTESIAN_POINT('',(75.105532844495,0.146400529131));
#11375 = CARTESIAN_POINT('',(75.06857176123,0.141963720447));
#11376 = CARTESIAN_POINT('',(75.029616060671,0.137609506449));
#11377 = CARTESIAN_POINT('',(74.988674904434,0.133344020246));
#11378 = CARTESIAN_POINT('',(74.945759184762,0.129173723122));
#11379 = CARTESIAN_POINT('',(74.900881139225,0.125105304545));
#11380 = CARTESIAN_POINT('',(74.854055407781,0.121145784328));
#11381 = CARTESIAN_POINT('',(74.805299869979,0.11730252088));
#11382 = CARTESIAN_POINT('',(74.754635651296,0.113583164463));
#11383 = CARTESIAN_POINT('',(74.702088520251,0.109995702313));
#11384 = CARTESIAN_POINT('',(74.647685521652,0.106548189368));
#11385 = CARTESIAN_POINT('',(74.591462561449,0.103249213267));
#11386 = CARTESIAN_POINT('',(74.533464686929,0.100107728545));
#11387 = CARTESIAN_POINT('',(74.473743979398,9.713282924585E-02));
#11388 = CARTESIAN_POINT('',(74.412360816078,9.43337298455E-02));
#11389 = CARTESIAN_POINT('',(74.349384331167,9.171967743493E-02));
#11390 = CARTESIAN_POINT('',(74.284893026694,8.929987547475E-02));
#11391 = CARTESIAN_POINT('',(74.218975919411,8.708337494442E-02));
#11392 = CARTESIAN_POINT('',(74.151731748093,8.507902927189E-02));
#11393 = CARTESIAN_POINT('',(74.106094435083,8.388979087613E-02));
#11394 = CARTESIAN_POINT('',(74.083092236182,8.333333333333E-02));
#11395 = ( GEOMETRIC_REPRESENTATION_CONTEXT(2) 
PARAMETRIC_REPRESENTATION_CONTEXT() REPRESENTATION_CONTEXT('2D SPACE',''
  ) );
#11396 = ORIENTED_EDGE('',*,*,#11397,.F.);
#11397 = EDGE_CURVE('',#10911,#10963,#11398,.T.);
#11398 = SURFACE_CURVE('',#11399,(#11404,#11411),.PCURVE_S1.);
#11399 = CIRCLE('',#11400,1.7);
#11400 = AXIS2_PLACEMENT_3D('',#11401,#11402,#11403);
#11401 = CARTESIAN_POINT('',(159.,76.,29.));
#11402 = DIRECTION('',(0.,0.,1.));
#11403 = DIRECTION('',(1.,0.,0.));
#11404 = PCURVE('',#8023,#11405);
#11405 = DEFINITIONAL_REPRESENTATION('',(#11406),#11410);
#11406 = LINE('',#11407,#11408);
#11407 = CARTESIAN_POINT('',(-0.,0.));
#11408 = VECTOR('',#11409,1.);
#11409 = DIRECTION('',(-1.,0.));
#11410 = ( GEOMETRIC_REPRESENTATION_CONTEXT(2) 
PARAMETRIC_REPRESENTATION_CONTEXT() REPRESENTATION_CONTEXT('2D SPACE',''
  ) );
#11411 = PCURVE('',#10950,#11412);
#11412 = DEFINITIONAL_REPRESENTATION('',(#11413),#11417);
#11413 = CIRCLE('',#11414,1.7);
#11414 = AXIS2_PLACEMENT_2D('',#11415,#11416);
#11415 = CARTESIAN_POINT('',(0.,0.));
#11416 = DIRECTION('',(1.,0.));
#11417 = ( GEOMETRIC_REPRESENTATION_CONTEXT(2) 
PARAMETRIC_REPRESENTATION_CONTEXT() REPRESENTATION_CONTEXT('2D SPACE',''
  ) );
#11418 = ORIENTED_EDGE('',*,*,#10910,.T.);
#11419 = ORIENTED_EDGE('',*,*,#8002,.F.);
#11420 = ADVANCED_FACE('',(#11421,#11630,#11633),#8077,.T.);
#11421 = FACE_BOUND('',#11422,.T.);
#11422 = EDGE_LOOP('',(#11423,#11453,#11481,#11503,#11531,#11554,#11580,
    #11606));
#11423 = ORIENTED_EDGE('',*,*,#11424,.F.);
#11424 = EDGE_CURVE('',#11425,#11427,#11429,.T.);
#11425 = VERTEX_POINT('',#11426);
#11426 = CARTESIAN_POINT('',(161.6,14.,3.));
#11427 = VERTEX_POINT('',#11428);
#11428 = CARTESIAN_POINT('',(161.6,109.2,3.));
#11429 = SURFACE_CURVE('',#11430,(#11434,#11441),.PCURVE_S1.);
#11430 = LINE('',#11431,#11432);
#11431 = CARTESIAN_POINT('',(161.6,2.4,3.));
#11432 = VECTOR('',#11433,1.);
#11433 = DIRECTION('',(0.,1.,0.));
#11434 = PCURVE('',#8077,#11435);
#11435 = DEFINITIONAL_REPRESENTATION('',(#11436),#11440);
#11436 = LINE('',#11437,#11438);
#11437 = CARTESIAN_POINT('',(-11.6,0.));
#11438 = VECTOR('',#11439,1.);
#11439 = DIRECTION('',(1.,0.));
#11440 = ( GEOMETRIC_REPRESENTATION_CONTEXT(2) 
PARAMETRIC_REPRESENTATION_CONTEXT() REPRESENTATION_CONTEXT('2D SPACE',''
  ) );
#11441 = PCURVE('',#11442,#11447);
#11442 = PLANE('',#11443);
#11443 = AXIS2_PLACEMENT_3D('',#11444,#11445,#11446);
#11444 = CARTESIAN_POINT('',(82.,76.,3.));
#11445 = DIRECTION('',(0.,0.,1.));
#11446 = DIRECTION('',(1.,0.,-0.));
#11447 = DEFINITIONAL_REPRESENTATION('',(#11448),#11452);
#11448 = LINE('',#11449,#11450);
#11449 = CARTESIAN_POINT('',(79.6,-73.6));
#11450 = VECTOR('',#11451,1.);
#11451 = DIRECTION('',(0.,1.));
#11452 = ( GEOMETRIC_REPRESENTATION_CONTEXT(2) 
PARAMETRIC_REPRESENTATION_CONTEXT() REPRESENTATION_CONTEXT('2D SPACE',''
  ) );
#11453 = ORIENTED_EDGE('',*,*,#11454,.T.);
#11454 = EDGE_CURVE('',#11425,#11455,#11457,.T.);
#11455 = VERTEX_POINT('',#11456);
#11456 = CARTESIAN_POINT('',(161.6,14.,28.));
#11457 = SURFACE_CURVE('',#11458,(#11462,#11469),.PCURVE_S1.);
#11458 = LINE('',#11459,#11460);
#11459 = CARTESIAN_POINT('',(161.6,14.,3.));
#11460 = VECTOR('',#11461,1.);
#11461 = DIRECTION('',(0.,0.,1.));
#11462 = PCURVE('',#8077,#11463);
#11463 = DEFINITIONAL_REPRESENTATION('',(#11464),#11468);
#11464 = LINE('',#11465,#11466);
#11465 = CARTESIAN_POINT('',(0.,0.));
#11466 = VECTOR('',#11467,1.);
#11467 = DIRECTION('',(0.,-1.));
#11468 = ( GEOMETRIC_REPRESENTATION_CONTEXT(2) 
PARAMETRIC_REPRESENTATION_CONTEXT() REPRESENTATION_CONTEXT('2D SPACE',''
  ) );
#11469 = PCURVE('',#11470,#11475);
#11470 = CYLINDRICAL_SURFACE('',#11471,11.6);
#11471 = AXIS2_PLACEMENT_3D('',#11472,#11473,#11474);
#11472 = CARTESIAN_POINT('',(150.,14.,3.));
#11473 = DIRECTION('',(-0.,0.,-1.));
#11474 = DIRECTION('',(1.,0.,0.));
#11475 = DEFINITIONAL_REPRESENTATION('',(#11476),#11480);
#11476 = LINE('',#11477,#11478);
#11477 = CARTESIAN_POINT('',(-6.28318530718,0.));
#11478 = VECTOR('',#11479,1.);
#11479 = DIRECTION('',(-0.,-1.));
#11480 = ( GEOMETRIC_REPRESENTATION_CONTEXT(2) 
PARAMETRIC_REPRESENTATION_CONTEXT() REPRESENTATION_CONTEXT('2D SPACE',''
  ) );
#11481 = ORIENTED_EDGE('',*,*,#11482,.T.);
#11482 = EDGE_CURVE('',#11455,#11483,#11485,.T.);
#11483 = VERTEX_POINT('',#11484);
#11484 = CARTESIAN_POINT('',(161.6,138.,28.));
#11485 = SURFACE_CURVE('',#11486,(#11490,#11497),.PCURVE_S1.);
#11486 = LINE('',#11487,#11488);
#11487 = CARTESIAN_POINT('',(161.6,2.4,28.));
#11488 = VECTOR('',#11489,1.);
#11489 = DIRECTION('',(0.,1.,0.));
#11490 = PCURVE('',#8077,#11491);
#11491 = DEFINITIONAL_REPRESENTATION('',(#11492),#11496);
#11492 = LINE('',#11493,#11494);
#11493 = CARTESIAN_POINT('',(-11.6,-25.));
#11494 = VECTOR('',#11495,1.);
#11495 = DIRECTION('',(1.,0.));
#11496 = ( GEOMETRIC_REPRESENTATION_CONTEXT(2) 
PARAMETRIC_REPRESENTATION_CONTEXT() REPRESENTATION_CONTEXT('2D SPACE',''
  ) );
#11497 = PCURVE('',#11231,#11498);
#11498 = DEFINITIONAL_REPRESENTATION('',(#11499),#11502);
#11499 = B_SPLINE_CURVE_WITH_KNOTS('',1,(#11500,#11501),.UNSPECIFIED.,
  .F.,.F.,(2,2),(11.6,135.6),.PIECEWISE_BEZIER_KNOTS.);
#11500 = CARTESIAN_POINT('',(11.6,0.));
#11501 = CARTESIAN_POINT('',(135.6,0.));
#11502 = ( GEOMETRIC_REPRESENTATION_CONTEXT(2) 
PARAMETRIC_REPRESENTATION_CONTEXT() REPRESENTATION_CONTEXT('2D SPACE',''
  ) );
#11503 = ORIENTED_EDGE('',*,*,#11504,.F.);
#11504 = EDGE_CURVE('',#11505,#11483,#11507,.T.);
#11505 = VERTEX_POINT('',#11506);
#11506 = CARTESIAN_POINT('',(161.6,138.,3.));
#11507 = SURFACE_CURVE('',#11508,(#11512,#11519),.PCURVE_S1.);
#11508 = LINE('',#11509,#11510);
#11509 = CARTESIAN_POINT('',(161.6,138.,3.));
#11510 = VECTOR('',#11511,1.);
#11511 = DIRECTION('',(0.,0.,1.));
#11512 = PCURVE('',#8077,#11513);
#11513 = DEFINITIONAL_REPRESENTATION('',(#11514),#11518);
#11514 = LINE('',#11515,#11516);
#11515 = CARTESIAN_POINT('',(124.,0.));
#11516 = VECTOR('',#11517,1.);
#11517 = DIRECTION('',(0.,-1.));
#11518 = ( GEOMETRIC_REPRESENTATION_CONTEXT(2) 
PARAMETRIC_REPRESENTATION_CONTEXT() REPRESENTATION_CONTEXT('2D SPACE',''
  ) );
#11519 = PCURVE('',#11520,#11525);
#11520 = CYLINDRICAL_SURFACE('',#11521,11.6);
#11521 = AXIS2_PLACEMENT_3D('',#11522,#11523,#11524);
#11522 = CARTESIAN_POINT('',(150.,138.,3.));
#11523 = DIRECTION('',(-0.,0.,-1.));
#11524 = DIRECTION('',(1.,0.,0.));
#11525 = DEFINITIONAL_REPRESENTATION('',(#11526),#11530);
#11526 = LINE('',#11527,#11528);
#11527 = CARTESIAN_POINT('',(-0.,0.));
#11528 = VECTOR('',#11529,1.);
#11529 = DIRECTION('',(-0.,-1.));
#11530 = ( GEOMETRIC_REPRESENTATION_CONTEXT(2) 
PARAMETRIC_REPRESENTATION_CONTEXT() REPRESENTATION_CONTEXT('2D SPACE',''
  ) );
#11531 = ORIENTED_EDGE('',*,*,#11532,.F.);
#11532 = EDGE_CURVE('',#11533,#11505,#11535,.T.);
#11533 = VERTEX_POINT('',#11534);
#11534 = CARTESIAN_POINT('',(161.6,126.8,3.));
#11535 = SURFACE_CURVE('',#11536,(#11540,#11547),.PCURVE_S1.);
#11536 = LINE('',#11537,#11538);
#11537 = CARTESIAN_POINT('',(161.6,2.4,3.));
#11538 = VECTOR('',#11539,1.);
#11539 = DIRECTION('',(0.,1.,0.));
#11540 = PCURVE('',#8077,#11541);
#11541 = DEFINITIONAL_REPRESENTATION('',(#11542),#11546);
#11542 = LINE('',#11543,#11544);
#11543 = CARTESIAN_POINT('',(-11.6,0.));
#11544 = VECTOR('',#11545,1.);
#11545 = DIRECTION('',(1.,0.));
#11546 = ( GEOMETRIC_REPRESENTATION_CONTEXT(2) 
PARAMETRIC_REPRESENTATION_CONTEXT() REPRESENTATION_CONTEXT('2D SPACE',''
  ) );
#11547 = PCURVE('',#11442,#11548);
#11548 = DEFINITIONAL_REPRESENTATION('',(#11549),#11553);
#11549 = LINE('',#11550,#11551);
#11550 = CARTESIAN_POINT('',(79.6,-73.6));
#11551 = VECTOR('',#11552,1.);
#11552 = DIRECTION('',(0.,1.));
#11553 = ( GEOMETRIC_REPRESENTATION_CONTEXT(2) 
PARAMETRIC_REPRESENTATION_CONTEXT() REPRESENTATION_CONTEXT('2D SPACE',''
  ) );
#11554 = ORIENTED_EDGE('',*,*,#11555,.F.);
#11555 = EDGE_CURVE('',#11556,#11533,#11558,.T.);
#11556 = VERTEX_POINT('',#11557);
#11557 = CARTESIAN_POINT('',(161.6,126.8,5.));
#11558 = SURFACE_CURVE('',#11559,(#11563,#11569),.PCURVE_S1.);
#11559 = LINE('',#11560,#11561);
#11560 = CARTESIAN_POINT('',(161.6,126.8,0.));
#11561 = VECTOR('',#11562,1.);
#11562 = DIRECTION('',(-0.,0.,-1.));
#11563 = PCURVE('',#8077,#11564);
#11564 = DEFINITIONAL_REPRESENTATION('',(#11565),#11568);
#11565 = B_SPLINE_CURVE_WITH_KNOTS('',1,(#11566,#11567),.UNSPECIFIED.,
  .F.,.F.,(2,2),(-5.0000006,-0.5),.PIECEWISE_BEZIER_KNOTS.);
#11566 = CARTESIAN_POINT('',(112.8,-2.0000006));
#11567 = CARTESIAN_POINT('',(112.8,2.5));
#11568 = ( GEOMETRIC_REPRESENTATION_CONTEXT(2) 
PARAMETRIC_REPRESENTATION_CONTEXT() REPRESENTATION_CONTEXT('2D SPACE',''
  ) );
#11569 = PCURVE('',#11570,#11575);
#11570 = CYLINDRICAL_SURFACE('',#11571,3.);
#11571 = AXIS2_PLACEMENT_3D('',#11572,#11573,#11574);
#11572 = CARTESIAN_POINT('',(164.,125.,0.));
#11573 = DIRECTION('',(-0.,0.,-1.));
#11574 = DIRECTION('',(1.,0.,0.));
#11575 = DEFINITIONAL_REPRESENTATION('',(#11576),#11579);
#11576 = B_SPLINE_CURVE_WITH_KNOTS('',1,(#11577,#11578),.UNSPECIFIED.,
  .F.,.F.,(2,2),(-5.0000006,-0.5),.PIECEWISE_BEZIER_KNOTS.);
#11577 = CARTESIAN_POINT('',(-2.498091544797,-5.0000006));
#11578 = CARTESIAN_POINT('',(-2.498091544797,-0.5));
#11579 = ( GEOMETRIC_REPRESENTATION_CONTEXT(2) 
PARAMETRIC_REPRESENTATION_CONTEXT() REPRESENTATION_CONTEXT('2D SPACE',''
  ) );
#11580 = ORIENTED_EDGE('',*,*,#11581,.F.);
#11581 = EDGE_CURVE('',#11582,#11556,#11584,.T.);
#11582 = VERTEX_POINT('',#11583);
#11583 = CARTESIAN_POINT('',(161.6,109.2,5.));
#11584 = SURFACE_CURVE('',#11585,(#11589,#11595),.PCURVE_S1.);
#11585 = LINE('',#11586,#11587);
#11586 = CARTESIAN_POINT('',(161.6,66.,5.));
#11587 = VECTOR('',#11588,1.);
#11588 = DIRECTION('',(0.,1.,-0.));
#11589 = PCURVE('',#8077,#11590);
#11590 = DEFINITIONAL_REPRESENTATION('',(#11591),#11594);
#11591 = B_SPLINE_CURVE_WITH_KNOTS('',1,(#11592,#11593),.UNSPECIFIED.,
  .F.,.F.,(2,2),(42.,62.),.PIECEWISE_BEZIER_KNOTS.);
#11592 = CARTESIAN_POINT('',(94.,-2.));
#11593 = CARTESIAN_POINT('',(114.,-2.));
#11594 = ( GEOMETRIC_REPRESENTATION_CONTEXT(2) 
PARAMETRIC_REPRESENTATION_CONTEXT() REPRESENTATION_CONTEXT('2D SPACE',''
  ) );
#11595 = PCURVE('',#11596,#11601);
#11596 = PLANE('',#11597);
#11597 = AXIS2_PLACEMENT_3D('',#11598,#11599,#11600);
#11598 = CARTESIAN_POINT('',(176.,118.,5.));
#11599 = DIRECTION('',(0.,0.,1.));
#11600 = DIRECTION('',(1.,0.,-0.));
#11601 = DEFINITIONAL_REPRESENTATION('',(#11602),#11605);
#11602 = B_SPLINE_CURVE_WITH_KNOTS('',1,(#11603,#11604),.UNSPECIFIED.,
  .F.,.F.,(2,2),(42.,62.),.PIECEWISE_BEZIER_KNOTS.);
#11603 = CARTESIAN_POINT('',(-14.4,-10.));
#11604 = CARTESIAN_POINT('',(-14.4,10.));
#11605 = ( GEOMETRIC_REPRESENTATION_CONTEXT(2) 
PARAMETRIC_REPRESENTATION_CONTEXT() REPRESENTATION_CONTEXT('2D SPACE',''
  ) );
#11606 = ORIENTED_EDGE('',*,*,#11607,.T.);
#11607 = EDGE_CURVE('',#11582,#11427,#11608,.T.);
#11608 = SURFACE_CURVE('',#11609,(#11613,#11619),.PCURVE_S1.);
#11609 = LINE('',#11610,#11611);
#11610 = CARTESIAN_POINT('',(161.6,109.2,0.));
#11611 = VECTOR('',#11612,1.);
#11612 = DIRECTION('',(-0.,0.,-1.));
#11613 = PCURVE('',#8077,#11614);
#11614 = DEFINITIONAL_REPRESENTATION('',(#11615),#11618);
#11615 = B_SPLINE_CURVE_WITH_KNOTS('',1,(#11616,#11617),.UNSPECIFIED.,
  .F.,.F.,(2,2),(-5.0000006,-0.5),.PIECEWISE_BEZIER_KNOTS.);
#11616 = CARTESIAN_POINT('',(95.2,-2.0000006));
#11617 = CARTESIAN_POINT('',(95.2,2.5));
#11618 = ( GEOMETRIC_REPRESENTATION_CONTEXT(2) 
PARAMETRIC_REPRESENTATION_CONTEXT() REPRESENTATION_CONTEXT('2D SPACE',''
  ) );
#11619 = PCURVE('',#11620,#11625);
#11620 = CYLINDRICAL_SURFACE('',#11621,3.);
#11621 = AXIS2_PLACEMENT_3D('',#11622,#11623,#11624);
#11622 = CARTESIAN_POINT('',(164.,111.,0.));
#11623 = DIRECTION('',(-0.,0.,-1.));
#11624 = DIRECTION('',(1.,0.,0.));
#11625 = DEFINITIONAL_REPRESENTATION('',(#11626),#11629);
#11626 = B_SPLINE_CURVE_WITH_KNOTS('',1,(#11627,#11628),.UNSPECIFIED.,
  .F.,.F.,(2,2),(-5.0000006,-0.5),.PIECEWISE_BEZIER_KNOTS.);
#11627 = CARTESIAN_POINT('',(-3.785093762383,-5.0000006));
#11628 = CARTESIAN_POINT('',(-3.785093762383,-0.5));
#11629 = ( GEOMETRIC_REPRESENTATION_CONTEXT(2) 
PARAMETRIC_REPRESENTATION_CONTEXT() REPRESENTATION_CONTEXT('2D SPACE',''
  ) );
#11630 = FACE_BOUND('',#11631,.T.);
#11631 = EDGE_LOOP('',(#11632));
#11632 = ORIENTED_EDGE('',*,*,#8062,.T.);
#11633 = FACE_BOUND('',#11634,.T.);
#11634 = EDGE_LOOP('',(#11635));
#11635 = ORIENTED_EDGE('',*,*,#8121,.T.);
#11636 = ADVANCED_FACE('',(#11637,#11737),#8500,.F.);
#11637 = FACE_BOUND('',#11638,.F.);
#11638 = EDGE_LOOP('',(#11639,#11662,#11684,#11712));
#11639 = ORIENTED_EDGE('',*,*,#11640,.T.);
#11640 = EDGE_CURVE('',#11641,#11455,#11643,.T.);
#11641 = VERTEX_POINT('',#11642);
#11642 = CARTESIAN_POINT('',(150.,2.4,28.));
#11643 = SURFACE_CURVE('',#11644,(#11649,#11655),.PCURVE_S1.);
#11644 = CIRCLE('',#11645,11.6);
#11645 = AXIS2_PLACEMENT_3D('',#11646,#11647,#11648);
#11646 = CARTESIAN_POINT('',(150.,14.,28.));
#11647 = DIRECTION('',(0.,-0.,1.));
#11648 = DIRECTION('',(1.,0.,0.));
#11649 = PCURVE('',#8500,#11650);
#11650 = DEFINITIONAL_REPRESENTATION('',(#11651),#11654);
#11651 = B_SPLINE_CURVE_WITH_KNOTS('',1,(#11652,#11653),.UNSPECIFIED.,
  .F.,.F.,(2,2),(4.712388980385,6.28318530718),
  .PIECEWISE_BEZIER_KNOTS.);
#11652 = CARTESIAN_POINT('',(4.712388980385,0.));
#11653 = CARTESIAN_POINT('',(6.28318530718,0.));
#11654 = ( GEOMETRIC_REPRESENTATION_CONTEXT(2) 
PARAMETRIC_REPRESENTATION_CONTEXT() REPRESENTATION_CONTEXT('2D SPACE',''
  ) );
#11655 = PCURVE('',#11470,#11656);
#11656 = DEFINITIONAL_REPRESENTATION('',(#11657),#11661);
#11657 = LINE('',#11658,#11659);
#11658 = CARTESIAN_POINT('',(-0.,-25.));
#11659 = VECTOR('',#11660,1.);
#11660 = DIRECTION('',(-1.,0.));
#11661 = ( GEOMETRIC_REPRESENTATION_CONTEXT(2) 
PARAMETRIC_REPRESENTATION_CONTEXT() REPRESENTATION_CONTEXT('2D SPACE',''
  ) );
#11662 = ORIENTED_EDGE('',*,*,#11663,.T.);
#11663 = EDGE_CURVE('',#11455,#11664,#11666,.T.);
#11664 = VERTEX_POINT('',#11665);
#11665 = CARTESIAN_POINT('',(150.,32.,40.));
#11666 = SURFACE_CURVE('',#11667,(#11670,#11677),.PCURVE_S1.);
#11667 = B_SPLINE_CURVE_WITH_KNOTS('',1,(#11668,#11669),.UNSPECIFIED.,
  .F.,.F.,(2,2),(0.,1.),.PIECEWISE_BEZIER_KNOTS.);
#11668 = CARTESIAN_POINT('',(161.6,14.,28.));
#11669 = CARTESIAN_POINT('',(150.,32.,40.));
#11670 = PCURVE('',#8500,#11671);
#11671 = DEFINITIONAL_REPRESENTATION('',(#11672),#11676);
#11672 = LINE('',#11673,#11674);
#11673 = CARTESIAN_POINT('',(6.28318530718,0.));
#11674 = VECTOR('',#11675,1.);
#11675 = DIRECTION('',(0.,1.));
#11676 = ( GEOMETRIC_REPRESENTATION_CONTEXT(2) 
PARAMETRIC_REPRESENTATION_CONTEXT() REPRESENTATION_CONTEXT('2D SPACE',''
  ) );
#11677 = PCURVE('',#11231,#11678);
#11678 = DEFINITIONAL_REPRESENTATION('',(#11679),#11683);
#11679 = LINE('',#11680,#11681);
#11680 = CARTESIAN_POINT('',(11.6,0.));
#11681 = VECTOR('',#11682,1.);
#11682 = DIRECTION('',(0.,1.));
#11683 = ( GEOMETRIC_REPRESENTATION_CONTEXT(2) 
PARAMETRIC_REPRESENTATION_CONTEXT() REPRESENTATION_CONTEXT('2D SPACE',''
  ) );
#11684 = ORIENTED_EDGE('',*,*,#11685,.F.);
#11685 = EDGE_CURVE('',#11686,#11664,#11688,.T.);
#11686 = VERTEX_POINT('',#11687);
#11687 = CARTESIAN_POINT('',(132.,14.,40.));
#11688 = SURFACE_CURVE('',#11689,(#11694,#11701),.PCURVE_S1.);
#11689 = CIRCLE('',#11690,18.);
#11690 = AXIS2_PLACEMENT_3D('',#11691,#11692,#11693);
#11691 = CARTESIAN_POINT('',(132.,32.,40.));
#11692 = DIRECTION('',(0.,-0.,1.));
#11693 = DIRECTION('',(1.,0.,0.));
#11694 = PCURVE('',#8500,#11695);
#11695 = DEFINITIONAL_REPRESENTATION('',(#11696),#11700);
#11696 = LINE('',#11697,#11698);
#11697 = CARTESIAN_POINT('',(0.,1.));
#11698 = VECTOR('',#11699,1.);
#11699 = DIRECTION('',(1.,0.));
#11700 = ( GEOMETRIC_REPRESENTATION_CONTEXT(2) 
PARAMETRIC_REPRESENTATION_CONTEXT() REPRESENTATION_CONTEXT('2D SPACE',''
  ) );
#11701 = PCURVE('',#11702,#11707);
#11702 = CYLINDRICAL_SURFACE('',#11703,18.);
#11703 = AXIS2_PLACEMENT_3D('',#11704,#11705,#11706);
#11704 = CARTESIAN_POINT('',(132.,32.,40.));
#11705 = DIRECTION('',(-0.,0.,-1.));
#11706 = DIRECTION('',(1.,0.,0.));
#11707 = DEFINITIONAL_REPRESENTATION('',(#11708),#11711);
#11708 = B_SPLINE_CURVE_WITH_KNOTS('',1,(#11709,#11710),.UNSPECIFIED.,
  .F.,.F.,(2,2),(4.712388980385,6.28318530718),
  .PIECEWISE_BEZIER_KNOTS.);
#11709 = CARTESIAN_POINT('',(-4.712388980385,0.));
#11710 = CARTESIAN_POINT('',(-6.28318530718,0.));
#11711 = ( GEOMETRIC_REPRESENTATION_CONTEXT(2) 
PARAMETRIC_REPRESENTATION_CONTEXT() REPRESENTATION_CONTEXT('2D SPACE',''
  ) );
#11712 = ORIENTED_EDGE('',*,*,#11713,.F.);
#11713 = EDGE_CURVE('',#11641,#11686,#11714,.T.);
#11714 = SURFACE_CURVE('',#11715,(#11718,#11725),.PCURVE_S1.);
#11715 = B_SPLINE_CURVE_WITH_KNOTS('',1,(#11716,#11717),.UNSPECIFIED.,
  .F.,.F.,(2,2),(0.,1.),.PIECEWISE_BEZIER_KNOTS.);
#11716 = CARTESIAN_POINT('',(150.,2.4,28.));
#11717 = CARTESIAN_POINT('',(132.,14.,40.));
#11718 = PCURVE('',#8500,#11719);
#11719 = DEFINITIONAL_REPRESENTATION('',(#11720),#11724);
#11720 = LINE('',#11721,#11722);
#11721 = CARTESIAN_POINT('',(4.712388980385,0.));
#11722 = VECTOR('',#11723,1.);
#11723 = DIRECTION('',(0.,1.));
#11724 = ( GEOMETRIC_REPRESENTATION_CONTEXT(2) 
PARAMETRIC_REPRESENTATION_CONTEXT() REPRESENTATION_CONTEXT('2D SPACE',''
  ) );
#11725 = PCURVE('',#11726,#11731);
#11726 = B_SPLINE_SURFACE_WITH_KNOTS('',1,1,(
    (#11727,#11728)
    ,(#11729,#11730
  )),.UNSPECIFIED.,.F.,.F.,.F.,(2,2),(2,2),(11.6,147.6),(0.,1.),
  .PIECEWISE_BEZIER_KNOTS.);
#11727 = CARTESIAN_POINT('',(14.,2.4,28.));
#11728 = CARTESIAN_POINT('',(32.,14.,40.));
#11729 = CARTESIAN_POINT('',(150.,2.4,28.));
#11730 = CARTESIAN_POINT('',(132.,14.,40.));
#11731 = DEFINITIONAL_REPRESENTATION('',(#11732),#11736);
#11732 = LINE('',#11733,#11734);
#11733 = CARTESIAN_POINT('',(147.6,0.));
#11734 = VECTOR('',#11735,1.);
#11735 = DIRECTION('',(0.,1.));
#11736 = ( GEOMETRIC_REPRESENTATION_CONTEXT(2) 
PARAMETRIC_REPRESENTATION_CONTEXT() REPRESENTATION_CONTEXT('2D SPACE',''
  ) );
#11737 = FACE_BOUND('',#11738,.F.);
#11738 = EDGE_LOOP('',(#11739));
#11739 = ORIENTED_EDGE('',*,*,#8263,.T.);
#11740 = ADVANCED_FACE('',(#11741),#8717,.T.);
#11741 = FACE_BOUND('',#11742,.F.);
#11742 = EDGE_LOOP('',(#11743,#11766,#11767,#11790));
#11743 = ORIENTED_EDGE('',*,*,#11744,.F.);
#11744 = EDGE_CURVE('',#8695,#11745,#11747,.T.);
#11745 = VERTEX_POINT('',#11746);
#11746 = CARTESIAN_POINT('',(152.1,32.,42.));
#11747 = SURFACE_CURVE('',#11748,(#11752,#11759),.PCURVE_S1.);
#11748 = LINE('',#11749,#11750);
#11749 = CARTESIAN_POINT('',(152.1,32.,39.9));
#11750 = VECTOR('',#11751,1.);
#11751 = DIRECTION('',(0.,0.,1.));
#11752 = PCURVE('',#8717,#11753);
#11753 = DEFINITIONAL_REPRESENTATION('',(#11754),#11758);
#11754 = LINE('',#11755,#11756);
#11755 = CARTESIAN_POINT('',(-6.28318530718,0.));
#11756 = VECTOR('',#11757,1.);
#11757 = DIRECTION('',(-0.,-1.));
#11758 = ( GEOMETRIC_REPRESENTATION_CONTEXT(2) 
PARAMETRIC_REPRESENTATION_CONTEXT() REPRESENTATION_CONTEXT('2D SPACE',''
  ) );
#11759 = PCURVE('',#8919,#11760);
#11760 = DEFINITIONAL_REPRESENTATION('',(#11761),#11765);
#11761 = LINE('',#11762,#11763);
#11762 = CARTESIAN_POINT('',(0.,0.));
#11763 = VECTOR('',#11764,1.);
#11764 = DIRECTION('',(0.,-1.));
#11765 = ( GEOMETRIC_REPRESENTATION_CONTEXT(2) 
PARAMETRIC_REPRESENTATION_CONTEXT() REPRESENTATION_CONTEXT('2D SPACE',''
  ) );
#11766 = ORIENTED_EDGE('',*,*,#8694,.T.);
#11767 = ORIENTED_EDGE('',*,*,#11768,.T.);
#11768 = EDGE_CURVE('',#8697,#11769,#11771,.T.);
#11769 = VERTEX_POINT('',#11770);
#11770 = CARTESIAN_POINT('',(132.,11.9,42.));
#11771 = SURFACE_CURVE('',#11772,(#11776,#11783),.PCURVE_S1.);
#11772 = LINE('',#11773,#11774);
#11773 = CARTESIAN_POINT('',(132.,11.9,39.9));
#11774 = VECTOR('',#11775,1.);
#11775 = DIRECTION('',(0.,0.,1.));
#11776 = PCURVE('',#8717,#11777);
#11777 = DEFINITIONAL_REPRESENTATION('',(#11778),#11782);
#11778 = LINE('',#11779,#11780);
#11779 = CARTESIAN_POINT('',(-4.712388980385,0.));
#11780 = VECTOR('',#11781,1.);
#11781 = DIRECTION('',(-0.,-1.));
#11782 = ( GEOMETRIC_REPRESENTATION_CONTEXT(2) 
PARAMETRIC_REPRESENTATION_CONTEXT() REPRESENTATION_CONTEXT('2D SPACE',''
  ) );
#11783 = PCURVE('',#8744,#11784);
#11784 = DEFINITIONAL_REPRESENTATION('',(#11785),#11789);
#11785 = LINE('',#11786,#11787);
#11786 = CARTESIAN_POINT('',(100.,0.));
#11787 = VECTOR('',#11788,1.);
#11788 = DIRECTION('',(0.,-1.));
#11789 = ( GEOMETRIC_REPRESENTATION_CONTEXT(2) 
PARAMETRIC_REPRESENTATION_CONTEXT() REPRESENTATION_CONTEXT('2D SPACE',''
  ) );
#11790 = ORIENTED_EDGE('',*,*,#11791,.F.);
#11791 = EDGE_CURVE('',#11745,#11769,#11792,.T.);
#11792 = SURFACE_CURVE('',#11793,(#11798,#11805),.PCURVE_S1.);
#11793 = CIRCLE('',#11794,20.1);
#11794 = AXIS2_PLACEMENT_3D('',#11795,#11796,#11797);
#11795 = CARTESIAN_POINT('',(132.,32.,42.));
#11796 = DIRECTION('',(0.,0.,-1.));
#11797 = DIRECTION('',(1.,0.,0.));
#11798 = PCURVE('',#8717,#11799);
#11799 = DEFINITIONAL_REPRESENTATION('',(#11800),#11804);
#11800 = LINE('',#11801,#11802);
#11801 = CARTESIAN_POINT('',(-6.28318530718,-2.1));
#11802 = VECTOR('',#11803,1.);
#11803 = DIRECTION('',(1.,-0.));
#11804 = ( GEOMETRIC_REPRESENTATION_CONTEXT(2) 
PARAMETRIC_REPRESENTATION_CONTEXT() REPRESENTATION_CONTEXT('2D SPACE',''
  ) );
#11805 = PCURVE('',#11806,#11811);
#11806 = PLANE('',#11807);
#11807 = AXIS2_PLACEMENT_3D('',#11808,#11809,#11810);
#11808 = CARTESIAN_POINT('',(82.,76.,42.));
#11809 = DIRECTION('',(0.,0.,1.));
#11810 = DIRECTION('',(1.,0.,-0.));
#11811 = DEFINITIONAL_REPRESENTATION('',(#11812),#11820);
#11812 = ( BOUNDED_CURVE() B_SPLINE_CURVE(2,(#11813,#11814,#11815,#11816
    ,#11817,#11818,#11819),.UNSPECIFIED.,.T.,.F.) 
B_SPLINE_CURVE_WITH_KNOTS((1,2,2,2,2,1),(-2.094395102393,0.,
    2.094395102393,4.188790204786,6.28318530718,8.377580409573),
.UNSPECIFIED.) CURVE() GEOMETRIC_REPRESENTATION_ITEM() 
RATIONAL_B_SPLINE_CURVE((1.,0.5,1.,0.5,1.,0.5,1.)) REPRESENTATION_ITEM(
  '') );
#11813 = CARTESIAN_POINT('',(70.1,-44.));
#11814 = CARTESIAN_POINT('',(70.1,-78.81422123213));
#11815 = CARTESIAN_POINT('',(39.95,-61.40711061606));
#11816 = CARTESIAN_POINT('',(9.8,-44.));
#11817 = CARTESIAN_POINT('',(39.95,-26.59288938393));
#11818 = CARTESIAN_POINT('',(70.1,-9.185778767866));
#11819 = CARTESIAN_POINT('',(70.1,-44.));
#11820 = ( GEOMETRIC_REPRESENTATION_CONTEXT(2) 
PARAMETRIC_REPRESENTATION_CONTEXT() REPRESENTATION_CONTEXT('2D SPACE',''
  ) );
#11821 = ADVANCED_FACE('',(#11822),#8919,.F.);
#11822 = FACE_BOUND('',#11823,.F.);
#11823 = EDGE_LOOP('',(#11824,#11847,#11848,#11849));
#11824 = ORIENTED_EDGE('',*,*,#11825,.F.);
#11825 = EDGE_CURVE('',#8874,#11826,#11828,.T.);
#11826 = VERTEX_POINT('',#11827);
#11827 = CARTESIAN_POINT('',(152.1,120.,42.));
#11828 = SURFACE_CURVE('',#11829,(#11833,#11840),.PCURVE_S1.);
#11829 = LINE('',#11830,#11831);
#11830 = CARTESIAN_POINT('',(152.1,120.,39.9));
#11831 = VECTOR('',#11832,1.);
#11832 = DIRECTION('',(0.,0.,1.));
#11833 = PCURVE('',#8919,#11834);
#11834 = DEFINITIONAL_REPRESENTATION('',(#11835),#11839);
#11835 = LINE('',#11836,#11837);
#11836 = CARTESIAN_POINT('',(88.,0.));
#11837 = VECTOR('',#11838,1.);
#11838 = DIRECTION('',(0.,-1.));
#11839 = ( GEOMETRIC_REPRESENTATION_CONTEXT(2) 
PARAMETRIC_REPRESENTATION_CONTEXT() REPRESENTATION_CONTEXT('2D SPACE',''
  ) );
#11840 = PCURVE('',#8894,#11841);
#11841 = DEFINITIONAL_REPRESENTATION('',(#11842),#11846);
#11842 = LINE('',#11843,#11844);
#11843 = CARTESIAN_POINT('',(-0.,0.));
#11844 = VECTOR('',#11845,1.);
#11845 = DIRECTION('',(-0.,-1.));
#11846 = ( GEOMETRIC_REPRESENTATION_CONTEXT(2) 
PARAMETRIC_REPRESENTATION_CONTEXT() REPRESENTATION_CONTEXT('2D SPACE',''
  ) );
#11847 = ORIENTED_EDGE('',*,*,#8906,.T.);
#11848 = ORIENTED_EDGE('',*,*,#11744,.T.);
#11849 = ORIENTED_EDGE('',*,*,#11850,.F.);
#11850 = EDGE_CURVE('',#11826,#11745,#11851,.T.);
#11851 = SURFACE_CURVE('',#11852,(#11856,#11862),.PCURVE_S1.);
#11852 = LINE('',#11853,#11854);
#11853 = CARTESIAN_POINT('',(152.1,54.,42.));
#11854 = VECTOR('',#11855,1.);
#11855 = DIRECTION('',(0.,-1.,0.));
#11856 = PCURVE('',#8919,#11857);
#11857 = DEFINITIONAL_REPRESENTATION('',(#11858),#11861);
#11858 = B_SPLINE_CURVE_WITH_KNOTS('',1,(#11859,#11860),.UNSPECIFIED.,
  .F.,.F.,(2,2),(-66.,22.),.PIECEWISE_BEZIER_KNOTS.);
#11859 = CARTESIAN_POINT('',(88.,-2.1));
#11860 = CARTESIAN_POINT('',(0.,-2.1));
#11861 = ( GEOMETRIC_REPRESENTATION_CONTEXT(2) 
PARAMETRIC_REPRESENTATION_CONTEXT() REPRESENTATION_CONTEXT('2D SPACE',''
  ) );
#11862 = PCURVE('',#11806,#11863);
#11863 = DEFINITIONAL_REPRESENTATION('',(#11864),#11867);
#11864 = B_SPLINE_CURVE_WITH_KNOTS('',1,(#11865,#11866),.UNSPECIFIED.,
  .F.,.F.,(2,2),(-66.,22.),.PIECEWISE_BEZIER_KNOTS.);
#11865 = CARTESIAN_POINT('',(70.1,44.));
#11866 = CARTESIAN_POINT('',(70.1,-44.));
#11867 = ( GEOMETRIC_REPRESENTATION_CONTEXT(2) 
PARAMETRIC_REPRESENTATION_CONTEXT() REPRESENTATION_CONTEXT('2D SPACE',''
  ) );
#11868 = ADVANCED_FACE('',(#11869),#8894,.T.);
#11869 = FACE_BOUND('',#11870,.F.);
#11870 = EDGE_LOOP('',(#11871,#11894,#11895,#11896));
#11871 = ORIENTED_EDGE('',*,*,#11872,.F.);
#11872 = EDGE_CURVE('',#8848,#11873,#11875,.T.);
#11873 = VERTEX_POINT('',#11874);
#11874 = CARTESIAN_POINT('',(132.,140.1,42.));
#11875 = SURFACE_CURVE('',#11876,(#11880,#11887),.PCURVE_S1.);
#11876 = LINE('',#11877,#11878);
#11877 = CARTESIAN_POINT('',(132.,140.1,39.9));
#11878 = VECTOR('',#11879,1.);
#11879 = DIRECTION('',(0.,0.,1.));
#11880 = PCURVE('',#8894,#11881);
#11881 = DEFINITIONAL_REPRESENTATION('',(#11882),#11886);
#11882 = LINE('',#11883,#11884);
#11883 = CARTESIAN_POINT('',(-1.570796326795,0.));
#11884 = VECTOR('',#11885,1.);
#11885 = DIRECTION('',(-0.,-1.));
#11886 = ( GEOMETRIC_REPRESENTATION_CONTEXT(2) 
PARAMETRIC_REPRESENTATION_CONTEXT() REPRESENTATION_CONTEXT('2D SPACE',''
  ) );
#11887 = PCURVE('',#8862,#11888);
#11888 = DEFINITIONAL_REPRESENTATION('',(#11889),#11893);
#11889 = LINE('',#11890,#11891);
#11890 = CARTESIAN_POINT('',(0.,-0.));
#11891 = VECTOR('',#11892,1.);
#11892 = DIRECTION('',(0.,-1.));
#11893 = ( GEOMETRIC_REPRESENTATION_CONTEXT(2) 
PARAMETRIC_REPRESENTATION_CONTEXT() REPRESENTATION_CONTEXT('2D SPACE',''
  ) );
#11894 = ORIENTED_EDGE('',*,*,#8873,.T.);
#11895 = ORIENTED_EDGE('',*,*,#11825,.T.);
#11896 = ORIENTED_EDGE('',*,*,#11897,.F.);
#11897 = EDGE_CURVE('',#11873,#11826,#11898,.T.);
#11898 = SURFACE_CURVE('',#11899,(#11904,#11911),.PCURVE_S1.);
#11899 = CIRCLE('',#11900,20.1);
#11900 = AXIS2_PLACEMENT_3D('',#11901,#11902,#11903);
#11901 = CARTESIAN_POINT('',(132.,120.,42.));
#11902 = DIRECTION('',(0.,0.,-1.));
#11903 = DIRECTION('',(1.,0.,0.));
#11904 = PCURVE('',#8894,#11905);
#11905 = DEFINITIONAL_REPRESENTATION('',(#11906),#11910);
#11906 = LINE('',#11907,#11908);
#11907 = CARTESIAN_POINT('',(-6.28318530718,-2.1));
#11908 = VECTOR('',#11909,1.);
#11909 = DIRECTION('',(1.,-0.));
#11910 = ( GEOMETRIC_REPRESENTATION_CONTEXT(2) 
PARAMETRIC_REPRESENTATION_CONTEXT() REPRESENTATION_CONTEXT('2D SPACE',''
  ) );
#11911 = PCURVE('',#11806,#11912);
#11912 = DEFINITIONAL_REPRESENTATION('',(#11913),#11921);
#11913 = ( BOUNDED_CURVE() B_SPLINE_CURVE(2,(#11914,#11915,#11916,#11917
    ,#11918,#11919,#11920),.UNSPECIFIED.,.T.,.F.) 
B_SPLINE_CURVE_WITH_KNOTS((1,2,2,2,2,1),(-2.094395102393,0.,
    2.094395102393,4.188790204786,6.28318530718,8.377580409573),
.UNSPECIFIED.) CURVE() GEOMETRIC_REPRESENTATION_ITEM() 
RATIONAL_B_SPLINE_CURVE((1.,0.5,1.,0.5,1.,0.5,1.)) REPRESENTATION_ITEM(
  '') );
#11914 = CARTESIAN_POINT('',(70.1,44.));
#11915 = CARTESIAN_POINT('',(70.1,9.185778767866));
#11916 = CARTESIAN_POINT('',(39.95,26.592889383933));
#11917 = CARTESIAN_POINT('',(9.8,44.));
#11918 = CARTESIAN_POINT('',(39.95,61.407110616067));
#11919 = CARTESIAN_POINT('',(70.1,78.814221232134));
#11920 = CARTESIAN_POINT('',(70.1,44.));
#11921 = ( GEOMETRIC_REPRESENTATION_CONTEXT(2) 
PARAMETRIC_REPRESENTATION_CONTEXT() REPRESENTATION_CONTEXT('2D SPACE',''
  ) );
#11922 = ADVANCED_FACE('',(#11923),#8862,.F.);
#11923 = FACE_BOUND('',#11924,.F.);
#11924 = EDGE_LOOP('',(#11925,#11948,#11949,#11950));
#11925 = ORIENTED_EDGE('',*,*,#11926,.F.);
#11926 = EDGE_CURVE('',#8815,#11927,#11929,.T.);
#11927 = VERTEX_POINT('',#11928);
#11928 = CARTESIAN_POINT('',(32.,140.1,42.));
#11929 = SURFACE_CURVE('',#11930,(#11934,#11941),.PCURVE_S1.);
#11930 = LINE('',#11931,#11932);
#11931 = CARTESIAN_POINT('',(32.,140.1,39.9));
#11932 = VECTOR('',#11933,1.);
#11933 = DIRECTION('',(0.,0.,1.));
#11934 = PCURVE('',#8862,#11935);
#11935 = DEFINITIONAL_REPRESENTATION('',(#11936),#11940);
#11936 = LINE('',#11937,#11938);
#11937 = CARTESIAN_POINT('',(100.,0.));
#11938 = VECTOR('',#11939,1.);
#11939 = DIRECTION('',(0.,-1.));
#11940 = ( GEOMETRIC_REPRESENTATION_CONTEXT(2) 
PARAMETRIC_REPRESENTATION_CONTEXT() REPRESENTATION_CONTEXT('2D SPACE',''
  ) );
#11941 = PCURVE('',#8835,#11942);
#11942 = DEFINITIONAL_REPRESENTATION('',(#11943),#11947);
#11943 = LINE('',#11944,#11945);
#11944 = CARTESIAN_POINT('',(-1.570796326795,0.));
#11945 = VECTOR('',#11946,1.);
#11946 = DIRECTION('',(-0.,-1.));
#11947 = ( GEOMETRIC_REPRESENTATION_CONTEXT(2) 
PARAMETRIC_REPRESENTATION_CONTEXT() REPRESENTATION_CONTEXT('2D SPACE',''
  ) );
#11948 = ORIENTED_EDGE('',*,*,#8847,.T.);
#11949 = ORIENTED_EDGE('',*,*,#11872,.T.);
#11950 = ORIENTED_EDGE('',*,*,#11951,.F.);
#11951 = EDGE_CURVE('',#11927,#11873,#11952,.T.);
#11952 = SURFACE_CURVE('',#11953,(#11957,#11963),.PCURVE_S1.);
#11953 = LINE('',#11954,#11955);
#11954 = CARTESIAN_POINT('',(107.,140.1,42.));
#11955 = VECTOR('',#11956,1.);
#11956 = DIRECTION('',(1.,0.,-0.));
#11957 = PCURVE('',#8862,#11958);
#11958 = DEFINITIONAL_REPRESENTATION('',(#11959),#11962);
#11959 = B_SPLINE_CURVE_WITH_KNOTS('',1,(#11960,#11961),.UNSPECIFIED.,
  .F.,.F.,(2,2),(-75.,25.),.PIECEWISE_BEZIER_KNOTS.);
#11960 = CARTESIAN_POINT('',(100.,-2.1));
#11961 = CARTESIAN_POINT('',(0.,-2.1));
#11962 = ( GEOMETRIC_REPRESENTATION_CONTEXT(2) 
PARAMETRIC_REPRESENTATION_CONTEXT() REPRESENTATION_CONTEXT('2D SPACE',''
  ) );
#11963 = PCURVE('',#11806,#11964);
#11964 = DEFINITIONAL_REPRESENTATION('',(#11965),#11968);
#11965 = B_SPLINE_CURVE_WITH_KNOTS('',1,(#11966,#11967),.UNSPECIFIED.,
  .F.,.F.,(2,2),(-75.,25.),.PIECEWISE_BEZIER_KNOTS.);
#11966 = CARTESIAN_POINT('',(-50.,64.1));
#11967 = CARTESIAN_POINT('',(50.,64.1));
#11968 = ( GEOMETRIC_REPRESENTATION_CONTEXT(2) 
PARAMETRIC_REPRESENTATION_CONTEXT() REPRESENTATION_CONTEXT('2D SPACE',''
  ) );
#11969 = ADVANCED_FACE('',(#11970),#8835,.T.);
#11970 = FACE_BOUND('',#11971,.F.);
#11971 = EDGE_LOOP('',(#11972,#11995,#11996,#11997));
#11972 = ORIENTED_EDGE('',*,*,#11973,.F.);
#11973 = EDGE_CURVE('',#8789,#11974,#11976,.T.);
#11974 = VERTEX_POINT('',#11975);
#11975 = CARTESIAN_POINT('',(11.9,120.,42.));
#11976 = SURFACE_CURVE('',#11977,(#11981,#11988),.PCURVE_S1.);
#11977 = LINE('',#11978,#11979);
#11978 = CARTESIAN_POINT('',(11.9,120.,39.9));
#11979 = VECTOR('',#11980,1.);
#11980 = DIRECTION('',(0.,0.,1.));
#11981 = PCURVE('',#8835,#11982);
#11982 = DEFINITIONAL_REPRESENTATION('',(#11983),#11987);
#11983 = LINE('',#11984,#11985);
#11984 = CARTESIAN_POINT('',(-3.14159265359,0.));
#11985 = VECTOR('',#11986,1.);
#11986 = DIRECTION('',(-0.,-1.));
#11987 = ( GEOMETRIC_REPRESENTATION_CONTEXT(2) 
PARAMETRIC_REPRESENTATION_CONTEXT() REPRESENTATION_CONTEXT('2D SPACE',''
  ) );
#11988 = PCURVE('',#8803,#11989);
#11989 = DEFINITIONAL_REPRESENTATION('',(#11990),#11994);
#11990 = LINE('',#11991,#11992);
#11991 = CARTESIAN_POINT('',(0.,0.));
#11992 = VECTOR('',#11993,1.);
#11993 = DIRECTION('',(0.,-1.));
#11994 = ( GEOMETRIC_REPRESENTATION_CONTEXT(2) 
PARAMETRIC_REPRESENTATION_CONTEXT() REPRESENTATION_CONTEXT('2D SPACE',''
  ) );
#11995 = ORIENTED_EDGE('',*,*,#8814,.T.);
#11996 = ORIENTED_EDGE('',*,*,#11926,.T.);
#11997 = ORIENTED_EDGE('',*,*,#11998,.F.);
#11998 = EDGE_CURVE('',#11974,#11927,#11999,.T.);
#11999 = SURFACE_CURVE('',#12000,(#12005,#12012),.PCURVE_S1.);
#12000 = CIRCLE('',#12001,20.1);
#12001 = AXIS2_PLACEMENT_3D('',#12002,#12003,#12004);
#12002 = CARTESIAN_POINT('',(32.,120.,42.));
#12003 = DIRECTION('',(0.,0.,-1.));
#12004 = DIRECTION('',(1.,0.,0.));
#12005 = PCURVE('',#8835,#12006);
#12006 = DEFINITIONAL_REPRESENTATION('',(#12007),#12011);
#12007 = LINE('',#12008,#12009);
#12008 = CARTESIAN_POINT('',(-6.28318530718,-2.1));
#12009 = VECTOR('',#12010,1.);
#12010 = DIRECTION('',(1.,-0.));
#12011 = ( GEOMETRIC_REPRESENTATION_CONTEXT(2) 
PARAMETRIC_REPRESENTATION_CONTEXT() REPRESENTATION_CONTEXT('2D SPACE',''
  ) );
#12012 = PCURVE('',#11806,#12013);
#12013 = DEFINITIONAL_REPRESENTATION('',(#12014),#12022);
#12014 = ( BOUNDED_CURVE() B_SPLINE_CURVE(2,(#12015,#12016,#12017,#12018
    ,#12019,#12020,#12021),.UNSPECIFIED.,.T.,.F.) 
B_SPLINE_CURVE_WITH_KNOTS((1,2,2,2,2,1),(-2.094395102393,0.,
    2.094395102393,4.188790204786,6.28318530718,8.377580409573),
.UNSPECIFIED.) CURVE() GEOMETRIC_REPRESENTATION_ITEM() 
RATIONAL_B_SPLINE_CURVE((1.,0.5,1.,0.5,1.,0.5,1.)) REPRESENTATION_ITEM(
  '') );
#12015 = CARTESIAN_POINT('',(-29.9,44.));
#12016 = CARTESIAN_POINT('',(-29.9,9.185778767866));
#12017 = CARTESIAN_POINT('',(-60.05,26.592889383933));
#12018 = CARTESIAN_POINT('',(-90.2,44.));
#12019 = CARTESIAN_POINT('',(-60.05,61.407110616067));
#12020 = CARTESIAN_POINT('',(-29.9,78.814221232134));
#12021 = CARTESIAN_POINT('',(-29.9,44.));
#12022 = ( GEOMETRIC_REPRESENTATION_CONTEXT(2) 
PARAMETRIC_REPRESENTATION_CONTEXT() REPRESENTATION_CONTEXT('2D SPACE',''
  ) );
#12023 = ADVANCED_FACE('',(#12024),#8803,.F.);
#12024 = FACE_BOUND('',#12025,.F.);
#12025 = EDGE_LOOP('',(#12026,#12049,#12050,#12051));
#12026 = ORIENTED_EDGE('',*,*,#12027,.F.);
#12027 = EDGE_CURVE('',#8756,#12028,#12030,.T.);
#12028 = VERTEX_POINT('',#12029);
#12029 = CARTESIAN_POINT('',(11.9,32.,42.));
#12030 = SURFACE_CURVE('',#12031,(#12035,#12042),.PCURVE_S1.);
#12031 = LINE('',#12032,#12033);
#12032 = CARTESIAN_POINT('',(11.9,32.,39.9));
#12033 = VECTOR('',#12034,1.);
#12034 = DIRECTION('',(0.,0.,1.));
#12035 = PCURVE('',#8803,#12036);
#12036 = DEFINITIONAL_REPRESENTATION('',(#12037),#12041);
#12037 = LINE('',#12038,#12039);
#12038 = CARTESIAN_POINT('',(88.,0.));
#12039 = VECTOR('',#12040,1.);
#12040 = DIRECTION('',(0.,-1.));
#12041 = ( GEOMETRIC_REPRESENTATION_CONTEXT(2) 
PARAMETRIC_REPRESENTATION_CONTEXT() REPRESENTATION_CONTEXT('2D SPACE',''
  ) );
#12042 = PCURVE('',#8776,#12043);
#12043 = DEFINITIONAL_REPRESENTATION('',(#12044),#12048);
#12044 = LINE('',#12045,#12046);
#12045 = CARTESIAN_POINT('',(-3.14159265359,0.));
#12046 = VECTOR('',#12047,1.);
#12047 = DIRECTION('',(-0.,-1.));
#12048 = ( GEOMETRIC_REPRESENTATION_CONTEXT(2) 
PARAMETRIC_REPRESENTATION_CONTEXT() REPRESENTATION_CONTEXT('2D SPACE',''
  ) );
#12049 = ORIENTED_EDGE('',*,*,#8788,.T.);
#12050 = ORIENTED_EDGE('',*,*,#11973,.T.);
#12051 = ORIENTED_EDGE('',*,*,#12052,.F.);
#12052 = EDGE_CURVE('',#12028,#11974,#12053,.T.);
#12053 = SURFACE_CURVE('',#12054,(#12058,#12064),.PCURVE_S1.);
#12054 = LINE('',#12055,#12056);
#12055 = CARTESIAN_POINT('',(11.9,98.,42.));
#12056 = VECTOR('',#12057,1.);
#12057 = DIRECTION('',(-0.,1.,0.));
#12058 = PCURVE('',#8803,#12059);
#12059 = DEFINITIONAL_REPRESENTATION('',(#12060),#12063);
#12060 = B_SPLINE_CURVE_WITH_KNOTS('',1,(#12061,#12062),.UNSPECIFIED.,
  .F.,.F.,(2,2),(-66.,22.),.PIECEWISE_BEZIER_KNOTS.);
#12061 = CARTESIAN_POINT('',(88.,-2.1));
#12062 = CARTESIAN_POINT('',(0.,-2.1));
#12063 = ( GEOMETRIC_REPRESENTATION_CONTEXT(2) 
PARAMETRIC_REPRESENTATION_CONTEXT() REPRESENTATION_CONTEXT('2D SPACE',''
  ) );
#12064 = PCURVE('',#11806,#12065);
#12065 = DEFINITIONAL_REPRESENTATION('',(#12066),#12069);
#12066 = B_SPLINE_CURVE_WITH_KNOTS('',1,(#12067,#12068),.UNSPECIFIED.,
  .F.,.F.,(2,2),(-66.,22.),.PIECEWISE_BEZIER_KNOTS.);
#12067 = CARTESIAN_POINT('',(-70.1,-44.));
#12068 = CARTESIAN_POINT('',(-70.1,44.));
#12069 = ( GEOMETRIC_REPRESENTATION_CONTEXT(2) 
PARAMETRIC_REPRESENTATION_CONTEXT() REPRESENTATION_CONTEXT('2D SPACE',''
  ) );
#12070 = ADVANCED_FACE('',(#12071),#8776,.T.);
#12071 = FACE_BOUND('',#12072,.F.);
#12072 = EDGE_LOOP('',(#12073,#12096,#12097,#12098));
#12073 = ORIENTED_EDGE('',*,*,#12074,.F.);
#12074 = EDGE_CURVE('',#8730,#12075,#12077,.T.);
#12075 = VERTEX_POINT('',#12076);
#12076 = CARTESIAN_POINT('',(32.,11.9,42.));
#12077 = SURFACE_CURVE('',#12078,(#12082,#12089),.PCURVE_S1.);
#12078 = LINE('',#12079,#12080);
#12079 = CARTESIAN_POINT('',(32.,11.9,39.9));
#12080 = VECTOR('',#12081,1.);
#12081 = DIRECTION('',(0.,0.,1.));
#12082 = PCURVE('',#8776,#12083);
#12083 = DEFINITIONAL_REPRESENTATION('',(#12084),#12088);
#12084 = LINE('',#12085,#12086);
#12085 = CARTESIAN_POINT('',(-4.712388980385,0.));
#12086 = VECTOR('',#12087,1.);
#12087 = DIRECTION('',(-0.,-1.));
#12088 = ( GEOMETRIC_REPRESENTATION_CONTEXT(2) 
PARAMETRIC_REPRESENTATION_CONTEXT() REPRESENTATION_CONTEXT('2D SPACE',''
  ) );
#12089 = PCURVE('',#8744,#12090);
#12090 = DEFINITIONAL_REPRESENTATION('',(#12091),#12095);
#12091 = LINE('',#12092,#12093);
#12092 = CARTESIAN_POINT('',(0.,0.));
#12093 = VECTOR('',#12094,1.);
#12094 = DIRECTION('',(0.,-1.));
#12095 = ( GEOMETRIC_REPRESENTATION_CONTEXT(2) 
PARAMETRIC_REPRESENTATION_CONTEXT() REPRESENTATION_CONTEXT('2D SPACE',''
  ) );
#12096 = ORIENTED_EDGE('',*,*,#8755,.T.);
#12097 = ORIENTED_EDGE('',*,*,#12027,.T.);
#12098 = ORIENTED_EDGE('',*,*,#12099,.F.);
#12099 = EDGE_CURVE('',#12075,#12028,#12100,.T.);
#12100 = SURFACE_CURVE('',#12101,(#12106,#12113),.PCURVE_S1.);
#12101 = CIRCLE('',#12102,20.1);
#12102 = AXIS2_PLACEMENT_3D('',#12103,#12104,#12105);
#12103 = CARTESIAN_POINT('',(32.,32.,42.));
#12104 = DIRECTION('',(0.,0.,-1.));
#12105 = DIRECTION('',(1.,0.,0.));
#12106 = PCURVE('',#8776,#12107);
#12107 = DEFINITIONAL_REPRESENTATION('',(#12108),#12112);
#12108 = LINE('',#12109,#12110);
#12109 = CARTESIAN_POINT('',(-6.28318530718,-2.1));
#12110 = VECTOR('',#12111,1.);
#12111 = DIRECTION('',(1.,-0.));
#12112 = ( GEOMETRIC_REPRESENTATION_CONTEXT(2) 
PARAMETRIC_REPRESENTATION_CONTEXT() REPRESENTATION_CONTEXT('2D SPACE',''
  ) );
#12113 = PCURVE('',#11806,#12114);
#12114 = DEFINITIONAL_REPRESENTATION('',(#12115),#12123);
#12115 = ( BOUNDED_CURVE() B_SPLINE_CURVE(2,(#12116,#12117,#12118,#12119
    ,#12120,#12121,#12122),.UNSPECIFIED.,.T.,.F.) 
B_SPLINE_CURVE_WITH_KNOTS((1,2,2,2,2,1),(-2.094395102393,0.,
    2.094395102393,4.188790204786,6.28318530718,8.377580409573),
.UNSPECIFIED.) CURVE() GEOMETRIC_REPRESENTATION_ITEM() 
RATIONAL_B_SPLINE_CURVE((1.,0.5,1.,0.5,1.,0.5,1.)) REPRESENTATION_ITEM(
  '') );
#12116 = CARTESIAN_POINT('',(-29.9,-44.));
#12117 = CARTESIAN_POINT('',(-29.9,-78.81422123213));
#12118 = CARTESIAN_POINT('',(-60.05,-61.40711061606));
#12119 = CARTESIAN_POINT('',(-90.2,-44.));
#12120 = CARTESIAN_POINT('',(-60.05,-26.59288938393));
#12121 = CARTESIAN_POINT('',(-29.9,-9.185778767866));
#12122 = CARTESIAN_POINT('',(-29.9,-44.));
#12123 = ( GEOMETRIC_REPRESENTATION_CONTEXT(2) 
PARAMETRIC_REPRESENTATION_CONTEXT() REPRESENTATION_CONTEXT('2D SPACE',''
  ) );
#12124 = ADVANCED_FACE('',(#12125),#8744,.F.);
#12125 = FACE_BOUND('',#12126,.F.);
#12126 = EDGE_LOOP('',(#12127,#12128,#12129,#12130));
#12127 = ORIENTED_EDGE('',*,*,#11768,.F.);
#12128 = ORIENTED_EDGE('',*,*,#8729,.T.);
#12129 = ORIENTED_EDGE('',*,*,#12074,.T.);
#12130 = ORIENTED_EDGE('',*,*,#12131,.F.);
#12131 = EDGE_CURVE('',#11769,#12075,#12132,.T.);
#12132 = SURFACE_CURVE('',#12133,(#12137,#12143),.PCURVE_S1.);
#12133 = LINE('',#12134,#12135);
#12134 = CARTESIAN_POINT('',(57.,11.9,42.));
#12135 = VECTOR('',#12136,1.);
#12136 = DIRECTION('',(-1.,0.,0.));
#12137 = PCURVE('',#8744,#12138);
#12138 = DEFINITIONAL_REPRESENTATION('',(#12139),#12142);
#12139 = B_SPLINE_CURVE_WITH_KNOTS('',1,(#12140,#12141),.UNSPECIFIED.,
  .F.,.F.,(2,2),(-75.,25.),.PIECEWISE_BEZIER_KNOTS.);
#12140 = CARTESIAN_POINT('',(100.,-2.1));
#12141 = CARTESIAN_POINT('',(0.,-2.1));
#12142 = ( GEOMETRIC_REPRESENTATION_CONTEXT(2) 
PARAMETRIC_REPRESENTATION_CONTEXT() REPRESENTATION_CONTEXT('2D SPACE',''
  ) );
#12143 = PCURVE('',#11806,#12144);
#12144 = DEFINITIONAL_REPRESENTATION('',(#12145),#12148);
#12145 = B_SPLINE_CURVE_WITH_KNOTS('',1,(#12146,#12147),.UNSPECIFIED.,
  .F.,.F.,(2,2),(-75.,25.),.PIECEWISE_BEZIER_KNOTS.);
#12146 = CARTESIAN_POINT('',(50.,-64.1));
#12147 = CARTESIAN_POINT('',(-50.,-64.1));
#12148 = ( GEOMETRIC_REPRESENTATION_CONTEXT(2) 
PARAMETRIC_REPRESENTATION_CONTEXT() REPRESENTATION_CONTEXT('2D SPACE',''
  ) );
#12149 = ADVANCED_FACE('',(#12150,#12252),#9238,.F.);
#12150 = FACE_BOUND('',#12151,.F.);
#12151 = EDGE_LOOP('',(#12152,#12182,#12204,#12232));
#12152 = ORIENTED_EDGE('',*,*,#12153,.T.);
#12153 = EDGE_CURVE('',#12154,#12156,#12158,.T.);
#12154 = VERTEX_POINT('',#12155);
#12155 = CARTESIAN_POINT('',(2.4,14.,28.));
#12156 = VERTEX_POINT('',#12157);
#12157 = CARTESIAN_POINT('',(14.,2.4,28.));
#12158 = SURFACE_CURVE('',#12159,(#12164,#12170),.PCURVE_S1.);
#12159 = CIRCLE('',#12160,11.6);
#12160 = AXIS2_PLACEMENT_3D('',#12161,#12162,#12163);
#12161 = CARTESIAN_POINT('',(14.,14.,28.));
#12162 = DIRECTION('',(0.,-0.,1.));
#12163 = DIRECTION('',(1.,0.,0.));
#12164 = PCURVE('',#9238,#12165);
#12165 = DEFINITIONAL_REPRESENTATION('',(#12166),#12169);
#12166 = B_SPLINE_CURVE_WITH_KNOTS('',1,(#12167,#12168),.UNSPECIFIED.,
  .F.,.F.,(2,2),(3.14159265359,4.712388980385),
  .PIECEWISE_BEZIER_KNOTS.);
#12167 = CARTESIAN_POINT('',(3.14159265359,0.));
#12168 = CARTESIAN_POINT('',(4.712388980385,0.));
#12169 = ( GEOMETRIC_REPRESENTATION_CONTEXT(2) 
PARAMETRIC_REPRESENTATION_CONTEXT() REPRESENTATION_CONTEXT('2D SPACE',''
  ) );
#12170 = PCURVE('',#12171,#12176);
#12171 = CYLINDRICAL_SURFACE('',#12172,11.6);
#12172 = AXIS2_PLACEMENT_3D('',#12173,#12174,#12175);
#12173 = CARTESIAN_POINT('',(14.,14.,3.));
#12174 = DIRECTION('',(-0.,0.,-1.));
#12175 = DIRECTION('',(1.,0.,0.));
#12176 = DEFINITIONAL_REPRESENTATION('',(#12177),#12181);
#12177 = LINE('',#12178,#12179);
#12178 = CARTESIAN_POINT('',(-0.,-25.));
#12179 = VECTOR('',#12180,1.);
#12180 = DIRECTION('',(-1.,0.));
#12181 = ( GEOMETRIC_REPRESENTATION_CONTEXT(2) 
PARAMETRIC_REPRESENTATION_CONTEXT() REPRESENTATION_CONTEXT('2D SPACE',''
  ) );
#12182 = ORIENTED_EDGE('',*,*,#12183,.T.);
#12183 = EDGE_CURVE('',#12156,#12184,#12186,.T.);
#12184 = VERTEX_POINT('',#12185);
#12185 = CARTESIAN_POINT('',(32.,14.,40.));
#12186 = SURFACE_CURVE('',#12187,(#12190,#12197),.PCURVE_S1.);
#12187 = B_SPLINE_CURVE_WITH_KNOTS('',1,(#12188,#12189),.UNSPECIFIED.,
  .F.,.F.,(2,2),(0.,1.),.PIECEWISE_BEZIER_KNOTS.);
#12188 = CARTESIAN_POINT('',(14.,2.4,28.));
#12189 = CARTESIAN_POINT('',(32.,14.,40.));
#12190 = PCURVE('',#9238,#12191);
#12191 = DEFINITIONAL_REPRESENTATION('',(#12192),#12196);
#12192 = LINE('',#12193,#12194);
#12193 = CARTESIAN_POINT('',(4.712388980385,0.));
#12194 = VECTOR('',#12195,1.);
#12195 = DIRECTION('',(0.,1.));
#12196 = ( GEOMETRIC_REPRESENTATION_CONTEXT(2) 
PARAMETRIC_REPRESENTATION_CONTEXT() REPRESENTATION_CONTEXT('2D SPACE',''
  ) );
#12197 = PCURVE('',#11726,#12198);
#12198 = DEFINITIONAL_REPRESENTATION('',(#12199),#12203);
#12199 = LINE('',#12200,#12201);
#12200 = CARTESIAN_POINT('',(11.6,0.));
#12201 = VECTOR('',#12202,1.);
#12202 = DIRECTION('',(0.,1.));
#12203 = ( GEOMETRIC_REPRESENTATION_CONTEXT(2) 
PARAMETRIC_REPRESENTATION_CONTEXT() REPRESENTATION_CONTEXT('2D SPACE',''
  ) );
#12204 = ORIENTED_EDGE('',*,*,#12205,.F.);
#12205 = EDGE_CURVE('',#12206,#12184,#12208,.T.);
#12206 = VERTEX_POINT('',#12207);
#12207 = CARTESIAN_POINT('',(14.,32.,40.));
#12208 = SURFACE_CURVE('',#12209,(#12214,#12221),.PCURVE_S1.);
#12209 = CIRCLE('',#12210,18.);
#12210 = AXIS2_PLACEMENT_3D('',#12211,#12212,#12213);
#12211 = CARTESIAN_POINT('',(32.,32.,40.));
#12212 = DIRECTION('',(0.,-0.,1.));
#12213 = DIRECTION('',(1.,0.,0.));
#12214 = PCURVE('',#9238,#12215);
#12215 = DEFINITIONAL_REPRESENTATION('',(#12216),#12220);
#12216 = LINE('',#12217,#12218);
#12217 = CARTESIAN_POINT('',(0.,1.));
#12218 = VECTOR('',#12219,1.);
#12219 = DIRECTION('',(1.,0.));
#12220 = ( GEOMETRIC_REPRESENTATION_CONTEXT(2) 
PARAMETRIC_REPRESENTATION_CONTEXT() REPRESENTATION_CONTEXT('2D SPACE',''
  ) );
#12221 = PCURVE('',#12222,#12227);
#12222 = CYLINDRICAL_SURFACE('',#12223,18.);
#12223 = AXIS2_PLACEMENT_3D('',#12224,#12225,#12226);
#12224 = CARTESIAN_POINT('',(32.,32.,40.));
#12225 = DIRECTION('',(-0.,0.,-1.));
#12226 = DIRECTION('',(1.,0.,0.));
#12227 = DEFINITIONAL_REPRESENTATION('',(#12228),#12231);
#12228 = B_SPLINE_CURVE_WITH_KNOTS('',1,(#12229,#12230),.UNSPECIFIED.,
  .F.,.F.,(2,2),(3.14159265359,4.712388980385),
  .PIECEWISE_BEZIER_KNOTS.);
#12229 = CARTESIAN_POINT('',(-3.14159265359,0.));
#12230 = CARTESIAN_POINT('',(-4.712388980385,0.));
#12231 = ( GEOMETRIC_REPRESENTATION_CONTEXT(2) 
PARAMETRIC_REPRESENTATION_CONTEXT() REPRESENTATION_CONTEXT('2D SPACE',''
  ) );
#12232 = ORIENTED_EDGE('',*,*,#12233,.F.);
#12233 = EDGE_CURVE('',#12154,#12206,#12234,.T.);
#12234 = SURFACE_CURVE('',#12235,(#12238,#12245),.PCURVE_S1.);
#12235 = B_SPLINE_CURVE_WITH_KNOTS('',1,(#12236,#12237),.UNSPECIFIED.,
  .F.,.F.,(2,2),(0.,1.),.PIECEWISE_BEZIER_KNOTS.);
#12236 = CARTESIAN_POINT('',(2.4,14.,28.));
#12237 = CARTESIAN_POINT('',(14.,32.,40.));
#12238 = PCURVE('',#9238,#12239);
#12239 = DEFINITIONAL_REPRESENTATION('',(#12240),#12244);
#12240 = LINE('',#12241,#12242);
#12241 = CARTESIAN_POINT('',(3.14159265359,0.));
#12242 = VECTOR('',#12243,1.);
#12243 = DIRECTION('',(0.,1.));
#12244 = ( GEOMETRIC_REPRESENTATION_CONTEXT(2) 
PARAMETRIC_REPRESENTATION_CONTEXT() REPRESENTATION_CONTEXT('2D SPACE',''
  ) );
#12245 = PCURVE('',#10088,#12246);
#12246 = DEFINITIONAL_REPRESENTATION('',(#12247),#12251);
#12247 = LINE('',#12248,#12249);
#12248 = CARTESIAN_POINT('',(135.6,0.));
#12249 = VECTOR('',#12250,1.);
#12250 = DIRECTION('',(0.,1.));
#12251 = ( GEOMETRIC_REPRESENTATION_CONTEXT(2) 
PARAMETRIC_REPRESENTATION_CONTEXT() REPRESENTATION_CONTEXT('2D SPACE',''
  ) );
#12252 = FACE_BOUND('',#12253,.F.);
#12253 = EDGE_LOOP('',(#12254));
#12254 = ORIENTED_EDGE('',*,*,#8967,.T.);
#12255 = ADVANCED_FACE('',(#12256,#12363),#9715,.F.);
#12256 = FACE_BOUND('',#12257,.F.);
#12257 = EDGE_LOOP('',(#12258,#12288,#12310,#12338));
#12258 = ORIENTED_EDGE('',*,*,#12259,.T.);
#12259 = EDGE_CURVE('',#12260,#12262,#12264,.T.);
#12260 = VERTEX_POINT('',#12261);
#12261 = CARTESIAN_POINT('',(14.,149.6,28.));
#12262 = VERTEX_POINT('',#12263);
#12263 = CARTESIAN_POINT('',(2.4,138.,28.));
#12264 = SURFACE_CURVE('',#12265,(#12270,#12276),.PCURVE_S1.);
#12265 = CIRCLE('',#12266,11.6);
#12266 = AXIS2_PLACEMENT_3D('',#12267,#12268,#12269);
#12267 = CARTESIAN_POINT('',(14.,138.,28.));
#12268 = DIRECTION('',(0.,-0.,1.));
#12269 = DIRECTION('',(1.,0.,0.));
#12270 = PCURVE('',#9715,#12271);
#12271 = DEFINITIONAL_REPRESENTATION('',(#12272),#12275);
#12272 = B_SPLINE_CURVE_WITH_KNOTS('',1,(#12273,#12274),.UNSPECIFIED.,
  .F.,.F.,(2,2),(1.570796326795,3.14159265359),
  .PIECEWISE_BEZIER_KNOTS.);
#12273 = CARTESIAN_POINT('',(1.570796326795,0.));
#12274 = CARTESIAN_POINT('',(3.14159265359,0.));
#12275 = ( GEOMETRIC_REPRESENTATION_CONTEXT(2) 
PARAMETRIC_REPRESENTATION_CONTEXT() REPRESENTATION_CONTEXT('2D SPACE',''
  ) );
#12276 = PCURVE('',#12277,#12282);
#12277 = CYLINDRICAL_SURFACE('',#12278,11.6);
#12278 = AXIS2_PLACEMENT_3D('',#12279,#12280,#12281);
#12279 = CARTESIAN_POINT('',(14.,138.,3.));
#12280 = DIRECTION('',(-0.,0.,-1.));
#12281 = DIRECTION('',(1.,0.,0.));
#12282 = DEFINITIONAL_REPRESENTATION('',(#12283),#12287);
#12283 = LINE('',#12284,#12285);
#12284 = CARTESIAN_POINT('',(-0.,-25.));
#12285 = VECTOR('',#12286,1.);
#12286 = DIRECTION('',(-1.,0.));
#12287 = ( GEOMETRIC_REPRESENTATION_CONTEXT(2) 
PARAMETRIC_REPRESENTATION_CONTEXT() REPRESENTATION_CONTEXT('2D SPACE',''
  ) );
#12288 = ORIENTED_EDGE('',*,*,#12289,.T.);
#12289 = EDGE_CURVE('',#12262,#12290,#12292,.T.);
#12290 = VERTEX_POINT('',#12291);
#12291 = CARTESIAN_POINT('',(14.,120.,40.));
#12292 = SURFACE_CURVE('',#12293,(#12296,#12303),.PCURVE_S1.);
#12293 = B_SPLINE_CURVE_WITH_KNOTS('',1,(#12294,#12295),.UNSPECIFIED.,
  .F.,.F.,(2,2),(0.,1.),.PIECEWISE_BEZIER_KNOTS.);
#12294 = CARTESIAN_POINT('',(2.4,138.,28.));
#12295 = CARTESIAN_POINT('',(14.,120.,40.));
#12296 = PCURVE('',#9715,#12297);
#12297 = DEFINITIONAL_REPRESENTATION('',(#12298),#12302);
#12298 = LINE('',#12299,#12300);
#12299 = CARTESIAN_POINT('',(3.14159265359,0.));
#12300 = VECTOR('',#12301,1.);
#12301 = DIRECTION('',(0.,1.));
#12302 = ( GEOMETRIC_REPRESENTATION_CONTEXT(2) 
PARAMETRIC_REPRESENTATION_CONTEXT() REPRESENTATION_CONTEXT('2D SPACE',''
  ) );
#12303 = PCURVE('',#10088,#12304);
#12304 = DEFINITIONAL_REPRESENTATION('',(#12305),#12309);
#12305 = LINE('',#12306,#12307);
#12306 = CARTESIAN_POINT('',(11.6,0.));
#12307 = VECTOR('',#12308,1.);
#12308 = DIRECTION('',(0.,1.));
#12309 = ( GEOMETRIC_REPRESENTATION_CONTEXT(2) 
PARAMETRIC_REPRESENTATION_CONTEXT() REPRESENTATION_CONTEXT('2D SPACE',''
  ) );
#12310 = ORIENTED_EDGE('',*,*,#12311,.F.);
#12311 = EDGE_CURVE('',#12312,#12290,#12314,.T.);
#12312 = VERTEX_POINT('',#12313);
#12313 = CARTESIAN_POINT('',(32.,138.,40.));
#12314 = SURFACE_CURVE('',#12315,(#12320,#12327),.PCURVE_S1.);
#12315 = CIRCLE('',#12316,18.);
#12316 = AXIS2_PLACEMENT_3D('',#12317,#12318,#12319);
#12317 = CARTESIAN_POINT('',(32.,120.,40.));
#12318 = DIRECTION('',(0.,-0.,1.));
#12319 = DIRECTION('',(1.,0.,0.));
#12320 = PCURVE('',#9715,#12321);
#12321 = DEFINITIONAL_REPRESENTATION('',(#12322),#12326);
#12322 = LINE('',#12323,#12324);
#12323 = CARTESIAN_POINT('',(0.,1.));
#12324 = VECTOR('',#12325,1.);
#12325 = DIRECTION('',(1.,0.));
#12326 = ( GEOMETRIC_REPRESENTATION_CONTEXT(2) 
PARAMETRIC_REPRESENTATION_CONTEXT() REPRESENTATION_CONTEXT('2D SPACE',''
  ) );
#12327 = PCURVE('',#12328,#12333);
#12328 = CYLINDRICAL_SURFACE('',#12329,18.);
#12329 = AXIS2_PLACEMENT_3D('',#12330,#12331,#12332);
#12330 = CARTESIAN_POINT('',(32.,120.,40.));
#12331 = DIRECTION('',(-0.,0.,-1.));
#12332 = DIRECTION('',(1.,0.,0.));
#12333 = DEFINITIONAL_REPRESENTATION('',(#12334),#12337);
#12334 = B_SPLINE_CURVE_WITH_KNOTS('',1,(#12335,#12336),.UNSPECIFIED.,
  .F.,.F.,(2,2),(1.570796326795,3.14159265359),
  .PIECEWISE_BEZIER_KNOTS.);
#12335 = CARTESIAN_POINT('',(-1.570796326795,0.));
#12336 = CARTESIAN_POINT('',(-3.14159265359,0.));
#12337 = ( GEOMETRIC_REPRESENTATION_CONTEXT(2) 
PARAMETRIC_REPRESENTATION_CONTEXT() REPRESENTATION_CONTEXT('2D SPACE',''
  ) );
#12338 = ORIENTED_EDGE('',*,*,#12339,.F.);
#12339 = EDGE_CURVE('',#12260,#12312,#12340,.T.);
#12340 = SURFACE_CURVE('',#12341,(#12344,#12351),.PCURVE_S1.);
#12341 = B_SPLINE_CURVE_WITH_KNOTS('',1,(#12342,#12343),.UNSPECIFIED.,
  .F.,.F.,(2,2),(0.,1.),.PIECEWISE_BEZIER_KNOTS.);
#12342 = CARTESIAN_POINT('',(14.,149.6,28.));
#12343 = CARTESIAN_POINT('',(32.,138.,40.));
#12344 = PCURVE('',#9715,#12345);
#12345 = DEFINITIONAL_REPRESENTATION('',(#12346),#12350);
#12346 = LINE('',#12347,#12348);
#12347 = CARTESIAN_POINT('',(1.570796326795,0.));
#12348 = VECTOR('',#12349,1.);
#12349 = DIRECTION('',(0.,1.));
#12350 = ( GEOMETRIC_REPRESENTATION_CONTEXT(2) 
PARAMETRIC_REPRESENTATION_CONTEXT() REPRESENTATION_CONTEXT('2D SPACE',''
  ) );
#12351 = PCURVE('',#12352,#12357);
#12352 = B_SPLINE_SURFACE_WITH_KNOTS('',1,1,(
    (#12353,#12354)
    ,(#12355,#12356
  )),.UNSPECIFIED.,.F.,.F.,.F.,(2,2),(2,2),(11.6,147.6),(0.,1.),
  .PIECEWISE_BEZIER_KNOTS.);
#12353 = CARTESIAN_POINT('',(150.,149.6,28.));
#12354 = CARTESIAN_POINT('',(132.,138.,40.));
#12355 = CARTESIAN_POINT('',(14.,149.6,28.));
#12356 = CARTESIAN_POINT('',(32.,138.,40.));
#12357 = DEFINITIONAL_REPRESENTATION('',(#12358),#12362);
#12358 = LINE('',#12359,#12360);
#12359 = CARTESIAN_POINT('',(147.6,0.));
#12360 = VECTOR('',#12361,1.);
#12361 = DIRECTION('',(0.,1.));
#12362 = ( GEOMETRIC_REPRESENTATION_CONTEXT(2) 
PARAMETRIC_REPRESENTATION_CONTEXT() REPRESENTATION_CONTEXT('2D SPACE',''
  ) );
#12363 = FACE_BOUND('',#12364,.F.);
#12364 = EDGE_LOOP('',(#12365));
#12365 = ORIENTED_EDGE('',*,*,#9478,.T.);
#12366 = ADVANCED_FACE('',(#12367),#9952,.T.);
#12367 = FACE_BOUND('',#12368,.T.);
#12368 = EDGE_LOOP('',(#12369,#12387));
#12369 = ORIENTED_EDGE('',*,*,#12370,.T.);
#12370 = EDGE_CURVE('',#9936,#9934,#12371,.T.);
#12371 = SURFACE_CURVE('',#12372,(#12375,#12381),.PCURVE_S1.);
#12372 = B_SPLINE_CURVE_WITH_KNOTS('',1,(#12373,#12374),.UNSPECIFIED.,
  .F.,.F.,(2,2),(0.,1.),.PIECEWISE_BEZIER_KNOTS.);
#12373 = CARTESIAN_POINT('',(3.366666666667,74.3,29.));
#12374 = CARTESIAN_POINT('',(3.366666666667,77.7,29.));
#12375 = PCURVE('',#9952,#12376);
#12376 = DEFINITIONAL_REPRESENTATION('',(#12377),#12380);
#12377 = B_SPLINE_CURVE_WITH_KNOTS('',1,(#12378,#12379),.UNSPECIFIED.,
  .F.,.F.,(2,2),(0.,1.),.PIECEWISE_BEZIER_KNOTS.);
#12378 = CARTESIAN_POINT('',(-1.633333333333,-1.7));
#12379 = CARTESIAN_POINT('',(-1.633333333333,1.7));
#12380 = ( GEOMETRIC_REPRESENTATION_CONTEXT(2) 
PARAMETRIC_REPRESENTATION_CONTEXT() REPRESENTATION_CONTEXT('2D SPACE',''
  ) );
#12381 = PCURVE('',#10088,#12382);
#12382 = DEFINITIONAL_REPRESENTATION('',(#12383),#12386);
#12383 = B_SPLINE_CURVE_WITH_KNOTS('',1,(#12384,#12385),.UNSPECIFIED.,
  .F.,.F.,(2,2),(0.,1.),.PIECEWISE_BEZIER_KNOTS.);
#12384 = CARTESIAN_POINT('',(75.342148760331,8.333333333333E-02));
#12385 = CARTESIAN_POINT('',(71.857851239669,8.333333333333E-02));
#12386 = ( GEOMETRIC_REPRESENTATION_CONTEXT(2) 
PARAMETRIC_REPRESENTATION_CONTEXT() REPRESENTATION_CONTEXT('2D SPACE',''
  ) );
#12387 = ORIENTED_EDGE('',*,*,#9933,.T.);
#12388 = ADVANCED_FACE('',(#12389,#12443),#10088,.F.);
#12389 = FACE_BOUND('',#12390,.F.);
#12390 = EDGE_LOOP('',(#12391,#12416,#12417,#12442));
#12391 = ORIENTED_EDGE('',*,*,#12392,.T.);
#12392 = EDGE_CURVE('',#12262,#12154,#12393,.T.);
#12393 = SURFACE_CURVE('',#12394,(#12398,#12404),.PCURVE_S1.);
#12394 = LINE('',#12395,#12396);
#12395 = CARTESIAN_POINT('',(2.4,149.6,28.));
#12396 = VECTOR('',#12397,1.);
#12397 = DIRECTION('',(0.,-1.,0.));
#12398 = PCURVE('',#10088,#12399);
#12399 = DEFINITIONAL_REPRESENTATION('',(#12400),#12403);
#12400 = B_SPLINE_CURVE_WITH_KNOTS('',1,(#12401,#12402),.UNSPECIFIED.,
  .F.,.F.,(2,2),(11.6,135.6),.PIECEWISE_BEZIER_KNOTS.);
#12401 = CARTESIAN_POINT('',(11.6,0.));
#12402 = CARTESIAN_POINT('',(135.6,0.));
#12403 = ( GEOMETRIC_REPRESENTATION_CONTEXT(2) 
PARAMETRIC_REPRESENTATION_CONTEXT() REPRESENTATION_CONTEXT('2D SPACE',''
  ) );
#12404 = PCURVE('',#12405,#12410);
#12405 = PLANE('',#12406);
#12406 = AXIS2_PLACEMENT_3D('',#12407,#12408,#12409);
#12407 = CARTESIAN_POINT('',(2.4,138.,3.));
#12408 = DIRECTION('',(1.,0.,-0.));
#12409 = DIRECTION('',(0.,-1.,0.));
#12410 = DEFINITIONAL_REPRESENTATION('',(#12411),#12415);
#12411 = LINE('',#12412,#12413);
#12412 = CARTESIAN_POINT('',(-11.6,-25.));
#12413 = VECTOR('',#12414,1.);
#12414 = DIRECTION('',(1.,0.));
#12415 = ( GEOMETRIC_REPRESENTATION_CONTEXT(2) 
PARAMETRIC_REPRESENTATION_CONTEXT() REPRESENTATION_CONTEXT('2D SPACE',''
  ) );
#12416 = ORIENTED_EDGE('',*,*,#12233,.T.);
#12417 = ORIENTED_EDGE('',*,*,#12418,.F.);
#12418 = EDGE_CURVE('',#12290,#12206,#12419,.T.);
#12419 = SURFACE_CURVE('',#12420,(#12424,#12430),.PCURVE_S1.);
#12420 = LINE('',#12421,#12422);
#12421 = CARTESIAN_POINT('',(14.,138.,40.));
#12422 = VECTOR('',#12423,1.);
#12423 = DIRECTION('',(0.,-1.,0.));
#12424 = PCURVE('',#10088,#12425);
#12425 = DEFINITIONAL_REPRESENTATION('',(#12426),#12429);
#12426 = B_SPLINE_CURVE_WITH_KNOTS('',1,(#12427,#12428),.UNSPECIFIED.,
  .F.,.F.,(2,2),(18.,106.),.PIECEWISE_BEZIER_KNOTS.);
#12427 = CARTESIAN_POINT('',(11.6,1.));
#12428 = CARTESIAN_POINT('',(135.6,1.));
#12429 = ( GEOMETRIC_REPRESENTATION_CONTEXT(2) 
PARAMETRIC_REPRESENTATION_CONTEXT() REPRESENTATION_CONTEXT('2D SPACE',''
  ) );
#12430 = PCURVE('',#12431,#12436);
#12431 = PLANE('',#12432);
#12432 = AXIS2_PLACEMENT_3D('',#12433,#12434,#12435);
#12433 = CARTESIAN_POINT('',(14.,120.,40.));
#12434 = DIRECTION('',(1.,0.,-0.));
#12435 = DIRECTION('',(0.,-1.,0.));
#12436 = DEFINITIONAL_REPRESENTATION('',(#12437),#12441);
#12437 = LINE('',#12438,#12439);
#12438 = CARTESIAN_POINT('',(-18.,0.));
#12439 = VECTOR('',#12440,1.);
#12440 = DIRECTION('',(1.,0.));
#12441 = ( GEOMETRIC_REPRESENTATION_CONTEXT(2) 
PARAMETRIC_REPRESENTATION_CONTEXT() REPRESENTATION_CONTEXT('2D SPACE',''
  ) );
#12442 = ORIENTED_EDGE('',*,*,#12289,.F.);
#12443 = FACE_BOUND('',#12444,.F.);
#12444 = EDGE_LOOP('',(#12445,#12446,#12447));
#12445 = ORIENTED_EDGE('',*,*,#9964,.T.);
#12446 = ORIENTED_EDGE('',*,*,#10189,.T.);
#12447 = ORIENTED_EDGE('',*,*,#12370,.T.);
#12448 = ADVANCED_FACE('',(#12449,#12544),#10638,.F.);
#12449 = FACE_BOUND('',#12450,.F.);
#12450 = EDGE_LOOP('',(#12451,#12474,#12496,#12524));
#12451 = ORIENTED_EDGE('',*,*,#12452,.T.);
#12452 = EDGE_CURVE('',#11483,#12453,#12455,.T.);
#12453 = VERTEX_POINT('',#12454);
#12454 = CARTESIAN_POINT('',(150.,149.6,28.));
#12455 = SURFACE_CURVE('',#12456,(#12461,#12467),.PCURVE_S1.);
#12456 = CIRCLE('',#12457,11.6);
#12457 = AXIS2_PLACEMENT_3D('',#12458,#12459,#12460);
#12458 = CARTESIAN_POINT('',(150.,138.,28.));
#12459 = DIRECTION('',(0.,-0.,1.));
#12460 = DIRECTION('',(1.,0.,0.));
#12461 = PCURVE('',#10638,#12462);
#12462 = DEFINITIONAL_REPRESENTATION('',(#12463),#12466);
#12463 = B_SPLINE_CURVE_WITH_KNOTS('',1,(#12464,#12465),.UNSPECIFIED.,
  .F.,.F.,(2,2),(0.,1.570796326795),.PIECEWISE_BEZIER_KNOTS.);
#12464 = CARTESIAN_POINT('',(0.,0.));
#12465 = CARTESIAN_POINT('',(1.570796326795,0.));
#12466 = ( GEOMETRIC_REPRESENTATION_CONTEXT(2) 
PARAMETRIC_REPRESENTATION_CONTEXT() REPRESENTATION_CONTEXT('2D SPACE',''
  ) );
#12467 = PCURVE('',#11520,#12468);
#12468 = DEFINITIONAL_REPRESENTATION('',(#12469),#12473);
#12469 = LINE('',#12470,#12471);
#12470 = CARTESIAN_POINT('',(-0.,-25.));
#12471 = VECTOR('',#12472,1.);
#12472 = DIRECTION('',(-1.,0.));
#12473 = ( GEOMETRIC_REPRESENTATION_CONTEXT(2) 
PARAMETRIC_REPRESENTATION_CONTEXT() REPRESENTATION_CONTEXT('2D SPACE',''
  ) );
#12474 = ORIENTED_EDGE('',*,*,#12475,.T.);
#12475 = EDGE_CURVE('',#12453,#12476,#12478,.T.);
#12476 = VERTEX_POINT('',#12477);
#12477 = CARTESIAN_POINT('',(132.,138.,40.));
#12478 = SURFACE_CURVE('',#12479,(#12482,#12489),.PCURVE_S1.);
#12479 = B_SPLINE_CURVE_WITH_KNOTS('',1,(#12480,#12481),.UNSPECIFIED.,
  .F.,.F.,(2,2),(0.,1.),.PIECEWISE_BEZIER_KNOTS.);
#12480 = CARTESIAN_POINT('',(150.,149.6,28.));
#12481 = CARTESIAN_POINT('',(132.,138.,40.));
#12482 = PCURVE('',#10638,#12483);
#12483 = DEFINITIONAL_REPRESENTATION('',(#12484),#12488);
#12484 = LINE('',#12485,#12486);
#12485 = CARTESIAN_POINT('',(1.570796326795,0.));
#12486 = VECTOR('',#12487,1.);
#12487 = DIRECTION('',(0.,1.));
#12488 = ( GEOMETRIC_REPRESENTATION_CONTEXT(2) 
PARAMETRIC_REPRESENTATION_CONTEXT() REPRESENTATION_CONTEXT('2D SPACE',''
  ) );
#12489 = PCURVE('',#12352,#12490);
#12490 = DEFINITIONAL_REPRESENTATION('',(#12491),#12495);
#12491 = LINE('',#12492,#12493);
#12492 = CARTESIAN_POINT('',(11.6,0.));
#12493 = VECTOR('',#12494,1.);
#12494 = DIRECTION('',(0.,1.));
#12495 = ( GEOMETRIC_REPRESENTATION_CONTEXT(2) 
PARAMETRIC_REPRESENTATION_CONTEXT() REPRESENTATION_CONTEXT('2D SPACE',''
  ) );
#12496 = ORIENTED_EDGE('',*,*,#12497,.F.);
#12497 = EDGE_CURVE('',#12498,#12476,#12500,.T.);
#12498 = VERTEX_POINT('',#12499);
#12499 = CARTESIAN_POINT('',(150.,120.,40.));
#12500 = SURFACE_CURVE('',#12501,(#12506,#12513),.PCURVE_S1.);
#12501 = CIRCLE('',#12502,18.);
#12502 = AXIS2_PLACEMENT_3D('',#12503,#12504,#12505);
#12503 = CARTESIAN_POINT('',(132.,120.,40.));
#12504 = DIRECTION('',(0.,-0.,1.));
#12505 = DIRECTION('',(1.,0.,0.));
#12506 = PCURVE('',#10638,#12507);
#12507 = DEFINITIONAL_REPRESENTATION('',(#12508),#12512);
#12508 = LINE('',#12509,#12510);
#12509 = CARTESIAN_POINT('',(0.,1.));
#12510 = VECTOR('',#12511,1.);
#12511 = DIRECTION('',(1.,0.));
#12512 = ( GEOMETRIC_REPRESENTATION_CONTEXT(2) 
PARAMETRIC_REPRESENTATION_CONTEXT() REPRESENTATION_CONTEXT('2D SPACE',''
  ) );
#12513 = PCURVE('',#12514,#12519);
#12514 = CYLINDRICAL_SURFACE('',#12515,18.);
#12515 = AXIS2_PLACEMENT_3D('',#12516,#12517,#12518);
#12516 = CARTESIAN_POINT('',(132.,120.,40.));
#12517 = DIRECTION('',(-0.,0.,-1.));
#12518 = DIRECTION('',(1.,0.,0.));
#12519 = DEFINITIONAL_REPRESENTATION('',(#12520),#12523);
#12520 = B_SPLINE_CURVE_WITH_KNOTS('',1,(#12521,#12522),.UNSPECIFIED.,
  .F.,.F.,(2,2),(0.,1.570796326795),.PIECEWISE_BEZIER_KNOTS.);
#12521 = CARTESIAN_POINT('',(0.,0.));
#12522 = CARTESIAN_POINT('',(-1.570796326795,0.));
#12523 = ( GEOMETRIC_REPRESENTATION_CONTEXT(2) 
PARAMETRIC_REPRESENTATION_CONTEXT() REPRESENTATION_CONTEXT('2D SPACE',''
  ) );
#12524 = ORIENTED_EDGE('',*,*,#12525,.F.);
#12525 = EDGE_CURVE('',#11483,#12498,#12526,.T.);
#12526 = SURFACE_CURVE('',#12527,(#12530,#12537),.PCURVE_S1.);
#12527 = B_SPLINE_CURVE_WITH_KNOTS('',1,(#12528,#12529),.UNSPECIFIED.,
  .F.,.F.,(2,2),(0.,1.),.PIECEWISE_BEZIER_KNOTS.);
#12528 = CARTESIAN_POINT('',(161.6,138.,28.));
#12529 = CARTESIAN_POINT('',(150.,120.,40.));
#12530 = PCURVE('',#10638,#12531);
#12531 = DEFINITIONAL_REPRESENTATION('',(#12532),#12536);
#12532 = LINE('',#12533,#12534);
#12533 = CARTESIAN_POINT('',(0.,0.));
#12534 = VECTOR('',#12535,1.);
#12535 = DIRECTION('',(0.,1.));
#12536 = ( GEOMETRIC_REPRESENTATION_CONTEXT(2) 
PARAMETRIC_REPRESENTATION_CONTEXT() REPRESENTATION_CONTEXT('2D SPACE',''
  ) );
#12537 = PCURVE('',#11231,#12538);
#12538 = DEFINITIONAL_REPRESENTATION('',(#12539),#12543);
#12539 = LINE('',#12540,#12541);
#12540 = CARTESIAN_POINT('',(135.6,0.));
#12541 = VECTOR('',#12542,1.);
#12542 = DIRECTION('',(0.,1.));
#12543 = ( GEOMETRIC_REPRESENTATION_CONTEXT(2) 
PARAMETRIC_REPRESENTATION_CONTEXT() REPRESENTATION_CONTEXT('2D SPACE',''
  ) );
#12544 = FACE_BOUND('',#12545,.F.);
#12545 = EDGE_LOOP('',(#12546));
#12546 = ORIENTED_EDGE('',*,*,#10406,.T.);
#12547 = ADVANCED_FACE('',(#12548),#10950,.T.);
#12548 = FACE_BOUND('',#12549,.T.);
#12549 = EDGE_LOOP('',(#12550,#12551,#12552));
#12550 = ORIENTED_EDGE('',*,*,#10933,.T.);
#12551 = ORIENTED_EDGE('',*,*,#11397,.T.);
#12552 = ORIENTED_EDGE('',*,*,#12553,.T.);
#12553 = EDGE_CURVE('',#10963,#10934,#12554,.T.);
#12554 = SURFACE_CURVE('',#12555,(#12558,#12564),.PCURVE_S1.);
#12555 = B_SPLINE_CURVE_WITH_KNOTS('',1,(#12556,#12557),.UNSPECIFIED.,
  .F.,.F.,(2,2),(0.,1.),.PIECEWISE_BEZIER_KNOTS.);
#12556 = CARTESIAN_POINT('',(160.63333333333,77.7,29.));
#12557 = CARTESIAN_POINT('',(160.63333333333,74.3,29.));
#12558 = PCURVE('',#10950,#12559);
#12559 = DEFINITIONAL_REPRESENTATION('',(#12560),#12563);
#12560 = B_SPLINE_CURVE_WITH_KNOTS('',1,(#12561,#12562),.UNSPECIFIED.,
  .F.,.F.,(2,2),(0.,1.),.PIECEWISE_BEZIER_KNOTS.);
#12561 = CARTESIAN_POINT('',(1.633333333333,1.7));
#12562 = CARTESIAN_POINT('',(1.633333333333,-1.7));
#12563 = ( GEOMETRIC_REPRESENTATION_CONTEXT(2) 
PARAMETRIC_REPRESENTATION_CONTEXT() REPRESENTATION_CONTEXT('2D SPACE',''
  ) );
#12564 = PCURVE('',#11231,#12565);
#12565 = DEFINITIONAL_REPRESENTATION('',(#12566),#12569);
#12566 = B_SPLINE_CURVE_WITH_KNOTS('',1,(#12567,#12568),.UNSPECIFIED.,
  .F.,.F.,(2,2),(0.,1.),.PIECEWISE_BEZIER_KNOTS.);
#12567 = CARTESIAN_POINT('',(75.342148760331,8.333333333333E-02));
#12568 = CARTESIAN_POINT('',(71.857851239669,8.333333333333E-02));
#12569 = ( GEOMETRIC_REPRESENTATION_CONTEXT(2) 
PARAMETRIC_REPRESENTATION_CONTEXT() REPRESENTATION_CONTEXT('2D SPACE',''
  ) );
#12570 = ADVANCED_FACE('',(#12571,#12601),#11231,.F.);
#12571 = FACE_BOUND('',#12572,.F.);
#12572 = EDGE_LOOP('',(#12573,#12574,#12575,#12600));
#12573 = ORIENTED_EDGE('',*,*,#11482,.T.);
#12574 = ORIENTED_EDGE('',*,*,#12525,.T.);
#12575 = ORIENTED_EDGE('',*,*,#12576,.F.);
#12576 = EDGE_CURVE('',#11664,#12498,#12577,.T.);
#12577 = SURFACE_CURVE('',#12578,(#12582,#12588),.PCURVE_S1.);
#12578 = LINE('',#12579,#12580);
#12579 = CARTESIAN_POINT('',(150.,14.,40.));
#12580 = VECTOR('',#12581,1.);
#12581 = DIRECTION('',(0.,1.,0.));
#12582 = PCURVE('',#11231,#12583);
#12583 = DEFINITIONAL_REPRESENTATION('',(#12584),#12587);
#12584 = B_SPLINE_CURVE_WITH_KNOTS('',1,(#12585,#12586),.UNSPECIFIED.,
  .F.,.F.,(2,2),(18.,106.),.PIECEWISE_BEZIER_KNOTS.);
#12585 = CARTESIAN_POINT('',(11.6,1.));
#12586 = CARTESIAN_POINT('',(135.6,1.));
#12587 = ( GEOMETRIC_REPRESENTATION_CONTEXT(2) 
PARAMETRIC_REPRESENTATION_CONTEXT() REPRESENTATION_CONTEXT('2D SPACE',''
  ) );
#12588 = PCURVE('',#12589,#12594);
#12589 = PLANE('',#12590);
#12590 = AXIS2_PLACEMENT_3D('',#12591,#12592,#12593);
#12591 = CARTESIAN_POINT('',(150.,32.,40.));
#12592 = DIRECTION('',(-1.,0.,0.));
#12593 = DIRECTION('',(0.,1.,0.));
#12594 = DEFINITIONAL_REPRESENTATION('',(#12595),#12599);
#12595 = LINE('',#12596,#12597);
#12596 = CARTESIAN_POINT('',(-18.,0.));
#12597 = VECTOR('',#12598,1.);
#12598 = DIRECTION('',(1.,0.));
#12599 = ( GEOMETRIC_REPRESENTATION_CONTEXT(2) 
PARAMETRIC_REPRESENTATION_CONTEXT() REPRESENTATION_CONTEXT('2D SPACE',''
  ) );
#12600 = ORIENTED_EDGE('',*,*,#11663,.F.);
#12601 = FACE_BOUND('',#12602,.F.);
#12602 = EDGE_LOOP('',(#12603,#12604));
#12603 = ORIENTED_EDGE('',*,*,#10962,.T.);
#12604 = ORIENTED_EDGE('',*,*,#12553,.T.);
#12605 = ADVANCED_FACE('',(#12606,#13323,#13354,#13385,#13416),#11442,
  .T.);
#12606 = FACE_BOUND('',#12607,.T.);
#12607 = EDGE_LOOP('',(#12608,#12643,#12671,#12695,#12718,#12742,#12770,
    #12803,#12829,#12862,#12885,#12918,#12944,#12977,#13000,#13022,
    #13023,#13051,#13077,#13103,#13104,#13128,#13151,#13184,#13210,
    #13243,#13266,#13299));
#12608 = ORIENTED_EDGE('',*,*,#12609,.T.);
#12609 = EDGE_CURVE('',#12610,#12612,#12614,.T.);
#12610 = VERTEX_POINT('',#12611);
#12611 = CARTESIAN_POINT('',(43.,148.,3.));
#12612 = VERTEX_POINT('',#12613);
#12613 = CARTESIAN_POINT('',(40.346700167717,149.6,3.));
#12614 = SURFACE_CURVE('',#12615,(#12620,#12631),.PCURVE_S1.);
#12615 = CIRCLE('',#12616,3.);
#12616 = AXIS2_PLACEMENT_3D('',#12617,#12618,#12619);
#12617 = CARTESIAN_POINT('',(43.,151.,3.));
#12618 = DIRECTION('',(0.,0.,-1.));
#12619 = DIRECTION('',(1.,0.,0.));
#12620 = PCURVE('',#11442,#12621);
#12621 = DEFINITIONAL_REPRESENTATION('',(#12622),#12630);
#12622 = ( BOUNDED_CURVE() B_SPLINE_CURVE(2,(#12623,#12624,#12625,#12626
    ,#12627,#12628,#12629),.UNSPECIFIED.,.T.,.F.) 
B_SPLINE_CURVE_WITH_KNOTS((1,2,2,2,2,1),(-2.094395102393,0.,
    2.094395102393,4.188790204786,6.28318530718,8.377580409573),
.UNSPECIFIED.) CURVE() GEOMETRIC_REPRESENTATION_ITEM() 
RATIONAL_B_SPLINE_CURVE((1.,0.5,1.,0.5,1.,0.5,1.)) REPRESENTATION_ITEM(
  '') );
#12623 = CARTESIAN_POINT('',(-36.,75.));
#12624 = CARTESIAN_POINT('',(-36.,69.803847577293));
#12625 = CARTESIAN_POINT('',(-40.5,72.401923788647));
#12626 = CARTESIAN_POINT('',(-45.,75.));
#12627 = CARTESIAN_POINT('',(-40.5,77.598076211353));
#12628 = CARTESIAN_POINT('',(-36.,80.196152422707));
#12629 = CARTESIAN_POINT('',(-36.,75.));
#12630 = ( GEOMETRIC_REPRESENTATION_CONTEXT(2) 
PARAMETRIC_REPRESENTATION_CONTEXT() REPRESENTATION_CONTEXT('2D SPACE',''
  ) );
#12631 = PCURVE('',#12632,#12637);
#12632 = CYLINDRICAL_SURFACE('',#12633,3.);
#12633 = AXIS2_PLACEMENT_3D('',#12634,#12635,#12636);
#12634 = CARTESIAN_POINT('',(43.,151.,0.));
#12635 = DIRECTION('',(-0.,0.,-1.));
#12636 = DIRECTION('',(1.,0.,0.));
#12637 = DEFINITIONAL_REPRESENTATION('',(#12638),#12642);
#12638 = LINE('',#12639,#12640);
#12639 = CARTESIAN_POINT('',(-6.28318530718,-3.));
#12640 = VECTOR('',#12641,1.);
#12641 = DIRECTION('',(1.,-0.));
#12642 = ( GEOMETRIC_REPRESENTATION_CONTEXT(2) 
PARAMETRIC_REPRESENTATION_CONTEXT() REPRESENTATION_CONTEXT('2D SPACE',''
  ) );
#12643 = ORIENTED_EDGE('',*,*,#12644,.T.);
#12644 = EDGE_CURVE('',#12612,#12645,#12647,.T.);
#12645 = VERTEX_POINT('',#12646);
#12646 = CARTESIAN_POINT('',(14.,149.6,3.));
#12647 = SURFACE_CURVE('',#12648,(#12652,#12659),.PCURVE_S1.);
#12648 = LINE('',#12649,#12650);
#12649 = CARTESIAN_POINT('',(161.6,149.6,3.));
#12650 = VECTOR('',#12651,1.);
#12651 = DIRECTION('',(-1.,0.,0.));
#12652 = PCURVE('',#11442,#12653);
#12653 = DEFINITIONAL_REPRESENTATION('',(#12654),#12658);
#12654 = LINE('',#12655,#12656);
#12655 = CARTESIAN_POINT('',(79.6,73.6));
#12656 = VECTOR('',#12657,1.);
#12657 = DIRECTION('',(-1.,0.));
#12658 = ( GEOMETRIC_REPRESENTATION_CONTEXT(2) 
PARAMETRIC_REPRESENTATION_CONTEXT() REPRESENTATION_CONTEXT('2D SPACE',''
  ) );
#12659 = PCURVE('',#12660,#12665);
#12660 = PLANE('',#12661);
#12661 = AXIS2_PLACEMENT_3D('',#12662,#12663,#12664);
#12662 = CARTESIAN_POINT('',(150.,149.6,3.));
#12663 = DIRECTION('',(0.,-1.,0.));
#12664 = DIRECTION('',(-1.,0.,0.));
#12665 = DEFINITIONAL_REPRESENTATION('',(#12666),#12670);
#12666 = LINE('',#12667,#12668);
#12667 = CARTESIAN_POINT('',(-11.6,-0.));
#12668 = VECTOR('',#12669,1.);
#12669 = DIRECTION('',(1.,0.));
#12670 = ( GEOMETRIC_REPRESENTATION_CONTEXT(2) 
PARAMETRIC_REPRESENTATION_CONTEXT() REPRESENTATION_CONTEXT('2D SPACE',''
  ) );
#12671 = ORIENTED_EDGE('',*,*,#12672,.T.);
#12672 = EDGE_CURVE('',#12645,#12673,#12675,.T.);
#12673 = VERTEX_POINT('',#12674);
#12674 = CARTESIAN_POINT('',(2.4,138.,3.));
#12675 = SURFACE_CURVE('',#12676,(#12681,#12688),.PCURVE_S1.);
#12676 = CIRCLE('',#12677,11.6);
#12677 = AXIS2_PLACEMENT_3D('',#12678,#12679,#12680);
#12678 = CARTESIAN_POINT('',(14.,138.,3.));
#12679 = DIRECTION('',(0.,-0.,1.));
#12680 = DIRECTION('',(1.,0.,0.));
#12681 = PCURVE('',#11442,#12682);
#12682 = DEFINITIONAL_REPRESENTATION('',(#12683),#12687);
#12683 = CIRCLE('',#12684,11.6);
#12684 = AXIS2_PLACEMENT_2D('',#12685,#12686);
#12685 = CARTESIAN_POINT('',(-68.,62.));
#12686 = DIRECTION('',(1.,0.));
#12687 = ( GEOMETRIC_REPRESENTATION_CONTEXT(2) 
PARAMETRIC_REPRESENTATION_CONTEXT() REPRESENTATION_CONTEXT('2D SPACE',''
  ) );
#12688 = PCURVE('',#12277,#12689);
#12689 = DEFINITIONAL_REPRESENTATION('',(#12690),#12694);
#12690 = LINE('',#12691,#12692);
#12691 = CARTESIAN_POINT('',(-0.,0.));
#12692 = VECTOR('',#12693,1.);
#12693 = DIRECTION('',(-1.,0.));
#12694 = ( GEOMETRIC_REPRESENTATION_CONTEXT(2) 
PARAMETRIC_REPRESENTATION_CONTEXT() REPRESENTATION_CONTEXT('2D SPACE',''
  ) );
#12695 = ORIENTED_EDGE('',*,*,#12696,.T.);
#12696 = EDGE_CURVE('',#12673,#12697,#12699,.T.);
#12697 = VERTEX_POINT('',#12698);
#12698 = CARTESIAN_POINT('',(2.4,14.,3.));
#12699 = SURFACE_CURVE('',#12700,(#12704,#12711),.PCURVE_S1.);
#12700 = LINE('',#12701,#12702);
#12701 = CARTESIAN_POINT('',(2.4,149.6,3.));
#12702 = VECTOR('',#12703,1.);
#12703 = DIRECTION('',(0.,-1.,0.));
#12704 = PCURVE('',#11442,#12705);
#12705 = DEFINITIONAL_REPRESENTATION('',(#12706),#12710);
#12706 = LINE('',#12707,#12708);
#12707 = CARTESIAN_POINT('',(-79.6,73.6));
#12708 = VECTOR('',#12709,1.);
#12709 = DIRECTION('',(0.,-1.));
#12710 = ( GEOMETRIC_REPRESENTATION_CONTEXT(2) 
PARAMETRIC_REPRESENTATION_CONTEXT() REPRESENTATION_CONTEXT('2D SPACE',''
  ) );
#12711 = PCURVE('',#12405,#12712);
#12712 = DEFINITIONAL_REPRESENTATION('',(#12713),#12717);
#12713 = LINE('',#12714,#12715);
#12714 = CARTESIAN_POINT('',(-11.6,0.));
#12715 = VECTOR('',#12716,1.);
#12716 = DIRECTION('',(1.,0.));
#12717 = ( GEOMETRIC_REPRESENTATION_CONTEXT(2) 
PARAMETRIC_REPRESENTATION_CONTEXT() REPRESENTATION_CONTEXT('2D SPACE',''
  ) );
#12718 = ORIENTED_EDGE('',*,*,#12719,.T.);
#12719 = EDGE_CURVE('',#12697,#12720,#12722,.T.);
#12720 = VERTEX_POINT('',#12721);
#12721 = CARTESIAN_POINT('',(14.,2.4,3.));
#12722 = SURFACE_CURVE('',#12723,(#12728,#12735),.PCURVE_S1.);
#12723 = CIRCLE('',#12724,11.6);
#12724 = AXIS2_PLACEMENT_3D('',#12725,#12726,#12727);
#12725 = CARTESIAN_POINT('',(14.,14.,3.));
#12726 = DIRECTION('',(0.,-0.,1.));
#12727 = DIRECTION('',(1.,0.,0.));
#12728 = PCURVE('',#11442,#12729);
#12729 = DEFINITIONAL_REPRESENTATION('',(#12730),#12734);
#12730 = CIRCLE('',#12731,11.6);
#12731 = AXIS2_PLACEMENT_2D('',#12732,#12733);
#12732 = CARTESIAN_POINT('',(-68.,-62.));
#12733 = DIRECTION('',(1.,0.));
#12734 = ( GEOMETRIC_REPRESENTATION_CONTEXT(2) 
PARAMETRIC_REPRESENTATION_CONTEXT() REPRESENTATION_CONTEXT('2D SPACE',''
  ) );
#12735 = PCURVE('',#12171,#12736);
#12736 = DEFINITIONAL_REPRESENTATION('',(#12737),#12741);
#12737 = LINE('',#12738,#12739);
#12738 = CARTESIAN_POINT('',(-0.,0.));
#12739 = VECTOR('',#12740,1.);
#12740 = DIRECTION('',(-1.,0.));
#12741 = ( GEOMETRIC_REPRESENTATION_CONTEXT(2) 
PARAMETRIC_REPRESENTATION_CONTEXT() REPRESENTATION_CONTEXT('2D SPACE',''
  ) );
#12742 = ORIENTED_EDGE('',*,*,#12743,.T.);
#12743 = EDGE_CURVE('',#12720,#12744,#12746,.T.);
#12744 = VERTEX_POINT('',#12745);
#12745 = CARTESIAN_POINT('',(40.346700167716,2.4,3.));
#12746 = SURFACE_CURVE('',#12747,(#12751,#12758),.PCURVE_S1.);
#12747 = LINE('',#12748,#12749);
#12748 = CARTESIAN_POINT('',(2.4,2.4,3.));
#12749 = VECTOR('',#12750,1.);
#12750 = DIRECTION('',(1.,0.,0.));
#12751 = PCURVE('',#11442,#12752);
#12752 = DEFINITIONAL_REPRESENTATION('',(#12753),#12757);
#12753 = LINE('',#12754,#12755);
#12754 = CARTESIAN_POINT('',(-79.6,-73.6));
#12755 = VECTOR('',#12756,1.);
#12756 = DIRECTION('',(1.,0.));
#12757 = ( GEOMETRIC_REPRESENTATION_CONTEXT(2) 
PARAMETRIC_REPRESENTATION_CONTEXT() REPRESENTATION_CONTEXT('2D SPACE',''
  ) );
#12758 = PCURVE('',#12759,#12764);
#12759 = PLANE('',#12760);
#12760 = AXIS2_PLACEMENT_3D('',#12761,#12762,#12763);
#12761 = CARTESIAN_POINT('',(14.,2.4,3.));
#12762 = DIRECTION('',(0.,1.,0.));
#12763 = DIRECTION('',(1.,0.,0.));
#12764 = DEFINITIONAL_REPRESENTATION('',(#12765),#12769);
#12765 = LINE('',#12766,#12767);
#12766 = CARTESIAN_POINT('',(-11.6,0.));
#12767 = VECTOR('',#12768,1.);
#12768 = DIRECTION('',(1.,0.));
#12769 = ( GEOMETRIC_REPRESENTATION_CONTEXT(2) 
PARAMETRIC_REPRESENTATION_CONTEXT() REPRESENTATION_CONTEXT('2D SPACE',''
  ) );
#12770 = ORIENTED_EDGE('',*,*,#12771,.T.);
#12771 = EDGE_CURVE('',#12744,#12772,#12774,.T.);
#12772 = VERTEX_POINT('',#12773);
#12773 = CARTESIAN_POINT('',(43.,4.,3.));
#12774 = SURFACE_CURVE('',#12775,(#12780,#12791),.PCURVE_S1.);
#12775 = CIRCLE('',#12776,3.);
#12776 = AXIS2_PLACEMENT_3D('',#12777,#12778,#12779);
#12777 = CARTESIAN_POINT('',(43.,1.,3.));
#12778 = DIRECTION('',(0.,0.,-1.));
#12779 = DIRECTION('',(1.,0.,0.));
#12780 = PCURVE('',#11442,#12781);
#12781 = DEFINITIONAL_REPRESENTATION('',(#12782),#12790);
#12782 = ( BOUNDED_CURVE() B_SPLINE_CURVE(2,(#12783,#12784,#12785,#12786
    ,#12787,#12788,#12789),.UNSPECIFIED.,.T.,.F.) 
B_SPLINE_CURVE_WITH_KNOTS((1,2,2,2,2,1),(-2.094395102393,0.,
    2.094395102393,4.188790204786,6.28318530718,8.377580409573),
.UNSPECIFIED.) CURVE() GEOMETRIC_REPRESENTATION_ITEM() 
RATIONAL_B_SPLINE_CURVE((1.,0.5,1.,0.5,1.,0.5,1.)) REPRESENTATION_ITEM(
  '') );
#12783 = CARTESIAN_POINT('',(-36.,-75.));
#12784 = CARTESIAN_POINT('',(-36.,-80.1961524227));
#12785 = CARTESIAN_POINT('',(-40.5,-77.59807621135));
#12786 = CARTESIAN_POINT('',(-45.,-75.));
#12787 = CARTESIAN_POINT('',(-40.5,-72.40192378864));
#12788 = CARTESIAN_POINT('',(-36.,-69.80384757729));
#12789 = CARTESIAN_POINT('',(-36.,-75.));
#12790 = ( GEOMETRIC_REPRESENTATION_CONTEXT(2) 
PARAMETRIC_REPRESENTATION_CONTEXT() REPRESENTATION_CONTEXT('2D SPACE',''
  ) );
#12791 = PCURVE('',#12792,#12797);
#12792 = CYLINDRICAL_SURFACE('',#12793,3.);
#12793 = AXIS2_PLACEMENT_3D('',#12794,#12795,#12796);
#12794 = CARTESIAN_POINT('',(43.,1.,0.));
#12795 = DIRECTION('',(-0.,0.,-1.));
#12796 = DIRECTION('',(1.,0.,0.));
#12797 = DEFINITIONAL_REPRESENTATION('',(#12798),#12802);
#12798 = LINE('',#12799,#12800);
#12799 = CARTESIAN_POINT('',(-6.28318530718,-3.));
#12800 = VECTOR('',#12801,1.);
#12801 = DIRECTION('',(1.,-0.));
#12802 = ( GEOMETRIC_REPRESENTATION_CONTEXT(2) 
PARAMETRIC_REPRESENTATION_CONTEXT() REPRESENTATION_CONTEXT('2D SPACE',''
  ) );
#12803 = ORIENTED_EDGE('',*,*,#12804,.T.);
#12804 = EDGE_CURVE('',#12772,#12805,#12807,.T.);
#12805 = VERTEX_POINT('',#12806);
#12806 = CARTESIAN_POINT('',(57.,4.,3.));
#12807 = SURFACE_CURVE('',#12808,(#12812,#12818),.PCURVE_S1.);
#12808 = LINE('',#12809,#12810);
#12809 = CARTESIAN_POINT('',(69.5,4.,3.));
#12810 = VECTOR('',#12811,1.);
#12811 = DIRECTION('',(1.,0.,-0.));
#12812 = PCURVE('',#11442,#12813);
#12813 = DEFINITIONAL_REPRESENTATION('',(#12814),#12817);
#12814 = B_SPLINE_CURVE_WITH_KNOTS('',1,(#12815,#12816),.UNSPECIFIED.,
  .F.,.F.,(2,2),(-26.5,-12.5),.PIECEWISE_BEZIER_KNOTS.);
#12815 = CARTESIAN_POINT('',(-39.,-72.));
#12816 = CARTESIAN_POINT('',(-25.,-72.));
#12817 = ( GEOMETRIC_REPRESENTATION_CONTEXT(2) 
PARAMETRIC_REPRESENTATION_CONTEXT() REPRESENTATION_CONTEXT('2D SPACE',''
  ) );
#12818 = PCURVE('',#12819,#12824);
#12819 = PLANE('',#12820);
#12820 = AXIS2_PLACEMENT_3D('',#12821,#12822,#12823);
#12821 = CARTESIAN_POINT('',(57.,4.,0.));
#12822 = DIRECTION('',(0.,-1.,0.));
#12823 = DIRECTION('',(-1.,0.,0.));
#12824 = DEFINITIONAL_REPRESENTATION('',(#12825),#12828);
#12825 = B_SPLINE_CURVE_WITH_KNOTS('',1,(#12826,#12827),.UNSPECIFIED.,
  .F.,.F.,(2,2),(-26.5,-12.5),.PIECEWISE_BEZIER_KNOTS.);
#12826 = CARTESIAN_POINT('',(14.,-3.));
#12827 = CARTESIAN_POINT('',(0.,-3.));
#12828 = ( GEOMETRIC_REPRESENTATION_CONTEXT(2) 
PARAMETRIC_REPRESENTATION_CONTEXT() REPRESENTATION_CONTEXT('2D SPACE',''
  ) );
#12829 = ORIENTED_EDGE('',*,*,#12830,.T.);
#12830 = EDGE_CURVE('',#12805,#12831,#12833,.T.);
#12831 = VERTEX_POINT('',#12832);
#12832 = CARTESIAN_POINT('',(59.653299832284,2.4,3.));
#12833 = SURFACE_CURVE('',#12834,(#12839,#12850),.PCURVE_S1.);
#12834 = CIRCLE('',#12835,3.);
#12835 = AXIS2_PLACEMENT_3D('',#12836,#12837,#12838);
#12836 = CARTESIAN_POINT('',(57.,1.,3.));
#12837 = DIRECTION('',(0.,0.,-1.));
#12838 = DIRECTION('',(1.,0.,0.));
#12839 = PCURVE('',#11442,#12840);
#12840 = DEFINITIONAL_REPRESENTATION('',(#12841),#12849);
#12841 = ( BOUNDED_CURVE() B_SPLINE_CURVE(2,(#12842,#12843,#12844,#12845
    ,#12846,#12847,#12848),.UNSPECIFIED.,.T.,.F.) 
B_SPLINE_CURVE_WITH_KNOTS((1,2,2,2,2,1),(-2.094395102393,0.,
    2.094395102393,4.188790204786,6.28318530718,8.377580409573),
.UNSPECIFIED.) CURVE() GEOMETRIC_REPRESENTATION_ITEM() 
RATIONAL_B_SPLINE_CURVE((1.,0.5,1.,0.5,1.,0.5,1.)) REPRESENTATION_ITEM(
  '') );
#12842 = CARTESIAN_POINT('',(-22.,-75.));
#12843 = CARTESIAN_POINT('',(-22.,-80.1961524227));
#12844 = CARTESIAN_POINT('',(-26.5,-77.59807621135));
#12845 = CARTESIAN_POINT('',(-31.,-75.));
#12846 = CARTESIAN_POINT('',(-26.5,-72.40192378864));
#12847 = CARTESIAN_POINT('',(-22.,-69.80384757729));
#12848 = CARTESIAN_POINT('',(-22.,-75.));
#12849 = ( GEOMETRIC_REPRESENTATION_CONTEXT(2) 
PARAMETRIC_REPRESENTATION_CONTEXT() REPRESENTATION_CONTEXT('2D SPACE',''
  ) );
#12850 = PCURVE('',#12851,#12856);
#12851 = CYLINDRICAL_SURFACE('',#12852,3.);
#12852 = AXIS2_PLACEMENT_3D('',#12853,#12854,#12855);
#12853 = CARTESIAN_POINT('',(57.,1.,0.));
#12854 = DIRECTION('',(-0.,0.,-1.));
#12855 = DIRECTION('',(1.,0.,0.));
#12856 = DEFINITIONAL_REPRESENTATION('',(#12857),#12861);
#12857 = LINE('',#12858,#12859);
#12858 = CARTESIAN_POINT('',(-6.28318530718,-3.));
#12859 = VECTOR('',#12860,1.);
#12860 = DIRECTION('',(1.,-0.));
#12861 = ( GEOMETRIC_REPRESENTATION_CONTEXT(2) 
PARAMETRIC_REPRESENTATION_CONTEXT() REPRESENTATION_CONTEXT('2D SPACE',''
  ) );
#12862 = ORIENTED_EDGE('',*,*,#12863,.T.);
#12863 = EDGE_CURVE('',#12831,#12864,#12866,.T.);
#12864 = VERTEX_POINT('',#12865);
#12865 = CARTESIAN_POINT('',(104.34670016771,2.4,3.));
#12866 = SURFACE_CURVE('',#12867,(#12871,#12878),.PCURVE_S1.);
#12867 = LINE('',#12868,#12869);
#12868 = CARTESIAN_POINT('',(2.4,2.4,3.));
#12869 = VECTOR('',#12870,1.);
#12870 = DIRECTION('',(1.,0.,0.));
#12871 = PCURVE('',#11442,#12872);
#12872 = DEFINITIONAL_REPRESENTATION('',(#12873),#12877);
#12873 = LINE('',#12874,#12875);
#12874 = CARTESIAN_POINT('',(-79.6,-73.6));
#12875 = VECTOR('',#12876,1.);
#12876 = DIRECTION('',(1.,0.));
#12877 = ( GEOMETRIC_REPRESENTATION_CONTEXT(2) 
PARAMETRIC_REPRESENTATION_CONTEXT() REPRESENTATION_CONTEXT('2D SPACE',''
  ) );
#12878 = PCURVE('',#12759,#12879);
#12879 = DEFINITIONAL_REPRESENTATION('',(#12880),#12884);
#12880 = LINE('',#12881,#12882);
#12881 = CARTESIAN_POINT('',(-11.6,0.));
#12882 = VECTOR('',#12883,1.);
#12883 = DIRECTION('',(1.,0.));
#12884 = ( GEOMETRIC_REPRESENTATION_CONTEXT(2) 
PARAMETRIC_REPRESENTATION_CONTEXT() REPRESENTATION_CONTEXT('2D SPACE',''
  ) );
#12885 = ORIENTED_EDGE('',*,*,#12886,.T.);
#12886 = EDGE_CURVE('',#12864,#12887,#12889,.T.);
#12887 = VERTEX_POINT('',#12888);
#12888 = CARTESIAN_POINT('',(107.,4.,3.));
#12889 = SURFACE_CURVE('',#12890,(#12895,#12906),.PCURVE_S1.);
#12890 = CIRCLE('',#12891,3.);
#12891 = AXIS2_PLACEMENT_3D('',#12892,#12893,#12894);
#12892 = CARTESIAN_POINT('',(107.,1.,3.));
#12893 = DIRECTION('',(0.,0.,-1.));
#12894 = DIRECTION('',(1.,0.,0.));
#12895 = PCURVE('',#11442,#12896);
#12896 = DEFINITIONAL_REPRESENTATION('',(#12897),#12905);
#12897 = ( BOUNDED_CURVE() B_SPLINE_CURVE(2,(#12898,#12899,#12900,#12901
    ,#12902,#12903,#12904),.UNSPECIFIED.,.T.,.F.) 
B_SPLINE_CURVE_WITH_KNOTS((1,2,2,2,2,1),(-2.094395102393,0.,
    2.094395102393,4.188790204786,6.28318530718,8.377580409573),
.UNSPECIFIED.) CURVE() GEOMETRIC_REPRESENTATION_ITEM() 
RATIONAL_B_SPLINE_CURVE((1.,0.5,1.,0.5,1.,0.5,1.)) REPRESENTATION_ITEM(
  '') );
#12898 = CARTESIAN_POINT('',(28.,-75.));
#12899 = CARTESIAN_POINT('',(28.,-80.1961524227));
#12900 = CARTESIAN_POINT('',(23.5,-77.59807621135));
#12901 = CARTESIAN_POINT('',(19.,-75.));
#12902 = CARTESIAN_POINT('',(23.5,-72.40192378864));
#12903 = CARTESIAN_POINT('',(28.,-69.80384757729));
#12904 = CARTESIAN_POINT('',(28.,-75.));
#12905 = ( GEOMETRIC_REPRESENTATION_CONTEXT(2) 
PARAMETRIC_REPRESENTATION_CONTEXT() REPRESENTATION_CONTEXT('2D SPACE',''
  ) );
#12906 = PCURVE('',#12907,#12912);
#12907 = CYLINDRICAL_SURFACE('',#12908,3.);
#12908 = AXIS2_PLACEMENT_3D('',#12909,#12910,#12911);
#12909 = CARTESIAN_POINT('',(107.,1.,0.));
#12910 = DIRECTION('',(-0.,0.,-1.));
#12911 = DIRECTION('',(1.,0.,0.));
#12912 = DEFINITIONAL_REPRESENTATION('',(#12913),#12917);
#12913 = LINE('',#12914,#12915);
#12914 = CARTESIAN_POINT('',(-6.28318530718,-3.));
#12915 = VECTOR('',#12916,1.);
#12916 = DIRECTION('',(1.,-0.));
#12917 = ( GEOMETRIC_REPRESENTATION_CONTEXT(2) 
PARAMETRIC_REPRESENTATION_CONTEXT() REPRESENTATION_CONTEXT('2D SPACE',''
  ) );
#12918 = ORIENTED_EDGE('',*,*,#12919,.T.);
#12919 = EDGE_CURVE('',#12887,#12920,#12922,.T.);
#12920 = VERTEX_POINT('',#12921);
#12921 = CARTESIAN_POINT('',(121.,4.,3.));
#12922 = SURFACE_CURVE('',#12923,(#12927,#12933),.PCURVE_S1.);
#12923 = LINE('',#12924,#12925);
#12924 = CARTESIAN_POINT('',(101.5,4.,3.));
#12925 = VECTOR('',#12926,1.);
#12926 = DIRECTION('',(1.,0.,-0.));
#12927 = PCURVE('',#11442,#12928);
#12928 = DEFINITIONAL_REPRESENTATION('',(#12929),#12932);
#12929 = B_SPLINE_CURVE_WITH_KNOTS('',1,(#12930,#12931),.UNSPECIFIED.,
  .F.,.F.,(2,2),(5.5,19.5),.PIECEWISE_BEZIER_KNOTS.);
#12930 = CARTESIAN_POINT('',(25.,-72.));
#12931 = CARTESIAN_POINT('',(39.,-72.));
#12932 = ( GEOMETRIC_REPRESENTATION_CONTEXT(2) 
PARAMETRIC_REPRESENTATION_CONTEXT() REPRESENTATION_CONTEXT('2D SPACE',''
  ) );
#12933 = PCURVE('',#12934,#12939);
#12934 = PLANE('',#12935);
#12935 = AXIS2_PLACEMENT_3D('',#12936,#12937,#12938);
#12936 = CARTESIAN_POINT('',(121.,4.,0.));
#12937 = DIRECTION('',(0.,-1.,0.));
#12938 = DIRECTION('',(-1.,0.,0.));
#12939 = DEFINITIONAL_REPRESENTATION('',(#12940),#12943);
#12940 = B_SPLINE_CURVE_WITH_KNOTS('',1,(#12941,#12942),.UNSPECIFIED.,
  .F.,.F.,(2,2),(5.5,19.5),.PIECEWISE_BEZIER_KNOTS.);
#12941 = CARTESIAN_POINT('',(14.,-3.));
#12942 = CARTESIAN_POINT('',(0.,-3.));
#12943 = ( GEOMETRIC_REPRESENTATION_CONTEXT(2) 
PARAMETRIC_REPRESENTATION_CONTEXT() REPRESENTATION_CONTEXT('2D SPACE',''
  ) );
#12944 = ORIENTED_EDGE('',*,*,#12945,.T.);
#12945 = EDGE_CURVE('',#12920,#12946,#12948,.T.);
#12946 = VERTEX_POINT('',#12947);
#12947 = CARTESIAN_POINT('',(123.65329983228,2.4,3.));
#12948 = SURFACE_CURVE('',#12949,(#12954,#12965),.PCURVE_S1.);
#12949 = CIRCLE('',#12950,3.);
#12950 = AXIS2_PLACEMENT_3D('',#12951,#12952,#12953);
#12951 = CARTESIAN_POINT('',(121.,1.,3.));
#12952 = DIRECTION('',(0.,0.,-1.));
#12953 = DIRECTION('',(1.,0.,0.));
#12954 = PCURVE('',#11442,#12955);
#12955 = DEFINITIONAL_REPRESENTATION('',(#12956),#12964);
#12956 = ( BOUNDED_CURVE() B_SPLINE_CURVE(2,(#12957,#12958,#12959,#12960
    ,#12961,#12962,#12963),.UNSPECIFIED.,.T.,.F.) 
B_SPLINE_CURVE_WITH_KNOTS((1,2,2,2,2,1),(-2.094395102393,0.,
    2.094395102393,4.188790204786,6.28318530718,8.377580409573),
.UNSPECIFIED.) CURVE() GEOMETRIC_REPRESENTATION_ITEM() 
RATIONAL_B_SPLINE_CURVE((1.,0.5,1.,0.5,1.,0.5,1.)) REPRESENTATION_ITEM(
  '') );
#12957 = CARTESIAN_POINT('',(42.,-75.));
#12958 = CARTESIAN_POINT('',(42.,-80.1961524227));
#12959 = CARTESIAN_POINT('',(37.5,-77.59807621135));
#12960 = CARTESIAN_POINT('',(33.,-75.));
#12961 = CARTESIAN_POINT('',(37.5,-72.40192378864));
#12962 = CARTESIAN_POINT('',(42.,-69.80384757729));
#12963 = CARTESIAN_POINT('',(42.,-75.));
#12964 = ( GEOMETRIC_REPRESENTATION_CONTEXT(2) 
PARAMETRIC_REPRESENTATION_CONTEXT() REPRESENTATION_CONTEXT('2D SPACE',''
  ) );
#12965 = PCURVE('',#12966,#12971);
#12966 = CYLINDRICAL_SURFACE('',#12967,3.);
#12967 = AXIS2_PLACEMENT_3D('',#12968,#12969,#12970);
#12968 = CARTESIAN_POINT('',(121.,1.,0.));
#12969 = DIRECTION('',(-0.,0.,-1.));
#12970 = DIRECTION('',(1.,0.,0.));
#12971 = DEFINITIONAL_REPRESENTATION('',(#12972),#12976);
#12972 = LINE('',#12973,#12974);
#12973 = CARTESIAN_POINT('',(-6.28318530718,-3.));
#12974 = VECTOR('',#12975,1.);
#12975 = DIRECTION('',(1.,-0.));
#12976 = ( GEOMETRIC_REPRESENTATION_CONTEXT(2) 
PARAMETRIC_REPRESENTATION_CONTEXT() REPRESENTATION_CONTEXT('2D SPACE',''
  ) );
#12977 = ORIENTED_EDGE('',*,*,#12978,.T.);
#12978 = EDGE_CURVE('',#12946,#12979,#12981,.T.);
#12979 = VERTEX_POINT('',#12980);
#12980 = CARTESIAN_POINT('',(150.,2.4,3.));
#12981 = SURFACE_CURVE('',#12982,(#12986,#12993),.PCURVE_S1.);
#12982 = LINE('',#12983,#12984);
#12983 = CARTESIAN_POINT('',(2.4,2.4,3.));
#12984 = VECTOR('',#12985,1.);
#12985 = DIRECTION('',(1.,0.,0.));
#12986 = PCURVE('',#11442,#12987);
#12987 = DEFINITIONAL_REPRESENTATION('',(#12988),#12992);
#12988 = LINE('',#12989,#12990);
#12989 = CARTESIAN_POINT('',(-79.6,-73.6));
#12990 = VECTOR('',#12991,1.);
#12991 = DIRECTION('',(1.,0.));
#12992 = ( GEOMETRIC_REPRESENTATION_CONTEXT(2) 
PARAMETRIC_REPRESENTATION_CONTEXT() REPRESENTATION_CONTEXT('2D SPACE',''
  ) );
#12993 = PCURVE('',#12759,#12994);
#12994 = DEFINITIONAL_REPRESENTATION('',(#12995),#12999);
#12995 = LINE('',#12996,#12997);
#12996 = CARTESIAN_POINT('',(-11.6,0.));
#12997 = VECTOR('',#12998,1.);
#12998 = DIRECTION('',(1.,0.));
#12999 = ( GEOMETRIC_REPRESENTATION_CONTEXT(2) 
PARAMETRIC_REPRESENTATION_CONTEXT() REPRESENTATION_CONTEXT('2D SPACE',''
  ) );
#13000 = ORIENTED_EDGE('',*,*,#13001,.T.);
#13001 = EDGE_CURVE('',#12979,#11425,#13002,.T.);
#13002 = SURFACE_CURVE('',#13003,(#13008,#13015),.PCURVE_S1.);
#13003 = CIRCLE('',#13004,11.6);
#13004 = AXIS2_PLACEMENT_3D('',#13005,#13006,#13007);
#13005 = CARTESIAN_POINT('',(150.,14.,3.));
#13006 = DIRECTION('',(0.,-0.,1.));
#13007 = DIRECTION('',(1.,0.,0.));
#13008 = PCURVE('',#11442,#13009);
#13009 = DEFINITIONAL_REPRESENTATION('',(#13010),#13014);
#13010 = CIRCLE('',#13011,11.6);
#13011 = AXIS2_PLACEMENT_2D('',#13012,#13013);
#13012 = CARTESIAN_POINT('',(68.,-62.));
#13013 = DIRECTION('',(1.,0.));
#13014 = ( GEOMETRIC_REPRESENTATION_CONTEXT(2) 
PARAMETRIC_REPRESENTATION_CONTEXT() REPRESENTATION_CONTEXT('2D SPACE',''
  ) );
#13015 = PCURVE('',#11470,#13016);
#13016 = DEFINITIONAL_REPRESENTATION('',(#13017),#13021);
#13017 = LINE('',#13018,#13019);
#13018 = CARTESIAN_POINT('',(-0.,0.));
#13019 = VECTOR('',#13020,1.);
#13020 = DIRECTION('',(-1.,0.));
#13021 = ( GEOMETRIC_REPRESENTATION_CONTEXT(2) 
PARAMETRIC_REPRESENTATION_CONTEXT() REPRESENTATION_CONTEXT('2D SPACE',''
  ) );
#13022 = ORIENTED_EDGE('',*,*,#11424,.T.);
#13023 = ORIENTED_EDGE('',*,*,#13024,.T.);
#13024 = EDGE_CURVE('',#11427,#13025,#13027,.T.);
#13025 = VERTEX_POINT('',#13026);
#13026 = CARTESIAN_POINT('',(161.,111.,3.));
#13027 = SURFACE_CURVE('',#13028,(#13033,#13044),.PCURVE_S1.);
#13028 = CIRCLE('',#13029,3.);
#13029 = AXIS2_PLACEMENT_3D('',#13030,#13031,#13032);
#13030 = CARTESIAN_POINT('',(164.,111.,3.));
#13031 = DIRECTION('',(0.,0.,-1.));
#13032 = DIRECTION('',(1.,0.,0.));
#13033 = PCURVE('',#11442,#13034);
#13034 = DEFINITIONAL_REPRESENTATION('',(#13035),#13043);
#13035 = ( BOUNDED_CURVE() B_SPLINE_CURVE(2,(#13036,#13037,#13038,#13039
    ,#13040,#13041,#13042),.UNSPECIFIED.,.T.,.F.) 
B_SPLINE_CURVE_WITH_KNOTS((1,2,2,2,2,1),(-2.094395102393,0.,
    2.094395102393,4.188790204786,6.28318530718,8.377580409573),
.UNSPECIFIED.) CURVE() GEOMETRIC_REPRESENTATION_ITEM() 
RATIONAL_B_SPLINE_CURVE((1.,0.5,1.,0.5,1.,0.5,1.)) REPRESENTATION_ITEM(
  '') );
#13036 = CARTESIAN_POINT('',(85.,35.));
#13037 = CARTESIAN_POINT('',(85.,29.803847577293));
#13038 = CARTESIAN_POINT('',(80.5,32.401923788647));
#13039 = CARTESIAN_POINT('',(76.,35.));
#13040 = CARTESIAN_POINT('',(80.5,37.598076211353));
#13041 = CARTESIAN_POINT('',(85.,40.196152422707));
#13042 = CARTESIAN_POINT('',(85.,35.));
#13043 = ( GEOMETRIC_REPRESENTATION_CONTEXT(2) 
PARAMETRIC_REPRESENTATION_CONTEXT() REPRESENTATION_CONTEXT('2D SPACE',''
  ) );
#13044 = PCURVE('',#11620,#13045);
#13045 = DEFINITIONAL_REPRESENTATION('',(#13046),#13050);
#13046 = LINE('',#13047,#13048);
#13047 = CARTESIAN_POINT('',(-6.28318530718,-3.));
#13048 = VECTOR('',#13049,1.);
#13049 = DIRECTION('',(1.,-0.));
#13050 = ( GEOMETRIC_REPRESENTATION_CONTEXT(2) 
PARAMETRIC_REPRESENTATION_CONTEXT() REPRESENTATION_CONTEXT('2D SPACE',''
  ) );
#13051 = ORIENTED_EDGE('',*,*,#13052,.T.);
#13052 = EDGE_CURVE('',#13025,#13053,#13055,.T.);
#13053 = VERTEX_POINT('',#13054);
#13054 = CARTESIAN_POINT('',(161.,125.,3.));
#13055 = SURFACE_CURVE('',#13056,(#13060,#13066),.PCURVE_S1.);
#13056 = LINE('',#13057,#13058);
#13057 = CARTESIAN_POINT('',(161.,100.5,3.));
#13058 = VECTOR('',#13059,1.);
#13059 = DIRECTION('',(-0.,1.,0.));
#13060 = PCURVE('',#11442,#13061);
#13061 = DEFINITIONAL_REPRESENTATION('',(#13062),#13065);
#13062 = B_SPLINE_CURVE_WITH_KNOTS('',1,(#13063,#13064),.UNSPECIFIED.,
  .F.,.F.,(2,2),(10.5,24.5),.PIECEWISE_BEZIER_KNOTS.);
#13063 = CARTESIAN_POINT('',(79.,35.));
#13064 = CARTESIAN_POINT('',(79.,49.));
#13065 = ( GEOMETRIC_REPRESENTATION_CONTEXT(2) 
PARAMETRIC_REPRESENTATION_CONTEXT() REPRESENTATION_CONTEXT('2D SPACE',''
  ) );
#13066 = PCURVE('',#13067,#13072);
#13067 = PLANE('',#13068);
#13068 = AXIS2_PLACEMENT_3D('',#13069,#13070,#13071);
#13069 = CARTESIAN_POINT('',(161.,125.,0.));
#13070 = DIRECTION('',(1.,0.,-0.));
#13071 = DIRECTION('',(0.,-1.,0.));
#13072 = DEFINITIONAL_REPRESENTATION('',(#13073),#13076);
#13073 = B_SPLINE_CURVE_WITH_KNOTS('',1,(#13074,#13075),.UNSPECIFIED.,
  .F.,.F.,(2,2),(10.5,24.5),.PIECEWISE_BEZIER_KNOTS.);
#13074 = CARTESIAN_POINT('',(14.,-3.));
#13075 = CARTESIAN_POINT('',(0.,-3.));
#13076 = ( GEOMETRIC_REPRESENTATION_CONTEXT(2) 
PARAMETRIC_REPRESENTATION_CONTEXT() REPRESENTATION_CONTEXT('2D SPACE',''
  ) );
#13077 = ORIENTED_EDGE('',*,*,#13078,.T.);
#13078 = EDGE_CURVE('',#13053,#11533,#13079,.T.);
#13079 = SURFACE_CURVE('',#13080,(#13085,#13096),.PCURVE_S1.);
#13080 = CIRCLE('',#13081,3.);
#13081 = AXIS2_PLACEMENT_3D('',#13082,#13083,#13084);
#13082 = CARTESIAN_POINT('',(164.,125.,3.));
#13083 = DIRECTION('',(0.,0.,-1.));
#13084 = DIRECTION('',(1.,0.,0.));
#13085 = PCURVE('',#11442,#13086);
#13086 = DEFINITIONAL_REPRESENTATION('',(#13087),#13095);
#13087 = ( BOUNDED_CURVE() B_SPLINE_CURVE(2,(#13088,#13089,#13090,#13091
    ,#13092,#13093,#13094),.UNSPECIFIED.,.T.,.F.) 
B_SPLINE_CURVE_WITH_KNOTS((1,2,2,2,2,1),(-2.094395102393,0.,
    2.094395102393,4.188790204786,6.28318530718,8.377580409573),
.UNSPECIFIED.) CURVE() GEOMETRIC_REPRESENTATION_ITEM() 
RATIONAL_B_SPLINE_CURVE((1.,0.5,1.,0.5,1.,0.5,1.)) REPRESENTATION_ITEM(
  '') );
#13088 = CARTESIAN_POINT('',(85.,49.));
#13089 = CARTESIAN_POINT('',(85.,43.803847577293));
#13090 = CARTESIAN_POINT('',(80.5,46.401923788647));
#13091 = CARTESIAN_POINT('',(76.,49.));
#13092 = CARTESIAN_POINT('',(80.5,51.598076211353));
#13093 = CARTESIAN_POINT('',(85.,54.196152422707));
#13094 = CARTESIAN_POINT('',(85.,49.));
#13095 = ( GEOMETRIC_REPRESENTATION_CONTEXT(2) 
PARAMETRIC_REPRESENTATION_CONTEXT() REPRESENTATION_CONTEXT('2D SPACE',''
  ) );
#13096 = PCURVE('',#11570,#13097);
#13097 = DEFINITIONAL_REPRESENTATION('',(#13098),#13102);
#13098 = LINE('',#13099,#13100);
#13099 = CARTESIAN_POINT('',(-6.28318530718,-3.));
#13100 = VECTOR('',#13101,1.);
#13101 = DIRECTION('',(1.,-0.));
#13102 = ( GEOMETRIC_REPRESENTATION_CONTEXT(2) 
PARAMETRIC_REPRESENTATION_CONTEXT() REPRESENTATION_CONTEXT('2D SPACE',''
  ) );
#13103 = ORIENTED_EDGE('',*,*,#11532,.T.);
#13104 = ORIENTED_EDGE('',*,*,#13105,.T.);
#13105 = EDGE_CURVE('',#11505,#13106,#13108,.T.);
#13106 = VERTEX_POINT('',#13107);
#13107 = CARTESIAN_POINT('',(150.,149.6,3.));
#13108 = SURFACE_CURVE('',#13109,(#13114,#13121),.PCURVE_S1.);
#13109 = CIRCLE('',#13110,11.6);
#13110 = AXIS2_PLACEMENT_3D('',#13111,#13112,#13113);
#13111 = CARTESIAN_POINT('',(150.,138.,3.));
#13112 = DIRECTION('',(0.,-0.,1.));
#13113 = DIRECTION('',(1.,0.,0.));
#13114 = PCURVE('',#11442,#13115);
#13115 = DEFINITIONAL_REPRESENTATION('',(#13116),#13120);
#13116 = CIRCLE('',#13117,11.6);
#13117 = AXIS2_PLACEMENT_2D('',#13118,#13119);
#13118 = CARTESIAN_POINT('',(68.,62.));
#13119 = DIRECTION('',(1.,0.));
#13120 = ( GEOMETRIC_REPRESENTATION_CONTEXT(2) 
PARAMETRIC_REPRESENTATION_CONTEXT() REPRESENTATION_CONTEXT('2D SPACE',''
  ) );
#13121 = PCURVE('',#11520,#13122);
#13122 = DEFINITIONAL_REPRESENTATION('',(#13123),#13127);
#13123 = LINE('',#13124,#13125);
#13124 = CARTESIAN_POINT('',(-0.,0.));
#13125 = VECTOR('',#13126,1.);
#13126 = DIRECTION('',(-1.,0.));
#13127 = ( GEOMETRIC_REPRESENTATION_CONTEXT(2) 
PARAMETRIC_REPRESENTATION_CONTEXT() REPRESENTATION_CONTEXT('2D SPACE',''
  ) );
#13128 = ORIENTED_EDGE('',*,*,#13129,.T.);
#13129 = EDGE_CURVE('',#13106,#13130,#13132,.T.);
#13130 = VERTEX_POINT('',#13131);
#13131 = CARTESIAN_POINT('',(123.65329983228,149.6,3.));
#13132 = SURFACE_CURVE('',#13133,(#13137,#13144),.PCURVE_S1.);
#13133 = LINE('',#13134,#13135);
#13134 = CARTESIAN_POINT('',(161.6,149.6,3.));
#13135 = VECTOR('',#13136,1.);
#13136 = DIRECTION('',(-1.,0.,0.));
#13137 = PCURVE('',#11442,#13138);
#13138 = DEFINITIONAL_REPRESENTATION('',(#13139),#13143);
#13139 = LINE('',#13140,#13141);
#13140 = CARTESIAN_POINT('',(79.6,73.6));
#13141 = VECTOR('',#13142,1.);
#13142 = DIRECTION('',(-1.,0.));
#13143 = ( GEOMETRIC_REPRESENTATION_CONTEXT(2) 
PARAMETRIC_REPRESENTATION_CONTEXT() REPRESENTATION_CONTEXT('2D SPACE',''
  ) );
#13144 = PCURVE('',#12660,#13145);
#13145 = DEFINITIONAL_REPRESENTATION('',(#13146),#13150);
#13146 = LINE('',#13147,#13148);
#13147 = CARTESIAN_POINT('',(-11.6,-0.));
#13148 = VECTOR('',#13149,1.);
#13149 = DIRECTION('',(1.,0.));
#13150 = ( GEOMETRIC_REPRESENTATION_CONTEXT(2) 
PARAMETRIC_REPRESENTATION_CONTEXT() REPRESENTATION_CONTEXT('2D SPACE',''
  ) );
#13151 = ORIENTED_EDGE('',*,*,#13152,.T.);
#13152 = EDGE_CURVE('',#13130,#13153,#13155,.T.);
#13153 = VERTEX_POINT('',#13154);
#13154 = CARTESIAN_POINT('',(121.,148.,3.));
#13155 = SURFACE_CURVE('',#13156,(#13161,#13172),.PCURVE_S1.);
#13156 = CIRCLE('',#13157,3.);
#13157 = AXIS2_PLACEMENT_3D('',#13158,#13159,#13160);
#13158 = CARTESIAN_POINT('',(121.,151.,3.));
#13159 = DIRECTION('',(0.,0.,-1.));
#13160 = DIRECTION('',(1.,0.,0.));
#13161 = PCURVE('',#11442,#13162);
#13162 = DEFINITIONAL_REPRESENTATION('',(#13163),#13171);
#13163 = ( BOUNDED_CURVE() B_SPLINE_CURVE(2,(#13164,#13165,#13166,#13167
    ,#13168,#13169,#13170),.UNSPECIFIED.,.T.,.F.) 
B_SPLINE_CURVE_WITH_KNOTS((1,2,2,2,2,1),(-2.094395102393,0.,
    2.094395102393,4.188790204786,6.28318530718,8.377580409573),
.UNSPECIFIED.) CURVE() GEOMETRIC_REPRESENTATION_ITEM() 
RATIONAL_B_SPLINE_CURVE((1.,0.5,1.,0.5,1.,0.5,1.)) REPRESENTATION_ITEM(
  '') );
#13164 = CARTESIAN_POINT('',(42.,75.));
#13165 = CARTESIAN_POINT('',(42.,69.803847577293));
#13166 = CARTESIAN_POINT('',(37.5,72.401923788647));
#13167 = CARTESIAN_POINT('',(33.,75.));
#13168 = CARTESIAN_POINT('',(37.5,77.598076211353));
#13169 = CARTESIAN_POINT('',(42.,80.196152422707));
#13170 = CARTESIAN_POINT('',(42.,75.));
#13171 = ( GEOMETRIC_REPRESENTATION_CONTEXT(2) 
PARAMETRIC_REPRESENTATION_CONTEXT() REPRESENTATION_CONTEXT('2D SPACE',''
  ) );
#13172 = PCURVE('',#13173,#13178);
#13173 = CYLINDRICAL_SURFACE('',#13174,3.);
#13174 = AXIS2_PLACEMENT_3D('',#13175,#13176,#13177);
#13175 = CARTESIAN_POINT('',(121.,151.,0.));
#13176 = DIRECTION('',(-0.,0.,-1.));
#13177 = DIRECTION('',(1.,0.,0.));
#13178 = DEFINITIONAL_REPRESENTATION('',(#13179),#13183);
#13179 = LINE('',#13180,#13181);
#13180 = CARTESIAN_POINT('',(-6.28318530718,-3.));
#13181 = VECTOR('',#13182,1.);
#13182 = DIRECTION('',(1.,-0.));
#13183 = ( GEOMETRIC_REPRESENTATION_CONTEXT(2) 
PARAMETRIC_REPRESENTATION_CONTEXT() REPRESENTATION_CONTEXT('2D SPACE',''
  ) );
#13184 = ORIENTED_EDGE('',*,*,#13185,.T.);
#13185 = EDGE_CURVE('',#13153,#13186,#13188,.T.);
#13186 = VERTEX_POINT('',#13187);
#13187 = CARTESIAN_POINT('',(107.,148.,3.));
#13188 = SURFACE_CURVE('',#13189,(#13193,#13199),.PCURVE_S1.);
#13189 = LINE('',#13190,#13191);
#13190 = CARTESIAN_POINT('',(94.5,148.,3.));
#13191 = VECTOR('',#13192,1.);
#13192 = DIRECTION('',(-1.,0.,0.));
#13193 = PCURVE('',#11442,#13194);
#13194 = DEFINITIONAL_REPRESENTATION('',(#13195),#13198);
#13195 = B_SPLINE_CURVE_WITH_KNOTS('',1,(#13196,#13197),.UNSPECIFIED.,
  .F.,.F.,(2,2),(-26.5,-12.5),.PIECEWISE_BEZIER_KNOTS.);
#13196 = CARTESIAN_POINT('',(39.,72.));
#13197 = CARTESIAN_POINT('',(25.,72.));
#13198 = ( GEOMETRIC_REPRESENTATION_CONTEXT(2) 
PARAMETRIC_REPRESENTATION_CONTEXT() REPRESENTATION_CONTEXT('2D SPACE',''
  ) );
#13199 = PCURVE('',#13200,#13205);
#13200 = PLANE('',#13201);
#13201 = AXIS2_PLACEMENT_3D('',#13202,#13203,#13204);
#13202 = CARTESIAN_POINT('',(107.,148.,0.));
#13203 = DIRECTION('',(0.,1.,0.));
#13204 = DIRECTION('',(1.,0.,0.));
#13205 = DEFINITIONAL_REPRESENTATION('',(#13206),#13209);
#13206 = B_SPLINE_CURVE_WITH_KNOTS('',1,(#13207,#13208),.UNSPECIFIED.,
  .F.,.F.,(2,2),(-26.5,-12.5),.PIECEWISE_BEZIER_KNOTS.);
#13207 = CARTESIAN_POINT('',(14.,-3.));
#13208 = CARTESIAN_POINT('',(0.,-3.));
#13209 = ( GEOMETRIC_REPRESENTATION_CONTEXT(2) 
PARAMETRIC_REPRESENTATION_CONTEXT() REPRESENTATION_CONTEXT('2D SPACE',''
  ) );
#13210 = ORIENTED_EDGE('',*,*,#13211,.T.);
#13211 = EDGE_CURVE('',#13186,#13212,#13214,.T.);
#13212 = VERTEX_POINT('',#13213);
#13213 = CARTESIAN_POINT('',(104.34670016771,149.6,3.));
#13214 = SURFACE_CURVE('',#13215,(#13220,#13231),.PCURVE_S1.);
#13215 = CIRCLE('',#13216,3.);
#13216 = AXIS2_PLACEMENT_3D('',#13217,#13218,#13219);
#13217 = CARTESIAN_POINT('',(107.,151.,3.));
#13218 = DIRECTION('',(0.,0.,-1.));
#13219 = DIRECTION('',(1.,0.,0.));
#13220 = PCURVE('',#11442,#13221);
#13221 = DEFINITIONAL_REPRESENTATION('',(#13222),#13230);
#13222 = ( BOUNDED_CURVE() B_SPLINE_CURVE(2,(#13223,#13224,#13225,#13226
    ,#13227,#13228,#13229),.UNSPECIFIED.,.T.,.F.) 
B_SPLINE_CURVE_WITH_KNOTS((1,2,2,2,2,1),(-2.094395102393,0.,
    2.094395102393,4.188790204786,6.28318530718,8.377580409573),
.UNSPECIFIED.) CURVE() GEOMETRIC_REPRESENTATION_ITEM() 
RATIONAL_B_SPLINE_CURVE((1.,0.5,1.,0.5,1.,0.5,1.)) REPRESENTATION_ITEM(
  '') );
#13223 = CARTESIAN_POINT('',(28.,75.));
#13224 = CARTESIAN_POINT('',(28.,69.803847577293));
#13225 = CARTESIAN_POINT('',(23.5,72.401923788647));
#13226 = CARTESIAN_POINT('',(19.,75.));
#13227 = CARTESIAN_POINT('',(23.5,77.598076211353));
#13228 = CARTESIAN_POINT('',(28.,80.196152422707));
#13229 = CARTESIAN_POINT('',(28.,75.));
#13230 = ( GEOMETRIC_REPRESENTATION_CONTEXT(2) 
PARAMETRIC_REPRESENTATION_CONTEXT() REPRESENTATION_CONTEXT('2D SPACE',''
  ) );
#13231 = PCURVE('',#13232,#13237);
#13232 = CYLINDRICAL_SURFACE('',#13233,3.);
#13233 = AXIS2_PLACEMENT_3D('',#13234,#13235,#13236);
#13234 = CARTESIAN_POINT('',(107.,151.,0.));
#13235 = DIRECTION('',(-0.,0.,-1.));
#13236 = DIRECTION('',(1.,0.,0.));
#13237 = DEFINITIONAL_REPRESENTATION('',(#13238),#13242);
#13238 = LINE('',#13239,#13240);
#13239 = CARTESIAN_POINT('',(-6.28318530718,-3.));
#13240 = VECTOR('',#13241,1.);
#13241 = DIRECTION('',(1.,-0.));
#13242 = ( GEOMETRIC_REPRESENTATION_CONTEXT(2) 
PARAMETRIC_REPRESENTATION_CONTEXT() REPRESENTATION_CONTEXT('2D SPACE',''
  ) );
#13243 = ORIENTED_EDGE('',*,*,#13244,.T.);
#13244 = EDGE_CURVE('',#13212,#13245,#13247,.T.);
#13245 = VERTEX_POINT('',#13246);
#13246 = CARTESIAN_POINT('',(59.653299832284,149.6,3.));
#13247 = SURFACE_CURVE('',#13248,(#13252,#13259),.PCURVE_S1.);
#13248 = LINE('',#13249,#13250);
#13249 = CARTESIAN_POINT('',(161.6,149.6,3.));
#13250 = VECTOR('',#13251,1.);
#13251 = DIRECTION('',(-1.,0.,0.));
#13252 = PCURVE('',#11442,#13253);
#13253 = DEFINITIONAL_REPRESENTATION('',(#13254),#13258);
#13254 = LINE('',#13255,#13256);
#13255 = CARTESIAN_POINT('',(79.6,73.6));
#13256 = VECTOR('',#13257,1.);
#13257 = DIRECTION('',(-1.,0.));
#13258 = ( GEOMETRIC_REPRESENTATION_CONTEXT(2) 
PARAMETRIC_REPRESENTATION_CONTEXT() REPRESENTATION_CONTEXT('2D SPACE',''
  ) );
#13259 = PCURVE('',#12660,#13260);
#13260 = DEFINITIONAL_REPRESENTATION('',(#13261),#13265);
#13261 = LINE('',#13262,#13263);
#13262 = CARTESIAN_POINT('',(-11.6,-0.));
#13263 = VECTOR('',#13264,1.);
#13264 = DIRECTION('',(1.,0.));
#13265 = ( GEOMETRIC_REPRESENTATION_CONTEXT(2) 
PARAMETRIC_REPRESENTATION_CONTEXT() REPRESENTATION_CONTEXT('2D SPACE',''
  ) );
#13266 = ORIENTED_EDGE('',*,*,#13267,.T.);
#13267 = EDGE_CURVE('',#13245,#13268,#13270,.T.);
#13268 = VERTEX_POINT('',#13269);
#13269 = CARTESIAN_POINT('',(57.,148.,3.));
#13270 = SURFACE_CURVE('',#13271,(#13276,#13287),.PCURVE_S1.);
#13271 = CIRCLE('',#13272,3.);
#13272 = AXIS2_PLACEMENT_3D('',#13273,#13274,#13275);
#13273 = CARTESIAN_POINT('',(57.,151.,3.));
#13274 = DIRECTION('',(0.,0.,-1.));
#13275 = DIRECTION('',(1.,0.,0.));
#13276 = PCURVE('',#11442,#13277);
#13277 = DEFINITIONAL_REPRESENTATION('',(#13278),#13286);
#13278 = ( BOUNDED_CURVE() B_SPLINE_CURVE(2,(#13279,#13280,#13281,#13282
    ,#13283,#13284,#13285),.UNSPECIFIED.,.T.,.F.) 
B_SPLINE_CURVE_WITH_KNOTS((1,2,2,2,2,1),(-2.094395102393,0.,
    2.094395102393,4.188790204786,6.28318530718,8.377580409573),
.UNSPECIFIED.) CURVE() GEOMETRIC_REPRESENTATION_ITEM() 
RATIONAL_B_SPLINE_CURVE((1.,0.5,1.,0.5,1.,0.5,1.)) REPRESENTATION_ITEM(
  '') );
#13279 = CARTESIAN_POINT('',(-22.,75.));
#13280 = CARTESIAN_POINT('',(-22.,69.803847577293));
#13281 = CARTESIAN_POINT('',(-26.5,72.401923788647));
#13282 = CARTESIAN_POINT('',(-31.,75.));
#13283 = CARTESIAN_POINT('',(-26.5,77.598076211353));
#13284 = CARTESIAN_POINT('',(-22.,80.196152422707));
#13285 = CARTESIAN_POINT('',(-22.,75.));
#13286 = ( GEOMETRIC_REPRESENTATION_CONTEXT(2) 
PARAMETRIC_REPRESENTATION_CONTEXT() REPRESENTATION_CONTEXT('2D SPACE',''
  ) );
#13287 = PCURVE('',#13288,#13293);
#13288 = CYLINDRICAL_SURFACE('',#13289,3.);
#13289 = AXIS2_PLACEMENT_3D('',#13290,#13291,#13292);
#13290 = CARTESIAN_POINT('',(57.,151.,0.));
#13291 = DIRECTION('',(-0.,0.,-1.));
#13292 = DIRECTION('',(1.,0.,0.));
#13293 = DEFINITIONAL_REPRESENTATION('',(#13294),#13298);
#13294 = LINE('',#13295,#13296);
#13295 = CARTESIAN_POINT('',(-6.28318530718,-3.));
#13296 = VECTOR('',#13297,1.);
#13297 = DIRECTION('',(1.,-0.));
#13298 = ( GEOMETRIC_REPRESENTATION_CONTEXT(2) 
PARAMETRIC_REPRESENTATION_CONTEXT() REPRESENTATION_CONTEXT('2D SPACE',''
  ) );
#13299 = ORIENTED_EDGE('',*,*,#13300,.T.);
#13300 = EDGE_CURVE('',#13268,#12610,#13301,.T.);
#13301 = SURFACE_CURVE('',#13302,(#13306,#13312),.PCURVE_S1.);
#13302 = LINE('',#13303,#13304);
#13303 = CARTESIAN_POINT('',(62.5,148.,3.));
#13304 = VECTOR('',#13305,1.);
#13305 = DIRECTION('',(-1.,0.,0.));
#13306 = PCURVE('',#11442,#13307);
#13307 = DEFINITIONAL_REPRESENTATION('',(#13308),#13311);
#13308 = B_SPLINE_CURVE_WITH_KNOTS('',1,(#13309,#13310),.UNSPECIFIED.,
  .F.,.F.,(2,2),(5.5,19.5),.PIECEWISE_BEZIER_KNOTS.);
#13309 = CARTESIAN_POINT('',(-25.,72.));
#13310 = CARTESIAN_POINT('',(-39.,72.));
#13311 = ( GEOMETRIC_REPRESENTATION_CONTEXT(2) 
PARAMETRIC_REPRESENTATION_CONTEXT() REPRESENTATION_CONTEXT('2D SPACE',''
  ) );
#13312 = PCURVE('',#13313,#13318);
#13313 = PLANE('',#13314);
#13314 = AXIS2_PLACEMENT_3D('',#13315,#13316,#13317);
#13315 = CARTESIAN_POINT('',(43.,148.,0.));
#13316 = DIRECTION('',(0.,1.,0.));
#13317 = DIRECTION('',(1.,0.,0.));
#13318 = DEFINITIONAL_REPRESENTATION('',(#13319),#13322);
#13319 = B_SPLINE_CURVE_WITH_KNOTS('',1,(#13320,#13321),.UNSPECIFIED.,
  .F.,.F.,(2,2),(5.5,19.5),.PIECEWISE_BEZIER_KNOTS.);
#13320 = CARTESIAN_POINT('',(14.,-3.));
#13321 = CARTESIAN_POINT('',(0.,-3.));
#13322 = ( GEOMETRIC_REPRESENTATION_CONTEXT(2) 
PARAMETRIC_REPRESENTATION_CONTEXT() REPRESENTATION_CONTEXT('2D SPACE',''
  ) );
#13323 = FACE_BOUND('',#13324,.T.);
#13324 = EDGE_LOOP('',(#13325));
#13325 = ORIENTED_EDGE('',*,*,#13326,.F.);
#13326 = EDGE_CURVE('',#13327,#13327,#13329,.T.);
#13327 = VERTEX_POINT('',#13328);
#13328 = CARTESIAN_POINT('',(30.,25.,3.));
#13329 = SURFACE_CURVE('',#13330,(#13335,#13342),.PCURVE_S1.);
#13330 = CIRCLE('',#13331,4.);
#13331 = AXIS2_PLACEMENT_3D('',#13332,#13333,#13334);
#13332 = CARTESIAN_POINT('',(26.,25.,3.));
#13333 = DIRECTION('',(0.,0.,1.));
#13334 = DIRECTION('',(1.,0.,0.));
#13335 = PCURVE('',#11442,#13336);
#13336 = DEFINITIONAL_REPRESENTATION('',(#13337),#13341);
#13337 = CIRCLE('',#13338,4.);
#13338 = AXIS2_PLACEMENT_2D('',#13339,#13340);
#13339 = CARTESIAN_POINT('',(-56.,-51.));
#13340 = DIRECTION('',(1.,0.));
#13341 = ( GEOMETRIC_REPRESENTATION_CONTEXT(2) 
PARAMETRIC_REPRESENTATION_CONTEXT() REPRESENTATION_CONTEXT('2D SPACE',''
  ) );
#13342 = PCURVE('',#13343,#13348);
#13343 = CYLINDRICAL_SURFACE('',#13344,4.);
#13344 = AXIS2_PLACEMENT_3D('',#13345,#13346,#13347);
#13345 = CARTESIAN_POINT('',(26.,25.,3.));
#13346 = DIRECTION('',(-0.,-0.,-1.));
#13347 = DIRECTION('',(1.,0.,0.));
#13348 = DEFINITIONAL_REPRESENTATION('',(#13349),#13353);
#13349 = LINE('',#13350,#13351);
#13350 = CARTESIAN_POINT('',(-0.,0.));
#13351 = VECTOR('',#13352,1.);
#13352 = DIRECTION('',(-1.,0.));
#13353 = ( GEOMETRIC_REPRESENTATION_CONTEXT(2) 
PARAMETRIC_REPRESENTATION_CONTEXT() REPRESENTATION_CONTEXT('2D SPACE',''
  ) );
#13354 = FACE_BOUND('',#13355,.T.);
#13355 = EDGE_LOOP('',(#13356));
#13356 = ORIENTED_EDGE('',*,*,#13357,.F.);
#13357 = EDGE_CURVE('',#13358,#13358,#13360,.T.);
#13358 = VERTEX_POINT('',#13359);
#13359 = CARTESIAN_POINT('',(142.,25.,3.));
#13360 = SURFACE_CURVE('',#13361,(#13366,#13373),.PCURVE_S1.);
#13361 = CIRCLE('',#13362,4.);
#13362 = AXIS2_PLACEMENT_3D('',#13363,#13364,#13365);
#13363 = CARTESIAN_POINT('',(138.,25.,3.));
#13364 = DIRECTION('',(0.,0.,1.));
#13365 = DIRECTION('',(1.,0.,0.));
#13366 = PCURVE('',#11442,#13367);
#13367 = DEFINITIONAL_REPRESENTATION('',(#13368),#13372);
#13368 = CIRCLE('',#13369,4.);
#13369 = AXIS2_PLACEMENT_2D('',#13370,#13371);
#13370 = CARTESIAN_POINT('',(56.,-51.));
#13371 = DIRECTION('',(1.,0.));
#13372 = ( GEOMETRIC_REPRESENTATION_CONTEXT(2) 
PARAMETRIC_REPRESENTATION_CONTEXT() REPRESENTATION_CONTEXT('2D SPACE',''
  ) );
#13373 = PCURVE('',#13374,#13379);
#13374 = CYLINDRICAL_SURFACE('',#13375,4.);
#13375 = AXIS2_PLACEMENT_3D('',#13376,#13377,#13378);
#13376 = CARTESIAN_POINT('',(138.,25.,3.));
#13377 = DIRECTION('',(-0.,-0.,-1.));
#13378 = DIRECTION('',(1.,0.,0.));
#13379 = DEFINITIONAL_REPRESENTATION('',(#13380),#13384);
#13380 = LINE('',#13381,#13382);
#13381 = CARTESIAN_POINT('',(-0.,0.));
#13382 = VECTOR('',#13383,1.);
#13383 = DIRECTION('',(-1.,0.));
#13384 = ( GEOMETRIC_REPRESENTATION_CONTEXT(2) 
PARAMETRIC_REPRESENTATION_CONTEXT() REPRESENTATION_CONTEXT('2D SPACE',''
  ) );
#13385 = FACE_BOUND('',#13386,.T.);
#13386 = EDGE_LOOP('',(#13387));
#13387 = ORIENTED_EDGE('',*,*,#13388,.F.);
#13388 = EDGE_CURVE('',#13389,#13389,#13391,.T.);
#13389 = VERTEX_POINT('',#13390);
#13390 = CARTESIAN_POINT('',(30.,127.,3.));
#13391 = SURFACE_CURVE('',#13392,(#13397,#13404),.PCURVE_S1.);
#13392 = CIRCLE('',#13393,4.);
#13393 = AXIS2_PLACEMENT_3D('',#13394,#13395,#13396);
#13394 = CARTESIAN_POINT('',(26.,127.,3.));
#13395 = DIRECTION('',(0.,0.,1.));
#13396 = DIRECTION('',(1.,0.,0.));
#13397 = PCURVE('',#11442,#13398);
#13398 = DEFINITIONAL_REPRESENTATION('',(#13399),#13403);
#13399 = CIRCLE('',#13400,4.);
#13400 = AXIS2_PLACEMENT_2D('',#13401,#13402);
#13401 = CARTESIAN_POINT('',(-56.,51.));
#13402 = DIRECTION('',(1.,0.));
#13403 = ( GEOMETRIC_REPRESENTATION_CONTEXT(2) 
PARAMETRIC_REPRESENTATION_CONTEXT() REPRESENTATION_CONTEXT('2D SPACE',''
  ) );
#13404 = PCURVE('',#13405,#13410);
#13405 = CYLINDRICAL_SURFACE('',#13406,4.);
#13406 = AXIS2_PLACEMENT_3D('',#13407,#13408,#13409);
#13407 = CARTESIAN_POINT('',(26.,127.,3.));
#13408 = DIRECTION('',(-0.,-0.,-1.));
#13409 = DIRECTION('',(1.,0.,0.));
#13410 = DEFINITIONAL_REPRESENTATION('',(#13411),#13415);
#13411 = LINE('',#13412,#13413);
#13412 = CARTESIAN_POINT('',(-0.,0.));
#13413 = VECTOR('',#13414,1.);
#13414 = DIRECTION('',(-1.,0.));
#13415 = ( GEOMETRIC_REPRESENTATION_CONTEXT(2) 
PARAMETRIC_REPRESENTATION_CONTEXT() REPRESENTATION_CONTEXT('2D SPACE',''
  ) );
#13416 = FACE_BOUND('',#13417,.T.);
#13417 = EDGE_LOOP('',(#13418));
#13418 = ORIENTED_EDGE('',*,*,#13419,.F.);
#13419 = EDGE_CURVE('',#13420,#13420,#13422,.T.);
#13420 = VERTEX_POINT('',#13421);
#13421 = CARTESIAN_POINT('',(142.,127.,3.));
#13422 = SURFACE_CURVE('',#13423,(#13428,#13435),.PCURVE_S1.);
#13423 = CIRCLE('',#13424,4.);
#13424 = AXIS2_PLACEMENT_3D('',#13425,#13426,#13427);
#13425 = CARTESIAN_POINT('',(138.,127.,3.));
#13426 = DIRECTION('',(0.,0.,1.));
#13427 = DIRECTION('',(1.,0.,0.));
#13428 = PCURVE('',#11442,#13429);
#13429 = DEFINITIONAL_REPRESENTATION('',(#13430),#13434);
#13430 = CIRCLE('',#13431,4.);
#13431 = AXIS2_PLACEMENT_2D('',#13432,#13433);
#13432 = CARTESIAN_POINT('',(56.,51.));
#13433 = DIRECTION('',(1.,0.));
#13434 = ( GEOMETRIC_REPRESENTATION_CONTEXT(2) 
PARAMETRIC_REPRESENTATION_CONTEXT() REPRESENTATION_CONTEXT('2D SPACE',''
  ) );
#13435 = PCURVE('',#13436,#13441);
#13436 = CYLINDRICAL_SURFACE('',#13437,4.);
#13437 = AXIS2_PLACEMENT_3D('',#13438,#13439,#13440);
#13438 = CARTESIAN_POINT('',(138.,127.,3.));
#13439 = DIRECTION('',(-0.,-0.,-1.));
#13440 = DIRECTION('',(1.,0.,0.));
#13441 = DEFINITIONAL_REPRESENTATION('',(#13442),#13446);
#13442 = LINE('',#13443,#13444);
#13443 = CARTESIAN_POINT('',(-0.,0.));
#13444 = VECTOR('',#13445,1.);
#13445 = DIRECTION('',(-1.,0.));
#13446 = ( GEOMETRIC_REPRESENTATION_CONTEXT(2) 
PARAMETRIC_REPRESENTATION_CONTEXT() REPRESENTATION_CONTEXT('2D SPACE',''
  ) );
#13447 = ADVANCED_FACE('',(#13448),#11620,.T.);
#13448 = FACE_BOUND('',#13449,.F.);
#13449 = EDGE_LOOP('',(#13450,#13451,#13474,#13496));
#13450 = ORIENTED_EDGE('',*,*,#13024,.T.);
#13451 = ORIENTED_EDGE('',*,*,#13452,.T.);
#13452 = EDGE_CURVE('',#13025,#13453,#13455,.T.);
#13453 = VERTEX_POINT('',#13454);
#13454 = CARTESIAN_POINT('',(161.,111.,5.));
#13455 = SURFACE_CURVE('',#13456,(#13460,#13467),.PCURVE_S1.);
#13456 = LINE('',#13457,#13458);
#13457 = CARTESIAN_POINT('',(161.,111.,0.));
#13458 = VECTOR('',#13459,1.);
#13459 = DIRECTION('',(0.,0.,1.));
#13460 = PCURVE('',#11620,#13461);
#13461 = DEFINITIONAL_REPRESENTATION('',(#13462),#13466);
#13462 = LINE('',#13463,#13464);
#13463 = CARTESIAN_POINT('',(-3.14159265359,0.));
#13464 = VECTOR('',#13465,1.);
#13465 = DIRECTION('',(-0.,-1.));
#13466 = ( GEOMETRIC_REPRESENTATION_CONTEXT(2) 
PARAMETRIC_REPRESENTATION_CONTEXT() REPRESENTATION_CONTEXT('2D SPACE',''
  ) );
#13467 = PCURVE('',#13067,#13468);
#13468 = DEFINITIONAL_REPRESENTATION('',(#13469),#13473);
#13469 = LINE('',#13470,#13471);
#13470 = CARTESIAN_POINT('',(14.,0.));
#13471 = VECTOR('',#13472,1.);
#13472 = DIRECTION('',(0.,-1.));
#13473 = ( GEOMETRIC_REPRESENTATION_CONTEXT(2) 
PARAMETRIC_REPRESENTATION_CONTEXT() REPRESENTATION_CONTEXT('2D SPACE',''
  ) );
#13474 = ORIENTED_EDGE('',*,*,#13475,.T.);
#13475 = EDGE_CURVE('',#13453,#11582,#13476,.T.);
#13476 = SURFACE_CURVE('',#13477,(#13482,#13489),.PCURVE_S1.);
#13477 = CIRCLE('',#13478,3.);
#13478 = AXIS2_PLACEMENT_3D('',#13479,#13480,#13481);
#13479 = CARTESIAN_POINT('',(164.,111.,5.));
#13480 = DIRECTION('',(0.,-0.,1.));
#13481 = DIRECTION('',(1.,0.,0.));
#13482 = PCURVE('',#11620,#13483);
#13483 = DEFINITIONAL_REPRESENTATION('',(#13484),#13488);
#13484 = LINE('',#13485,#13486);
#13485 = CARTESIAN_POINT('',(-0.,-5.));
#13486 = VECTOR('',#13487,1.);
#13487 = DIRECTION('',(-1.,0.));
#13488 = ( GEOMETRIC_REPRESENTATION_CONTEXT(2) 
PARAMETRIC_REPRESENTATION_CONTEXT() REPRESENTATION_CONTEXT('2D SPACE',''
  ) );
#13489 = PCURVE('',#11596,#13490);
#13490 = DEFINITIONAL_REPRESENTATION('',(#13491),#13495);
#13491 = CIRCLE('',#13492,3.);
#13492 = AXIS2_PLACEMENT_2D('',#13493,#13494);
#13493 = CARTESIAN_POINT('',(-12.,-7.));
#13494 = DIRECTION('',(1.,0.));
#13495 = ( GEOMETRIC_REPRESENTATION_CONTEXT(2) 
PARAMETRIC_REPRESENTATION_CONTEXT() REPRESENTATION_CONTEXT('2D SPACE',''
  ) );
#13496 = ORIENTED_EDGE('',*,*,#11607,.T.);
#13497 = ADVANCED_FACE('',(#13498),#11596,.T.);
#13498 = FACE_BOUND('',#13499,.T.);
#13499 = EDGE_LOOP('',(#13500,#13501,#13502,#13526));
#13500 = ORIENTED_EDGE('',*,*,#13475,.T.);
#13501 = ORIENTED_EDGE('',*,*,#11581,.T.);
#13502 = ORIENTED_EDGE('',*,*,#13503,.T.);
#13503 = EDGE_CURVE('',#11556,#13504,#13506,.T.);
#13504 = VERTEX_POINT('',#13505);
#13505 = CARTESIAN_POINT('',(161.,125.,5.));
#13506 = SURFACE_CURVE('',#13507,(#13512,#13519),.PCURVE_S1.);
#13507 = CIRCLE('',#13508,3.);
#13508 = AXIS2_PLACEMENT_3D('',#13509,#13510,#13511);
#13509 = CARTESIAN_POINT('',(164.,125.,5.));
#13510 = DIRECTION('',(0.,-0.,1.));
#13511 = DIRECTION('',(1.,0.,0.));
#13512 = PCURVE('',#11596,#13513);
#13513 = DEFINITIONAL_REPRESENTATION('',(#13514),#13518);
#13514 = CIRCLE('',#13515,3.);
#13515 = AXIS2_PLACEMENT_2D('',#13516,#13517);
#13516 = CARTESIAN_POINT('',(-12.,7.));
#13517 = DIRECTION('',(1.,0.));
#13518 = ( GEOMETRIC_REPRESENTATION_CONTEXT(2) 
PARAMETRIC_REPRESENTATION_CONTEXT() REPRESENTATION_CONTEXT('2D SPACE',''
  ) );
#13519 = PCURVE('',#11570,#13520);
#13520 = DEFINITIONAL_REPRESENTATION('',(#13521),#13525);
#13521 = LINE('',#13522,#13523);
#13522 = CARTESIAN_POINT('',(-0.,-5.));
#13523 = VECTOR('',#13524,1.);
#13524 = DIRECTION('',(-1.,0.));
#13525 = ( GEOMETRIC_REPRESENTATION_CONTEXT(2) 
PARAMETRIC_REPRESENTATION_CONTEXT() REPRESENTATION_CONTEXT('2D SPACE',''
  ) );
#13526 = ORIENTED_EDGE('',*,*,#13527,.T.);
#13527 = EDGE_CURVE('',#13504,#13453,#13528,.T.);
#13528 = SURFACE_CURVE('',#13529,(#13533,#13540),.PCURVE_S1.);
#13529 = LINE('',#13530,#13531);
#13530 = CARTESIAN_POINT('',(161.,128.,5.));
#13531 = VECTOR('',#13532,1.);
#13532 = DIRECTION('',(0.,-1.,0.));
#13533 = PCURVE('',#11596,#13534);
#13534 = DEFINITIONAL_REPRESENTATION('',(#13535),#13539);
#13535 = LINE('',#13536,#13537);
#13536 = CARTESIAN_POINT('',(-15.,10.));
#13537 = VECTOR('',#13538,1.);
#13538 = DIRECTION('',(0.,-1.));
#13539 = ( GEOMETRIC_REPRESENTATION_CONTEXT(2) 
PARAMETRIC_REPRESENTATION_CONTEXT() REPRESENTATION_CONTEXT('2D SPACE',''
  ) );
#13540 = PCURVE('',#13067,#13541);
#13541 = DEFINITIONAL_REPRESENTATION('',(#13542),#13546);
#13542 = LINE('',#13543,#13544);
#13543 = CARTESIAN_POINT('',(-3.,-5.));
#13544 = VECTOR('',#13545,1.);
#13545 = DIRECTION('',(1.,0.));
#13546 = ( GEOMETRIC_REPRESENTATION_CONTEXT(2) 
PARAMETRIC_REPRESENTATION_CONTEXT() REPRESENTATION_CONTEXT('2D SPACE',''
  ) );
#13547 = ADVANCED_FACE('',(#13548),#11570,.T.);
#13548 = FACE_BOUND('',#13549,.F.);
#13549 = EDGE_LOOP('',(#13550,#13551,#13552,#13573));
#13550 = ORIENTED_EDGE('',*,*,#11555,.F.);
#13551 = ORIENTED_EDGE('',*,*,#13503,.T.);
#13552 = ORIENTED_EDGE('',*,*,#13553,.F.);
#13553 = EDGE_CURVE('',#13053,#13504,#13554,.T.);
#13554 = SURFACE_CURVE('',#13555,(#13559,#13566),.PCURVE_S1.);
#13555 = LINE('',#13556,#13557);
#13556 = CARTESIAN_POINT('',(161.,125.,0.));
#13557 = VECTOR('',#13558,1.);
#13558 = DIRECTION('',(0.,0.,1.));
#13559 = PCURVE('',#11570,#13560);
#13560 = DEFINITIONAL_REPRESENTATION('',(#13561),#13565);
#13561 = LINE('',#13562,#13563);
#13562 = CARTESIAN_POINT('',(-3.14159265359,0.));
#13563 = VECTOR('',#13564,1.);
#13564 = DIRECTION('',(-0.,-1.));
#13565 = ( GEOMETRIC_REPRESENTATION_CONTEXT(2) 
PARAMETRIC_REPRESENTATION_CONTEXT() REPRESENTATION_CONTEXT('2D SPACE',''
  ) );
#13566 = PCURVE('',#13067,#13567);
#13567 = DEFINITIONAL_REPRESENTATION('',(#13568),#13572);
#13568 = LINE('',#13569,#13570);
#13569 = CARTESIAN_POINT('',(0.,0.));
#13570 = VECTOR('',#13571,1.);
#13571 = DIRECTION('',(0.,-1.));
#13572 = ( GEOMETRIC_REPRESENTATION_CONTEXT(2) 
PARAMETRIC_REPRESENTATION_CONTEXT() REPRESENTATION_CONTEXT('2D SPACE',''
  ) );
#13573 = ORIENTED_EDGE('',*,*,#13078,.T.);
#13574 = ADVANCED_FACE('',(#13575),#11520,.F.);
#13575 = FACE_BOUND('',#13576,.T.);
#13576 = EDGE_LOOP('',(#13577,#13578,#13579,#13600));
#13577 = ORIENTED_EDGE('',*,*,#11504,.T.);
#13578 = ORIENTED_EDGE('',*,*,#12452,.T.);
#13579 = ORIENTED_EDGE('',*,*,#13580,.F.);
#13580 = EDGE_CURVE('',#13106,#12453,#13581,.T.);
#13581 = SURFACE_CURVE('',#13582,(#13586,#13593),.PCURVE_S1.);
#13582 = LINE('',#13583,#13584);
#13583 = CARTESIAN_POINT('',(150.,149.6,3.));
#13584 = VECTOR('',#13585,1.);
#13585 = DIRECTION('',(0.,0.,1.));
#13586 = PCURVE('',#11520,#13587);
#13587 = DEFINITIONAL_REPRESENTATION('',(#13588),#13592);
#13588 = LINE('',#13589,#13590);
#13589 = CARTESIAN_POINT('',(-1.570796326795,0.));
#13590 = VECTOR('',#13591,1.);
#13591 = DIRECTION('',(-0.,-1.));
#13592 = ( GEOMETRIC_REPRESENTATION_CONTEXT(2) 
PARAMETRIC_REPRESENTATION_CONTEXT() REPRESENTATION_CONTEXT('2D SPACE',''
  ) );
#13593 = PCURVE('',#12660,#13594);
#13594 = DEFINITIONAL_REPRESENTATION('',(#13595),#13599);
#13595 = LINE('',#13596,#13597);
#13596 = CARTESIAN_POINT('',(0.,-0.));
#13597 = VECTOR('',#13598,1.);
#13598 = DIRECTION('',(0.,-1.));
#13599 = ( GEOMETRIC_REPRESENTATION_CONTEXT(2) 
PARAMETRIC_REPRESENTATION_CONTEXT() REPRESENTATION_CONTEXT('2D SPACE',''
  ) );
#13600 = ORIENTED_EDGE('',*,*,#13105,.F.);
#13601 = ADVANCED_FACE('',(#13602),#11470,.F.);
#13602 = FACE_BOUND('',#13603,.T.);
#13603 = EDGE_LOOP('',(#13604,#13625,#13626,#13627));
#13604 = ORIENTED_EDGE('',*,*,#13605,.T.);
#13605 = EDGE_CURVE('',#12979,#11641,#13606,.T.);
#13606 = SURFACE_CURVE('',#13607,(#13611,#13618),.PCURVE_S1.);
#13607 = LINE('',#13608,#13609);
#13608 = CARTESIAN_POINT('',(150.,2.4,3.));
#13609 = VECTOR('',#13610,1.);
#13610 = DIRECTION('',(0.,0.,1.));
#13611 = PCURVE('',#11470,#13612);
#13612 = DEFINITIONAL_REPRESENTATION('',(#13613),#13617);
#13613 = LINE('',#13614,#13615);
#13614 = CARTESIAN_POINT('',(-4.712388980385,0.));
#13615 = VECTOR('',#13616,1.);
#13616 = DIRECTION('',(-0.,-1.));
#13617 = ( GEOMETRIC_REPRESENTATION_CONTEXT(2) 
PARAMETRIC_REPRESENTATION_CONTEXT() REPRESENTATION_CONTEXT('2D SPACE',''
  ) );
#13618 = PCURVE('',#12759,#13619);
#13619 = DEFINITIONAL_REPRESENTATION('',(#13620),#13624);
#13620 = LINE('',#13621,#13622);
#13621 = CARTESIAN_POINT('',(136.,0.));
#13622 = VECTOR('',#13623,1.);
#13623 = DIRECTION('',(0.,-1.));
#13624 = ( GEOMETRIC_REPRESENTATION_CONTEXT(2) 
PARAMETRIC_REPRESENTATION_CONTEXT() REPRESENTATION_CONTEXT('2D SPACE',''
  ) );
#13625 = ORIENTED_EDGE('',*,*,#11640,.T.);
#13626 = ORIENTED_EDGE('',*,*,#11454,.F.);
#13627 = ORIENTED_EDGE('',*,*,#13001,.F.);
#13628 = ADVANCED_FACE('',(#13629),#11702,.F.);
#13629 = FACE_BOUND('',#13630,.T.);
#13630 = EDGE_LOOP('',(#13631,#13632,#13660,#13688));
#13631 = ORIENTED_EDGE('',*,*,#11685,.F.);
#13632 = ORIENTED_EDGE('',*,*,#13633,.T.);
#13633 = EDGE_CURVE('',#11686,#13634,#13636,.T.);
#13634 = VERTEX_POINT('',#13635);
#13635 = CARTESIAN_POINT('',(132.,14.,42.));
#13636 = SURFACE_CURVE('',#13637,(#13641,#13648),.PCURVE_S1.);
#13637 = LINE('',#13638,#13639);
#13638 = CARTESIAN_POINT('',(132.,14.,40.));
#13639 = VECTOR('',#13640,1.);
#13640 = DIRECTION('',(0.,0.,1.));
#13641 = PCURVE('',#11702,#13642);
#13642 = DEFINITIONAL_REPRESENTATION('',(#13643),#13647);
#13643 = LINE('',#13644,#13645);
#13644 = CARTESIAN_POINT('',(-4.712388980385,0.));
#13645 = VECTOR('',#13646,1.);
#13646 = DIRECTION('',(-0.,-1.));
#13647 = ( GEOMETRIC_REPRESENTATION_CONTEXT(2) 
PARAMETRIC_REPRESENTATION_CONTEXT() REPRESENTATION_CONTEXT('2D SPACE',''
  ) );
#13648 = PCURVE('',#13649,#13654);
#13649 = PLANE('',#13650);
#13650 = AXIS2_PLACEMENT_3D('',#13651,#13652,#13653);
#13651 = CARTESIAN_POINT('',(32.,14.,40.));
#13652 = DIRECTION('',(0.,1.,0.));
#13653 = DIRECTION('',(1.,0.,0.));
#13654 = DEFINITIONAL_REPRESENTATION('',(#13655),#13659);
#13655 = LINE('',#13656,#13657);
#13656 = CARTESIAN_POINT('',(100.,0.));
#13657 = VECTOR('',#13658,1.);
#13658 = DIRECTION('',(0.,-1.));
#13659 = ( GEOMETRIC_REPRESENTATION_CONTEXT(2) 
PARAMETRIC_REPRESENTATION_CONTEXT() REPRESENTATION_CONTEXT('2D SPACE',''
  ) );
#13660 = ORIENTED_EDGE('',*,*,#13661,.F.);
#13661 = EDGE_CURVE('',#13662,#13634,#13664,.T.);
#13662 = VERTEX_POINT('',#13663);
#13663 = CARTESIAN_POINT('',(150.,32.,42.));
#13664 = SURFACE_CURVE('',#13665,(#13670,#13677),.PCURVE_S1.);
#13665 = CIRCLE('',#13666,18.);
#13666 = AXIS2_PLACEMENT_3D('',#13667,#13668,#13669);
#13667 = CARTESIAN_POINT('',(132.,32.,42.));
#13668 = DIRECTION('',(0.,0.,-1.));
#13669 = DIRECTION('',(1.,0.,0.));
#13670 = PCURVE('',#11702,#13671);
#13671 = DEFINITIONAL_REPRESENTATION('',(#13672),#13676);
#13672 = LINE('',#13673,#13674);
#13673 = CARTESIAN_POINT('',(-6.28318530718,-2.));
#13674 = VECTOR('',#13675,1.);
#13675 = DIRECTION('',(1.,-0.));
#13676 = ( GEOMETRIC_REPRESENTATION_CONTEXT(2) 
PARAMETRIC_REPRESENTATION_CONTEXT() REPRESENTATION_CONTEXT('2D SPACE',''
  ) );
#13677 = PCURVE('',#11806,#13678);
#13678 = DEFINITIONAL_REPRESENTATION('',(#13679),#13687);
#13679 = ( BOUNDED_CURVE() B_SPLINE_CURVE(2,(#13680,#13681,#13682,#13683
    ,#13684,#13685,#13686),.UNSPECIFIED.,.T.,.F.) 
B_SPLINE_CURVE_WITH_KNOTS((1,2,2,2,2,1),(-2.094395102393,0.,
    2.094395102393,4.188790204786,6.28318530718,8.377580409573),
.UNSPECIFIED.) CURVE() GEOMETRIC_REPRESENTATION_ITEM() 
RATIONAL_B_SPLINE_CURVE((1.,0.5,1.,0.5,1.,0.5,1.)) REPRESENTATION_ITEM(
  '') );
#13680 = CARTESIAN_POINT('',(68.,-44.));
#13681 = CARTESIAN_POINT('',(68.,-75.17691453624));
#13682 = CARTESIAN_POINT('',(41.,-59.58845726812));
#13683 = CARTESIAN_POINT('',(14.,-44.));
#13684 = CARTESIAN_POINT('',(41.,-28.41154273188));
#13685 = CARTESIAN_POINT('',(68.,-12.82308546376));
#13686 = CARTESIAN_POINT('',(68.,-44.));
#13687 = ( GEOMETRIC_REPRESENTATION_CONTEXT(2) 
PARAMETRIC_REPRESENTATION_CONTEXT() REPRESENTATION_CONTEXT('2D SPACE',''
  ) );
#13688 = ORIENTED_EDGE('',*,*,#13689,.F.);
#13689 = EDGE_CURVE('',#11664,#13662,#13690,.T.);
#13690 = SURFACE_CURVE('',#13691,(#13695,#13702),.PCURVE_S1.);
#13691 = LINE('',#13692,#13693);
#13692 = CARTESIAN_POINT('',(150.,32.,40.));
#13693 = VECTOR('',#13694,1.);
#13694 = DIRECTION('',(0.,0.,1.));
#13695 = PCURVE('',#11702,#13696);
#13696 = DEFINITIONAL_REPRESENTATION('',(#13697),#13701);
#13697 = LINE('',#13698,#13699);
#13698 = CARTESIAN_POINT('',(-6.28318530718,0.));
#13699 = VECTOR('',#13700,1.);
#13700 = DIRECTION('',(-0.,-1.));
#13701 = ( GEOMETRIC_REPRESENTATION_CONTEXT(2) 
PARAMETRIC_REPRESENTATION_CONTEXT() REPRESENTATION_CONTEXT('2D SPACE',''
  ) );
#13702 = PCURVE('',#12589,#13703);
#13703 = DEFINITIONAL_REPRESENTATION('',(#13704),#13708);
#13704 = LINE('',#13705,#13706);
#13705 = CARTESIAN_POINT('',(0.,0.));
#13706 = VECTOR('',#13707,1.);
#13707 = DIRECTION('',(0.,-1.));
#13708 = ( GEOMETRIC_REPRESENTATION_CONTEXT(2) 
PARAMETRIC_REPRESENTATION_CONTEXT() REPRESENTATION_CONTEXT('2D SPACE',''
  ) );
#13709 = ADVANCED_FACE('',(#13710),#11726,.F.);
#13710 = FACE_BOUND('',#13711,.F.);
#13711 = EDGE_LOOP('',(#13712,#13732,#13733,#13753));
#13712 = ORIENTED_EDGE('',*,*,#13713,.T.);
#13713 = EDGE_CURVE('',#12156,#11641,#13714,.T.);
#13714 = SURFACE_CURVE('',#13715,(#13719,#13725),.PCURVE_S1.);
#13715 = LINE('',#13716,#13717);
#13716 = CARTESIAN_POINT('',(2.4,2.4,28.));
#13717 = VECTOR('',#13718,1.);
#13718 = DIRECTION('',(1.,0.,0.));
#13719 = PCURVE('',#11726,#13720);
#13720 = DEFINITIONAL_REPRESENTATION('',(#13721),#13724);
#13721 = B_SPLINE_CURVE_WITH_KNOTS('',1,(#13722,#13723),.UNSPECIFIED.,
  .F.,.F.,(2,2),(11.6,147.6),.PIECEWISE_BEZIER_KNOTS.);
#13722 = CARTESIAN_POINT('',(11.6,0.));
#13723 = CARTESIAN_POINT('',(147.6,0.));
#13724 = ( GEOMETRIC_REPRESENTATION_CONTEXT(2) 
PARAMETRIC_REPRESENTATION_CONTEXT() REPRESENTATION_CONTEXT('2D SPACE',''
  ) );
#13725 = PCURVE('',#12759,#13726);
#13726 = DEFINITIONAL_REPRESENTATION('',(#13727),#13731);
#13727 = LINE('',#13728,#13729);
#13728 = CARTESIAN_POINT('',(-11.6,-25.));
#13729 = VECTOR('',#13730,1.);
#13730 = DIRECTION('',(1.,0.));
#13731 = ( GEOMETRIC_REPRESENTATION_CONTEXT(2) 
PARAMETRIC_REPRESENTATION_CONTEXT() REPRESENTATION_CONTEXT('2D SPACE',''
  ) );
#13732 = ORIENTED_EDGE('',*,*,#11713,.T.);
#13733 = ORIENTED_EDGE('',*,*,#13734,.F.);
#13734 = EDGE_CURVE('',#12184,#11686,#13735,.T.);
#13735 = SURFACE_CURVE('',#13736,(#13740,#13746),.PCURVE_S1.);
#13736 = LINE('',#13737,#13738);
#13737 = CARTESIAN_POINT('',(14.,14.,40.));
#13738 = VECTOR('',#13739,1.);
#13739 = DIRECTION('',(1.,0.,0.));
#13740 = PCURVE('',#11726,#13741);
#13741 = DEFINITIONAL_REPRESENTATION('',(#13742),#13745);
#13742 = B_SPLINE_CURVE_WITH_KNOTS('',1,(#13743,#13744),.UNSPECIFIED.,
  .F.,.F.,(2,2),(18.,118.),.PIECEWISE_BEZIER_KNOTS.);
#13743 = CARTESIAN_POINT('',(11.6,1.));
#13744 = CARTESIAN_POINT('',(147.6,1.));
#13745 = ( GEOMETRIC_REPRESENTATION_CONTEXT(2) 
PARAMETRIC_REPRESENTATION_CONTEXT() REPRESENTATION_CONTEXT('2D SPACE',''
  ) );
#13746 = PCURVE('',#13649,#13747);
#13747 = DEFINITIONAL_REPRESENTATION('',(#13748),#13752);
#13748 = LINE('',#13749,#13750);
#13749 = CARTESIAN_POINT('',(-18.,0.));
#13750 = VECTOR('',#13751,1.);
#13751 = DIRECTION('',(1.,0.));
#13752 = ( GEOMETRIC_REPRESENTATION_CONTEXT(2) 
PARAMETRIC_REPRESENTATION_CONTEXT() REPRESENTATION_CONTEXT('2D SPACE',''
  ) );
#13753 = ORIENTED_EDGE('',*,*,#12183,.F.);
#13754 = ADVANCED_FACE('',(#13755,#13765),#11806,.T.);
#13755 = FACE_BOUND('',#13756,.T.);
#13756 = EDGE_LOOP('',(#13757,#13758,#13759,#13760,#13761,#13762,#13763,
    #13764));
#13757 = ORIENTED_EDGE('',*,*,#11791,.F.);
#13758 = ORIENTED_EDGE('',*,*,#11850,.F.);
#13759 = ORIENTED_EDGE('',*,*,#11897,.F.);
#13760 = ORIENTED_EDGE('',*,*,#11951,.F.);
#13761 = ORIENTED_EDGE('',*,*,#11998,.F.);
#13762 = ORIENTED_EDGE('',*,*,#12052,.F.);
#13763 = ORIENTED_EDGE('',*,*,#12099,.F.);
#13764 = ORIENTED_EDGE('',*,*,#12131,.F.);
#13765 = FACE_BOUND('',#13766,.T.);
#13766 = EDGE_LOOP('',(#13767,#13768,#13789,#13817,#13838,#13866,#13892,
    #13920));
#13767 = ORIENTED_EDGE('',*,*,#13661,.T.);
#13768 = ORIENTED_EDGE('',*,*,#13769,.T.);
#13769 = EDGE_CURVE('',#13634,#13770,#13772,.T.);
#13770 = VERTEX_POINT('',#13771);
#13771 = CARTESIAN_POINT('',(32.,14.,42.));
#13772 = SURFACE_CURVE('',#13773,(#13777,#13783),.PCURVE_S1.);
#13773 = LINE('',#13774,#13775);
#13774 = CARTESIAN_POINT('',(57.,14.,42.));
#13775 = VECTOR('',#13776,1.);
#13776 = DIRECTION('',(-1.,0.,0.));
#13777 = PCURVE('',#11806,#13778);
#13778 = DEFINITIONAL_REPRESENTATION('',(#13779),#13782);
#13779 = B_SPLINE_CURVE_WITH_KNOTS('',1,(#13780,#13781),.UNSPECIFIED.,
  .F.,.F.,(2,2),(-75.,25.),.PIECEWISE_BEZIER_KNOTS.);
#13780 = CARTESIAN_POINT('',(50.,-62.));
#13781 = CARTESIAN_POINT('',(-50.,-62.));
#13782 = ( GEOMETRIC_REPRESENTATION_CONTEXT(2) 
PARAMETRIC_REPRESENTATION_CONTEXT() REPRESENTATION_CONTEXT('2D SPACE',''
  ) );
#13783 = PCURVE('',#13649,#13784);
#13784 = DEFINITIONAL_REPRESENTATION('',(#13785),#13788);
#13785 = B_SPLINE_CURVE_WITH_KNOTS('',1,(#13786,#13787),.UNSPECIFIED.,
  .F.,.F.,(2,2),(-75.,25.),.PIECEWISE_BEZIER_KNOTS.);
#13786 = CARTESIAN_POINT('',(100.,-2.));
#13787 = CARTESIAN_POINT('',(0.,-2.));
#13788 = ( GEOMETRIC_REPRESENTATION_CONTEXT(2) 
PARAMETRIC_REPRESENTATION_CONTEXT() REPRESENTATION_CONTEXT('2D SPACE',''
  ) );
#13789 = ORIENTED_EDGE('',*,*,#13790,.T.);
#13790 = EDGE_CURVE('',#13770,#13791,#13793,.T.);
#13791 = VERTEX_POINT('',#13792);
#13792 = CARTESIAN_POINT('',(14.,32.,42.));
#13793 = SURFACE_CURVE('',#13794,(#13799,#13810),.PCURVE_S1.);
#13794 = CIRCLE('',#13795,18.);
#13795 = AXIS2_PLACEMENT_3D('',#13796,#13797,#13798);
#13796 = CARTESIAN_POINT('',(32.,32.,42.));
#13797 = DIRECTION('',(0.,0.,-1.));
#13798 = DIRECTION('',(1.,0.,0.));
#13799 = PCURVE('',#11806,#13800);
#13800 = DEFINITIONAL_REPRESENTATION('',(#13801),#13809);
#13801 = ( BOUNDED_CURVE() B_SPLINE_CURVE(2,(#13802,#13803,#13804,#13805
    ,#13806,#13807,#13808),.UNSPECIFIED.,.T.,.F.) 
B_SPLINE_CURVE_WITH_KNOTS((1,2,2,2,2,1),(-2.094395102393,0.,
    2.094395102393,4.188790204786,6.28318530718,8.377580409573),
.UNSPECIFIED.) CURVE() GEOMETRIC_REPRESENTATION_ITEM() 
RATIONAL_B_SPLINE_CURVE((1.,0.5,1.,0.5,1.,0.5,1.)) REPRESENTATION_ITEM(
  '') );
#13802 = CARTESIAN_POINT('',(-32.,-44.));
#13803 = CARTESIAN_POINT('',(-32.,-75.17691453624));
#13804 = CARTESIAN_POINT('',(-59.,-59.58845726812));
#13805 = CARTESIAN_POINT('',(-86.,-44.));
#13806 = CARTESIAN_POINT('',(-59.,-28.41154273188));
#13807 = CARTESIAN_POINT('',(-32.,-12.82308546376));
#13808 = CARTESIAN_POINT('',(-32.,-44.));
#13809 = ( GEOMETRIC_REPRESENTATION_CONTEXT(2) 
PARAMETRIC_REPRESENTATION_CONTEXT() REPRESENTATION_CONTEXT('2D SPACE',''
  ) );
#13810 = PCURVE('',#12222,#13811);
#13811 = DEFINITIONAL_REPRESENTATION('',(#13812),#13816);
#13812 = LINE('',#13813,#13814);
#13813 = CARTESIAN_POINT('',(-6.28318530718,-2.));
#13814 = VECTOR('',#13815,1.);
#13815 = DIRECTION('',(1.,-0.));
#13816 = ( GEOMETRIC_REPRESENTATION_CONTEXT(2) 
PARAMETRIC_REPRESENTATION_CONTEXT() REPRESENTATION_CONTEXT('2D SPACE',''
  ) );
#13817 = ORIENTED_EDGE('',*,*,#13818,.T.);
#13818 = EDGE_CURVE('',#13791,#13819,#13821,.T.);
#13819 = VERTEX_POINT('',#13820);
#13820 = CARTESIAN_POINT('',(14.,120.,42.));
#13821 = SURFACE_CURVE('',#13822,(#13826,#13832),.PCURVE_S1.);
#13822 = LINE('',#13823,#13824);
#13823 = CARTESIAN_POINT('',(14.,98.,42.));
#13824 = VECTOR('',#13825,1.);
#13825 = DIRECTION('',(-0.,1.,0.));
#13826 = PCURVE('',#11806,#13827);
#13827 = DEFINITIONAL_REPRESENTATION('',(#13828),#13831);
#13828 = B_SPLINE_CURVE_WITH_KNOTS('',1,(#13829,#13830),.UNSPECIFIED.,
  .F.,.F.,(2,2),(-66.,22.),.PIECEWISE_BEZIER_KNOTS.);
#13829 = CARTESIAN_POINT('',(-68.,-44.));
#13830 = CARTESIAN_POINT('',(-68.,44.));
#13831 = ( GEOMETRIC_REPRESENTATION_CONTEXT(2) 
PARAMETRIC_REPRESENTATION_CONTEXT() REPRESENTATION_CONTEXT('2D SPACE',''
  ) );
#13832 = PCURVE('',#12431,#13833);
#13833 = DEFINITIONAL_REPRESENTATION('',(#13834),#13837);
#13834 = B_SPLINE_CURVE_WITH_KNOTS('',1,(#13835,#13836),.UNSPECIFIED.,
  .F.,.F.,(2,2),(-66.,22.),.PIECEWISE_BEZIER_KNOTS.);
#13835 = CARTESIAN_POINT('',(88.,-2.));
#13836 = CARTESIAN_POINT('',(0.,-2.));
#13837 = ( GEOMETRIC_REPRESENTATION_CONTEXT(2) 
PARAMETRIC_REPRESENTATION_CONTEXT() REPRESENTATION_CONTEXT('2D SPACE',''
  ) );
#13838 = ORIENTED_EDGE('',*,*,#13839,.T.);
#13839 = EDGE_CURVE('',#13819,#13840,#13842,.T.);
#13840 = VERTEX_POINT('',#13841);
#13841 = CARTESIAN_POINT('',(32.,138.,42.));
#13842 = SURFACE_CURVE('',#13843,(#13848,#13859),.PCURVE_S1.);
#13843 = CIRCLE('',#13844,18.);
#13844 = AXIS2_PLACEMENT_3D('',#13845,#13846,#13847);
#13845 = CARTESIAN_POINT('',(32.,120.,42.));
#13846 = DIRECTION('',(0.,0.,-1.));
#13847 = DIRECTION('',(1.,0.,0.));
#13848 = PCURVE('',#11806,#13849);
#13849 = DEFINITIONAL_REPRESENTATION('',(#13850),#13858);
#13850 = ( BOUNDED_CURVE() B_SPLINE_CURVE(2,(#13851,#13852,#13853,#13854
    ,#13855,#13856,#13857),.UNSPECIFIED.,.T.,.F.) 
B_SPLINE_CURVE_WITH_KNOTS((1,2,2,2,2,1),(-2.094395102393,0.,
    2.094395102393,4.188790204786,6.28318530718,8.377580409573),
.UNSPECIFIED.) CURVE() GEOMETRIC_REPRESENTATION_ITEM() 
RATIONAL_B_SPLINE_CURVE((1.,0.5,1.,0.5,1.,0.5,1.)) REPRESENTATION_ITEM(
  '') );
#13851 = CARTESIAN_POINT('',(-32.,44.));
#13852 = CARTESIAN_POINT('',(-32.,12.82308546376));
#13853 = CARTESIAN_POINT('',(-59.,28.41154273188));
#13854 = CARTESIAN_POINT('',(-86.,44.));
#13855 = CARTESIAN_POINT('',(-59.,59.58845726812));
#13856 = CARTESIAN_POINT('',(-32.,75.17691453624));
#13857 = CARTESIAN_POINT('',(-32.,44.));
#13858 = ( GEOMETRIC_REPRESENTATION_CONTEXT(2) 
PARAMETRIC_REPRESENTATION_CONTEXT() REPRESENTATION_CONTEXT('2D SPACE',''
  ) );
#13859 = PCURVE('',#12328,#13860);
#13860 = DEFINITIONAL_REPRESENTATION('',(#13861),#13865);
#13861 = LINE('',#13862,#13863);
#13862 = CARTESIAN_POINT('',(-6.28318530718,-2.));
#13863 = VECTOR('',#13864,1.);
#13864 = DIRECTION('',(1.,-0.));
#13865 = ( GEOMETRIC_REPRESENTATION_CONTEXT(2) 
PARAMETRIC_REPRESENTATION_CONTEXT() REPRESENTATION_CONTEXT('2D SPACE',''
  ) );
#13866 = ORIENTED_EDGE('',*,*,#13867,.T.);
#13867 = EDGE_CURVE('',#13840,#13868,#13870,.T.);
#13868 = VERTEX_POINT('',#13869);
#13869 = CARTESIAN_POINT('',(132.,138.,42.));
#13870 = SURFACE_CURVE('',#13871,(#13875,#13881),.PCURVE_S1.);
#13871 = LINE('',#13872,#13873);
#13872 = CARTESIAN_POINT('',(107.,138.,42.));
#13873 = VECTOR('',#13874,1.);
#13874 = DIRECTION('',(1.,0.,-0.));
#13875 = PCURVE('',#11806,#13876);
#13876 = DEFINITIONAL_REPRESENTATION('',(#13877),#13880);
#13877 = B_SPLINE_CURVE_WITH_KNOTS('',1,(#13878,#13879),.UNSPECIFIED.,
  .F.,.F.,(2,2),(-75.,25.),.PIECEWISE_BEZIER_KNOTS.);
#13878 = CARTESIAN_POINT('',(-50.,62.));
#13879 = CARTESIAN_POINT('',(50.,62.));
#13880 = ( GEOMETRIC_REPRESENTATION_CONTEXT(2) 
PARAMETRIC_REPRESENTATION_CONTEXT() REPRESENTATION_CONTEXT('2D SPACE',''
  ) );
#13881 = PCURVE('',#13882,#13887);
#13882 = PLANE('',#13883);
#13883 = AXIS2_PLACEMENT_3D('',#13884,#13885,#13886);
#13884 = CARTESIAN_POINT('',(132.,138.,40.));
#13885 = DIRECTION('',(0.,-1.,0.));
#13886 = DIRECTION('',(-1.,0.,0.));
#13887 = DEFINITIONAL_REPRESENTATION('',(#13888),#13891);
#13888 = B_SPLINE_CURVE_WITH_KNOTS('',1,(#13889,#13890),.UNSPECIFIED.,
  .F.,.F.,(2,2),(-75.,25.),.PIECEWISE_BEZIER_KNOTS.);
#13889 = CARTESIAN_POINT('',(100.,-2.));
#13890 = CARTESIAN_POINT('',(0.,-2.));
#13891 = ( GEOMETRIC_REPRESENTATION_CONTEXT(2) 
PARAMETRIC_REPRESENTATION_CONTEXT() REPRESENTATION_CONTEXT('2D SPACE',''
  ) );
#13892 = ORIENTED_EDGE('',*,*,#13893,.T.);
#13893 = EDGE_CURVE('',#13868,#13894,#13896,.T.);
#13894 = VERTEX_POINT('',#13895);
#13895 = CARTESIAN_POINT('',(150.,120.,42.));
#13896 = SURFACE_CURVE('',#13897,(#13902,#13913),.PCURVE_S1.);
#13897 = CIRCLE('',#13898,18.);
#13898 = AXIS2_PLACEMENT_3D('',#13899,#13900,#13901);
#13899 = CARTESIAN_POINT('',(132.,120.,42.));
#13900 = DIRECTION('',(0.,0.,-1.));
#13901 = DIRECTION('',(1.,0.,0.));
#13902 = PCURVE('',#11806,#13903);
#13903 = DEFINITIONAL_REPRESENTATION('',(#13904),#13912);
#13904 = ( BOUNDED_CURVE() B_SPLINE_CURVE(2,(#13905,#13906,#13907,#13908
    ,#13909,#13910,#13911),.UNSPECIFIED.,.T.,.F.) 
B_SPLINE_CURVE_WITH_KNOTS((1,2,2,2,2,1),(-2.094395102393,0.,
    2.094395102393,4.188790204786,6.28318530718,8.377580409573),
.UNSPECIFIED.) CURVE() GEOMETRIC_REPRESENTATION_ITEM() 
RATIONAL_B_SPLINE_CURVE((1.,0.5,1.,0.5,1.,0.5,1.)) REPRESENTATION_ITEM(
  '') );
#13905 = CARTESIAN_POINT('',(68.,44.));
#13906 = CARTESIAN_POINT('',(68.,12.82308546376));
#13907 = CARTESIAN_POINT('',(41.,28.41154273188));
#13908 = CARTESIAN_POINT('',(14.,44.));
#13909 = CARTESIAN_POINT('',(41.,59.58845726812));
#13910 = CARTESIAN_POINT('',(68.,75.17691453624));
#13911 = CARTESIAN_POINT('',(68.,44.));
#13912 = ( GEOMETRIC_REPRESENTATION_CONTEXT(2) 
PARAMETRIC_REPRESENTATION_CONTEXT() REPRESENTATION_CONTEXT('2D SPACE',''
  ) );
#13913 = PCURVE('',#12514,#13914);
#13914 = DEFINITIONAL_REPRESENTATION('',(#13915),#13919);
#13915 = LINE('',#13916,#13917);
#13916 = CARTESIAN_POINT('',(-6.28318530718,-2.));
#13917 = VECTOR('',#13918,1.);
#13918 = DIRECTION('',(1.,-0.));
#13919 = ( GEOMETRIC_REPRESENTATION_CONTEXT(2) 
PARAMETRIC_REPRESENTATION_CONTEXT() REPRESENTATION_CONTEXT('2D SPACE',''
  ) );
#13920 = ORIENTED_EDGE('',*,*,#13921,.T.);
#13921 = EDGE_CURVE('',#13894,#13662,#13922,.T.);
#13922 = SURFACE_CURVE('',#13923,(#13927,#13933),.PCURVE_S1.);
#13923 = LINE('',#13924,#13925);
#13924 = CARTESIAN_POINT('',(150.,54.,42.));
#13925 = VECTOR('',#13926,1.);
#13926 = DIRECTION('',(0.,-1.,0.));
#13927 = PCURVE('',#11806,#13928);
#13928 = DEFINITIONAL_REPRESENTATION('',(#13929),#13932);
#13929 = B_SPLINE_CURVE_WITH_KNOTS('',1,(#13930,#13931),.UNSPECIFIED.,
  .F.,.F.,(2,2),(-66.,22.),.PIECEWISE_BEZIER_KNOTS.);
#13930 = CARTESIAN_POINT('',(68.,44.));
#13931 = CARTESIAN_POINT('',(68.,-44.));
#13932 = ( GEOMETRIC_REPRESENTATION_CONTEXT(2) 
PARAMETRIC_REPRESENTATION_CONTEXT() REPRESENTATION_CONTEXT('2D SPACE',''
  ) );
#13933 = PCURVE('',#12589,#13934);
#13934 = DEFINITIONAL_REPRESENTATION('',(#13935),#13938);
#13935 = B_SPLINE_CURVE_WITH_KNOTS('',1,(#13936,#13937),.UNSPECIFIED.,
  .F.,.F.,(2,2),(-66.,22.),.PIECEWISE_BEZIER_KNOTS.);
#13936 = CARTESIAN_POINT('',(88.,-2.));
#13937 = CARTESIAN_POINT('',(0.,-2.));
#13938 = ( GEOMETRIC_REPRESENTATION_CONTEXT(2) 
PARAMETRIC_REPRESENTATION_CONTEXT() REPRESENTATION_CONTEXT('2D SPACE',''
  ) );
#13939 = ADVANCED_FACE('',(#13940),#12171,.F.);
#13940 = FACE_BOUND('',#13941,.T.);
#13941 = EDGE_LOOP('',(#13942,#13963,#13964,#13985));
#13942 = ORIENTED_EDGE('',*,*,#13943,.T.);
#13943 = EDGE_CURVE('',#12697,#12154,#13944,.T.);
#13944 = SURFACE_CURVE('',#13945,(#13949,#13956),.PCURVE_S1.);
#13945 = LINE('',#13946,#13947);
#13946 = CARTESIAN_POINT('',(2.4,14.,3.));
#13947 = VECTOR('',#13948,1.);
#13948 = DIRECTION('',(0.,0.,1.));
#13949 = PCURVE('',#12171,#13950);
#13950 = DEFINITIONAL_REPRESENTATION('',(#13951),#13955);
#13951 = LINE('',#13952,#13953);
#13952 = CARTESIAN_POINT('',(-3.14159265359,0.));
#13953 = VECTOR('',#13954,1.);
#13954 = DIRECTION('',(-0.,-1.));
#13955 = ( GEOMETRIC_REPRESENTATION_CONTEXT(2) 
PARAMETRIC_REPRESENTATION_CONTEXT() REPRESENTATION_CONTEXT('2D SPACE',''
  ) );
#13956 = PCURVE('',#12405,#13957);
#13957 = DEFINITIONAL_REPRESENTATION('',(#13958),#13962);
#13958 = LINE('',#13959,#13960);
#13959 = CARTESIAN_POINT('',(124.,0.));
#13960 = VECTOR('',#13961,1.);
#13961 = DIRECTION('',(0.,-1.));
#13962 = ( GEOMETRIC_REPRESENTATION_CONTEXT(2) 
PARAMETRIC_REPRESENTATION_CONTEXT() REPRESENTATION_CONTEXT('2D SPACE',''
  ) );
#13963 = ORIENTED_EDGE('',*,*,#12153,.T.);
#13964 = ORIENTED_EDGE('',*,*,#13965,.F.);
#13965 = EDGE_CURVE('',#12720,#12156,#13966,.T.);
#13966 = SURFACE_CURVE('',#13967,(#13971,#13978),.PCURVE_S1.);
#13967 = LINE('',#13968,#13969);
#13968 = CARTESIAN_POINT('',(14.,2.4,3.));
#13969 = VECTOR('',#13970,1.);
#13970 = DIRECTION('',(0.,0.,1.));
#13971 = PCURVE('',#12171,#13972);
#13972 = DEFINITIONAL_REPRESENTATION('',(#13973),#13977);
#13973 = LINE('',#13974,#13975);
#13974 = CARTESIAN_POINT('',(-4.712388980385,0.));
#13975 = VECTOR('',#13976,1.);
#13976 = DIRECTION('',(-0.,-1.));
#13977 = ( GEOMETRIC_REPRESENTATION_CONTEXT(2) 
PARAMETRIC_REPRESENTATION_CONTEXT() REPRESENTATION_CONTEXT('2D SPACE',''
  ) );
#13978 = PCURVE('',#12759,#13979);
#13979 = DEFINITIONAL_REPRESENTATION('',(#13980),#13984);
#13980 = LINE('',#13981,#13982);
#13981 = CARTESIAN_POINT('',(0.,0.));
#13982 = VECTOR('',#13983,1.);
#13983 = DIRECTION('',(0.,-1.));
#13984 = ( GEOMETRIC_REPRESENTATION_CONTEXT(2) 
PARAMETRIC_REPRESENTATION_CONTEXT() REPRESENTATION_CONTEXT('2D SPACE',''
  ) );
#13985 = ORIENTED_EDGE('',*,*,#12719,.F.);
#13986 = ADVANCED_FACE('',(#13987),#12222,.F.);
#13987 = FACE_BOUND('',#13988,.T.);
#13988 = EDGE_LOOP('',(#13989,#13990,#14011,#14012));
#13989 = ORIENTED_EDGE('',*,*,#12205,.F.);
#13990 = ORIENTED_EDGE('',*,*,#13991,.T.);
#13991 = EDGE_CURVE('',#12206,#13791,#13992,.T.);
#13992 = SURFACE_CURVE('',#13993,(#13997,#14004),.PCURVE_S1.);
#13993 = LINE('',#13994,#13995);
#13994 = CARTESIAN_POINT('',(14.,32.,40.));
#13995 = VECTOR('',#13996,1.);
#13996 = DIRECTION('',(0.,0.,1.));
#13997 = PCURVE('',#12222,#13998);
#13998 = DEFINITIONAL_REPRESENTATION('',(#13999),#14003);
#13999 = LINE('',#14000,#14001);
#14000 = CARTESIAN_POINT('',(-3.14159265359,0.));
#14001 = VECTOR('',#14002,1.);
#14002 = DIRECTION('',(-0.,-1.));
#14003 = ( GEOMETRIC_REPRESENTATION_CONTEXT(2) 
PARAMETRIC_REPRESENTATION_CONTEXT() REPRESENTATION_CONTEXT('2D SPACE',''
  ) );
#14004 = PCURVE('',#12431,#14005);
#14005 = DEFINITIONAL_REPRESENTATION('',(#14006),#14010);
#14006 = LINE('',#14007,#14008);
#14007 = CARTESIAN_POINT('',(88.,0.));
#14008 = VECTOR('',#14009,1.);
#14009 = DIRECTION('',(0.,-1.));
#14010 = ( GEOMETRIC_REPRESENTATION_CONTEXT(2) 
PARAMETRIC_REPRESENTATION_CONTEXT() REPRESENTATION_CONTEXT('2D SPACE',''
  ) );
#14011 = ORIENTED_EDGE('',*,*,#13790,.F.);
#14012 = ORIENTED_EDGE('',*,*,#14013,.F.);
#14013 = EDGE_CURVE('',#12184,#13770,#14014,.T.);
#14014 = SURFACE_CURVE('',#14015,(#14019,#14026),.PCURVE_S1.);
#14015 = LINE('',#14016,#14017);
#14016 = CARTESIAN_POINT('',(32.,14.,40.));
#14017 = VECTOR('',#14018,1.);
#14018 = DIRECTION('',(0.,0.,1.));
#14019 = PCURVE('',#12222,#14020);
#14020 = DEFINITIONAL_REPRESENTATION('',(#14021),#14025);
#14021 = LINE('',#14022,#14023);
#14022 = CARTESIAN_POINT('',(-4.712388980385,0.));
#14023 = VECTOR('',#14024,1.);
#14024 = DIRECTION('',(-0.,-1.));
#14025 = ( GEOMETRIC_REPRESENTATION_CONTEXT(2) 
PARAMETRIC_REPRESENTATION_CONTEXT() REPRESENTATION_CONTEXT('2D SPACE',''
  ) );
#14026 = PCURVE('',#13649,#14027);
#14027 = DEFINITIONAL_REPRESENTATION('',(#14028),#14032);
#14028 = LINE('',#14029,#14030);
#14029 = CARTESIAN_POINT('',(0.,0.));
#14030 = VECTOR('',#14031,1.);
#14031 = DIRECTION('',(0.,-1.));
#14032 = ( GEOMETRIC_REPRESENTATION_CONTEXT(2) 
PARAMETRIC_REPRESENTATION_CONTEXT() REPRESENTATION_CONTEXT('2D SPACE',''
  ) );
#14033 = ADVANCED_FACE('',(#14034),#12277,.F.);
#14034 = FACE_BOUND('',#14035,.T.);
#14035 = EDGE_LOOP('',(#14036,#14057,#14058,#14079));
#14036 = ORIENTED_EDGE('',*,*,#14037,.T.);
#14037 = EDGE_CURVE('',#12645,#12260,#14038,.T.);
#14038 = SURFACE_CURVE('',#14039,(#14043,#14050),.PCURVE_S1.);
#14039 = LINE('',#14040,#14041);
#14040 = CARTESIAN_POINT('',(14.,149.6,3.));
#14041 = VECTOR('',#14042,1.);
#14042 = DIRECTION('',(0.,0.,1.));
#14043 = PCURVE('',#12277,#14044);
#14044 = DEFINITIONAL_REPRESENTATION('',(#14045),#14049);
#14045 = LINE('',#14046,#14047);
#14046 = CARTESIAN_POINT('',(-1.570796326795,0.));
#14047 = VECTOR('',#14048,1.);
#14048 = DIRECTION('',(-0.,-1.));
#14049 = ( GEOMETRIC_REPRESENTATION_CONTEXT(2) 
PARAMETRIC_REPRESENTATION_CONTEXT() REPRESENTATION_CONTEXT('2D SPACE',''
  ) );
#14050 = PCURVE('',#12660,#14051);
#14051 = DEFINITIONAL_REPRESENTATION('',(#14052),#14056);
#14052 = LINE('',#14053,#14054);
#14053 = CARTESIAN_POINT('',(136.,0.));
#14054 = VECTOR('',#14055,1.);
#14055 = DIRECTION('',(0.,-1.));
#14056 = ( GEOMETRIC_REPRESENTATION_CONTEXT(2) 
PARAMETRIC_REPRESENTATION_CONTEXT() REPRESENTATION_CONTEXT('2D SPACE',''
  ) );
#14057 = ORIENTED_EDGE('',*,*,#12259,.T.);
#14058 = ORIENTED_EDGE('',*,*,#14059,.F.);
#14059 = EDGE_CURVE('',#12673,#12262,#14060,.T.);
#14060 = SURFACE_CURVE('',#14061,(#14065,#14072),.PCURVE_S1.);
#14061 = LINE('',#14062,#14063);
#14062 = CARTESIAN_POINT('',(2.4,138.,3.));
#14063 = VECTOR('',#14064,1.);
#14064 = DIRECTION('',(0.,0.,1.));
#14065 = PCURVE('',#12277,#14066);
#14066 = DEFINITIONAL_REPRESENTATION('',(#14067),#14071);
#14067 = LINE('',#14068,#14069);
#14068 = CARTESIAN_POINT('',(-3.14159265359,0.));
#14069 = VECTOR('',#14070,1.);
#14070 = DIRECTION('',(-0.,-1.));
#14071 = ( GEOMETRIC_REPRESENTATION_CONTEXT(2) 
PARAMETRIC_REPRESENTATION_CONTEXT() REPRESENTATION_CONTEXT('2D SPACE',''
  ) );
#14072 = PCURVE('',#12405,#14073);
#14073 = DEFINITIONAL_REPRESENTATION('',(#14074),#14078);
#14074 = LINE('',#14075,#14076);
#14075 = CARTESIAN_POINT('',(0.,0.));
#14076 = VECTOR('',#14077,1.);
#14077 = DIRECTION('',(0.,-1.));
#14078 = ( GEOMETRIC_REPRESENTATION_CONTEXT(2) 
PARAMETRIC_REPRESENTATION_CONTEXT() REPRESENTATION_CONTEXT('2D SPACE',''
  ) );
#14079 = ORIENTED_EDGE('',*,*,#12672,.F.);
#14080 = ADVANCED_FACE('',(#14081),#12328,.F.);
#14081 = FACE_BOUND('',#14082,.T.);
#14082 = EDGE_LOOP('',(#14083,#14084,#14105,#14106));
#14083 = ORIENTED_EDGE('',*,*,#12311,.F.);
#14084 = ORIENTED_EDGE('',*,*,#14085,.T.);
#14085 = EDGE_CURVE('',#12312,#13840,#14086,.T.);
#14086 = SURFACE_CURVE('',#14087,(#14091,#14098),.PCURVE_S1.);
#14087 = LINE('',#14088,#14089);
#14088 = CARTESIAN_POINT('',(32.,138.,40.));
#14089 = VECTOR('',#14090,1.);
#14090 = DIRECTION('',(0.,0.,1.));
#14091 = PCURVE('',#12328,#14092);
#14092 = DEFINITIONAL_REPRESENTATION('',(#14093),#14097);
#14093 = LINE('',#14094,#14095);
#14094 = CARTESIAN_POINT('',(-1.570796326795,0.));
#14095 = VECTOR('',#14096,1.);
#14096 = DIRECTION('',(-0.,-1.));
#14097 = ( GEOMETRIC_REPRESENTATION_CONTEXT(2) 
PARAMETRIC_REPRESENTATION_CONTEXT() REPRESENTATION_CONTEXT('2D SPACE',''
  ) );
#14098 = PCURVE('',#13882,#14099);
#14099 = DEFINITIONAL_REPRESENTATION('',(#14100),#14104);
#14100 = LINE('',#14101,#14102);
#14101 = CARTESIAN_POINT('',(100.,0.));
#14102 = VECTOR('',#14103,1.);
#14103 = DIRECTION('',(0.,-1.));
#14104 = ( GEOMETRIC_REPRESENTATION_CONTEXT(2) 
PARAMETRIC_REPRESENTATION_CONTEXT() REPRESENTATION_CONTEXT('2D SPACE',''
  ) );
#14105 = ORIENTED_EDGE('',*,*,#13839,.F.);
#14106 = ORIENTED_EDGE('',*,*,#14107,.F.);
#14107 = EDGE_CURVE('',#12290,#13819,#14108,.T.);
#14108 = SURFACE_CURVE('',#14109,(#14113,#14120),.PCURVE_S1.);
#14109 = LINE('',#14110,#14111);
#14110 = CARTESIAN_POINT('',(14.,120.,40.));
#14111 = VECTOR('',#14112,1.);
#14112 = DIRECTION('',(0.,0.,1.));
#14113 = PCURVE('',#12328,#14114);
#14114 = DEFINITIONAL_REPRESENTATION('',(#14115),#14119);
#14115 = LINE('',#14116,#14117);
#14116 = CARTESIAN_POINT('',(-3.14159265359,0.));
#14117 = VECTOR('',#14118,1.);
#14118 = DIRECTION('',(-0.,-1.));
#14119 = ( GEOMETRIC_REPRESENTATION_CONTEXT(2) 
PARAMETRIC_REPRESENTATION_CONTEXT() REPRESENTATION_CONTEXT('2D SPACE',''
  ) );
#14120 = PCURVE('',#12431,#14121);
#14121 = DEFINITIONAL_REPRESENTATION('',(#14122),#14126);
#14122 = LINE('',#14123,#14124);
#14123 = CARTESIAN_POINT('',(0.,0.));
#14124 = VECTOR('',#14125,1.);
#14125 = DIRECTION('',(0.,-1.));
#14126 = ( GEOMETRIC_REPRESENTATION_CONTEXT(2) 
PARAMETRIC_REPRESENTATION_CONTEXT() REPRESENTATION_CONTEXT('2D SPACE',''
  ) );
#14127 = ADVANCED_FACE('',(#14128),#12352,.F.);
#14128 = FACE_BOUND('',#14129,.F.);
#14129 = EDGE_LOOP('',(#14130,#14150,#14151,#14171));
#14130 = ORIENTED_EDGE('',*,*,#14131,.T.);
#14131 = EDGE_CURVE('',#12453,#12260,#14132,.T.);
#14132 = SURFACE_CURVE('',#14133,(#14137,#14143),.PCURVE_S1.);
#14133 = LINE('',#14134,#14135);
#14134 = CARTESIAN_POINT('',(161.6,149.6,28.));
#14135 = VECTOR('',#14136,1.);
#14136 = DIRECTION('',(-1.,0.,0.));
#14137 = PCURVE('',#12352,#14138);
#14138 = DEFINITIONAL_REPRESENTATION('',(#14139),#14142);
#14139 = B_SPLINE_CURVE_WITH_KNOTS('',1,(#14140,#14141),.UNSPECIFIED.,
  .F.,.F.,(2,2),(11.6,147.6),.PIECEWISE_BEZIER_KNOTS.);
#14140 = CARTESIAN_POINT('',(11.6,0.));
#14141 = CARTESIAN_POINT('',(147.6,0.));
#14142 = ( GEOMETRIC_REPRESENTATION_CONTEXT(2) 
PARAMETRIC_REPRESENTATION_CONTEXT() REPRESENTATION_CONTEXT('2D SPACE',''
  ) );
#14143 = PCURVE('',#12660,#14144);
#14144 = DEFINITIONAL_REPRESENTATION('',(#14145),#14149);
#14145 = LINE('',#14146,#14147);
#14146 = CARTESIAN_POINT('',(-11.6,-25.));
#14147 = VECTOR('',#14148,1.);
#14148 = DIRECTION('',(1.,0.));
#14149 = ( GEOMETRIC_REPRESENTATION_CONTEXT(2) 
PARAMETRIC_REPRESENTATION_CONTEXT() REPRESENTATION_CONTEXT('2D SPACE',''
  ) );
#14150 = ORIENTED_EDGE('',*,*,#12339,.T.);
#14151 = ORIENTED_EDGE('',*,*,#14152,.F.);
#14152 = EDGE_CURVE('',#12476,#12312,#14153,.T.);
#14153 = SURFACE_CURVE('',#14154,(#14158,#14164),.PCURVE_S1.);
#14154 = LINE('',#14155,#14156);
#14155 = CARTESIAN_POINT('',(150.,138.,40.));
#14156 = VECTOR('',#14157,1.);
#14157 = DIRECTION('',(-1.,0.,0.));
#14158 = PCURVE('',#12352,#14159);
#14159 = DEFINITIONAL_REPRESENTATION('',(#14160),#14163);
#14160 = B_SPLINE_CURVE_WITH_KNOTS('',1,(#14161,#14162),.UNSPECIFIED.,
  .F.,.F.,(2,2),(18.,118.),.PIECEWISE_BEZIER_KNOTS.);
#14161 = CARTESIAN_POINT('',(11.6,1.));
#14162 = CARTESIAN_POINT('',(147.6,1.));
#14163 = ( GEOMETRIC_REPRESENTATION_CONTEXT(2) 
PARAMETRIC_REPRESENTATION_CONTEXT() REPRESENTATION_CONTEXT('2D SPACE',''
  ) );
#14164 = PCURVE('',#13882,#14165);
#14165 = DEFINITIONAL_REPRESENTATION('',(#14166),#14170);
#14166 = LINE('',#14167,#14168);
#14167 = CARTESIAN_POINT('',(-18.,-0.));
#14168 = VECTOR('',#14169,1.);
#14169 = DIRECTION('',(1.,0.));
#14170 = ( GEOMETRIC_REPRESENTATION_CONTEXT(2) 
PARAMETRIC_REPRESENTATION_CONTEXT() REPRESENTATION_CONTEXT('2D SPACE',''
  ) );
#14171 = ORIENTED_EDGE('',*,*,#12475,.F.);
#14172 = ADVANCED_FACE('',(#14173),#12405,.T.);
#14173 = FACE_BOUND('',#14174,.T.);
#14174 = EDGE_LOOP('',(#14175,#14176,#14177,#14178));
#14175 = ORIENTED_EDGE('',*,*,#14059,.T.);
#14176 = ORIENTED_EDGE('',*,*,#12392,.T.);
#14177 = ORIENTED_EDGE('',*,*,#13943,.F.);
#14178 = ORIENTED_EDGE('',*,*,#12696,.F.);
#14179 = ADVANCED_FACE('',(#14180),#12431,.T.);
#14180 = FACE_BOUND('',#14181,.T.);
#14181 = EDGE_LOOP('',(#14182,#14183,#14184,#14185));
#14182 = ORIENTED_EDGE('',*,*,#12418,.F.);
#14183 = ORIENTED_EDGE('',*,*,#14107,.T.);
#14184 = ORIENTED_EDGE('',*,*,#13818,.F.);
#14185 = ORIENTED_EDGE('',*,*,#13991,.F.);
#14186 = ADVANCED_FACE('',(#14187),#12514,.F.);
#14187 = FACE_BOUND('',#14188,.T.);
#14188 = EDGE_LOOP('',(#14189,#14190,#14211,#14212));
#14189 = ORIENTED_EDGE('',*,*,#12497,.F.);
#14190 = ORIENTED_EDGE('',*,*,#14191,.T.);
#14191 = EDGE_CURVE('',#12498,#13894,#14192,.T.);
#14192 = SURFACE_CURVE('',#14193,(#14197,#14204),.PCURVE_S1.);
#14193 = LINE('',#14194,#14195);
#14194 = CARTESIAN_POINT('',(150.,120.,40.));
#14195 = VECTOR('',#14196,1.);
#14196 = DIRECTION('',(0.,0.,1.));
#14197 = PCURVE('',#12514,#14198);
#14198 = DEFINITIONAL_REPRESENTATION('',(#14199),#14203);
#14199 = LINE('',#14200,#14201);
#14200 = CARTESIAN_POINT('',(-0.,0.));
#14201 = VECTOR('',#14202,1.);
#14202 = DIRECTION('',(-0.,-1.));
#14203 = ( GEOMETRIC_REPRESENTATION_CONTEXT(2) 
PARAMETRIC_REPRESENTATION_CONTEXT() REPRESENTATION_CONTEXT('2D SPACE',''
  ) );
#14204 = PCURVE('',#12589,#14205);
#14205 = DEFINITIONAL_REPRESENTATION('',(#14206),#14210);
#14206 = LINE('',#14207,#14208);
#14207 = CARTESIAN_POINT('',(88.,0.));
#14208 = VECTOR('',#14209,1.);
#14209 = DIRECTION('',(0.,-1.));
#14210 = ( GEOMETRIC_REPRESENTATION_CONTEXT(2) 
PARAMETRIC_REPRESENTATION_CONTEXT() REPRESENTATION_CONTEXT('2D SPACE',''
  ) );
#14211 = ORIENTED_EDGE('',*,*,#13893,.F.);
#14212 = ORIENTED_EDGE('',*,*,#14213,.F.);
#14213 = EDGE_CURVE('',#12476,#13868,#14214,.T.);
#14214 = SURFACE_CURVE('',#14215,(#14219,#14226),.PCURVE_S1.);
#14215 = LINE('',#14216,#14217);
#14216 = CARTESIAN_POINT('',(132.,138.,40.));
#14217 = VECTOR('',#14218,1.);
#14218 = DIRECTION('',(0.,0.,1.));
#14219 = PCURVE('',#12514,#14220);
#14220 = DEFINITIONAL_REPRESENTATION('',(#14221),#14225);
#14221 = LINE('',#14222,#14223);
#14222 = CARTESIAN_POINT('',(-1.570796326795,0.));
#14223 = VECTOR('',#14224,1.);
#14224 = DIRECTION('',(-0.,-1.));
#14225 = ( GEOMETRIC_REPRESENTATION_CONTEXT(2) 
PARAMETRIC_REPRESENTATION_CONTEXT() REPRESENTATION_CONTEXT('2D SPACE',''
  ) );
#14226 = PCURVE('',#13882,#14227);
#14227 = DEFINITIONAL_REPRESENTATION('',(#14228),#14232);
#14228 = LINE('',#14229,#14230);
#14229 = CARTESIAN_POINT('',(0.,-0.));
#14230 = VECTOR('',#14231,1.);
#14231 = DIRECTION('',(0.,-1.));
#14232 = ( GEOMETRIC_REPRESENTATION_CONTEXT(2) 
PARAMETRIC_REPRESENTATION_CONTEXT() REPRESENTATION_CONTEXT('2D SPACE',''
  ) );
#14233 = ADVANCED_FACE('',(#14234),#12589,.T.);
#14234 = FACE_BOUND('',#14235,.T.);
#14235 = EDGE_LOOP('',(#14236,#14237,#14238,#14239));
#14236 = ORIENTED_EDGE('',*,*,#12576,.F.);
#14237 = ORIENTED_EDGE('',*,*,#13689,.T.);
#14238 = ORIENTED_EDGE('',*,*,#13921,.F.);
#14239 = ORIENTED_EDGE('',*,*,#14191,.F.);
#14240 = ADVANCED_FACE('',(#14241),#12632,.T.);
#14241 = FACE_BOUND('',#14242,.F.);
#14242 = EDGE_LOOP('',(#14243,#14264,#14293,#14314));
#14243 = ORIENTED_EDGE('',*,*,#14244,.F.);
#14244 = EDGE_CURVE('',#14245,#12612,#14247,.T.);
#14245 = VERTEX_POINT('',#14246);
#14246 = CARTESIAN_POINT('',(40.346700167716,149.6,5.));
#14247 = SURFACE_CURVE('',#14248,(#14252,#14258),.PCURVE_S1.);
#14248 = LINE('',#14249,#14250);
#14249 = CARTESIAN_POINT('',(40.346700167716,149.6,0.));
#14250 = VECTOR('',#14251,1.);
#14251 = DIRECTION('',(-0.,0.,-1.));
#14252 = PCURVE('',#12632,#14253);
#14253 = DEFINITIONAL_REPRESENTATION('',(#14254),#14257);
#14254 = B_SPLINE_CURVE_WITH_KNOTS('',1,(#14255,#14256),.UNSPECIFIED.,
  .F.,.F.,(2,2),(-5.0000006,-0.5),.PIECEWISE_BEZIER_KNOTS.);
#14255 = CARTESIAN_POINT('',(-3.627110775885,-5.0000006));
#14256 = CARTESIAN_POINT('',(-3.627110775885,-0.5));
#14257 = ( GEOMETRIC_REPRESENTATION_CONTEXT(2) 
PARAMETRIC_REPRESENTATION_CONTEXT() REPRESENTATION_CONTEXT('2D SPACE',''
  ) );
#14258 = PCURVE('',#12660,#14259);
#14259 = DEFINITIONAL_REPRESENTATION('',(#14260),#14263);
#14260 = B_SPLINE_CURVE_WITH_KNOTS('',1,(#14261,#14262),.UNSPECIFIED.,
  .F.,.F.,(2,2),(-5.0000006,-0.5),.PIECEWISE_BEZIER_KNOTS.);
#14261 = CARTESIAN_POINT('',(109.65329983228,-2.0000006));
#14262 = CARTESIAN_POINT('',(109.65329983228,2.5));
#14263 = ( GEOMETRIC_REPRESENTATION_CONTEXT(2) 
PARAMETRIC_REPRESENTATION_CONTEXT() REPRESENTATION_CONTEXT('2D SPACE',''
  ) );
#14264 = ORIENTED_EDGE('',*,*,#14265,.T.);
#14265 = EDGE_CURVE('',#14245,#14266,#14268,.T.);
#14266 = VERTEX_POINT('',#14267);
#14267 = CARTESIAN_POINT('',(43.,148.,5.));
#14268 = SURFACE_CURVE('',#14269,(#14274,#14281),.PCURVE_S1.);
#14269 = CIRCLE('',#14270,3.);
#14270 = AXIS2_PLACEMENT_3D('',#14271,#14272,#14273);
#14271 = CARTESIAN_POINT('',(43.,151.,5.));
#14272 = DIRECTION('',(0.,-0.,1.));
#14273 = DIRECTION('',(1.,0.,0.));
#14274 = PCURVE('',#12632,#14275);
#14275 = DEFINITIONAL_REPRESENTATION('',(#14276),#14280);
#14276 = LINE('',#14277,#14278);
#14277 = CARTESIAN_POINT('',(-0.,-5.));
#14278 = VECTOR('',#14279,1.);
#14279 = DIRECTION('',(-1.,0.));
#14280 = ( GEOMETRIC_REPRESENTATION_CONTEXT(2) 
PARAMETRIC_REPRESENTATION_CONTEXT() REPRESENTATION_CONTEXT('2D SPACE',''
  ) );
#14281 = PCURVE('',#14282,#14287);
#14282 = PLANE('',#14283);
#14283 = AXIS2_PLACEMENT_3D('',#14284,#14285,#14286);
#14284 = CARTESIAN_POINT('',(50.,156.,5.));
#14285 = DIRECTION('',(0.,0.,1.));
#14286 = DIRECTION('',(1.,0.,-0.));
#14287 = DEFINITIONAL_REPRESENTATION('',(#14288),#14292);
#14288 = CIRCLE('',#14289,3.);
#14289 = AXIS2_PLACEMENT_2D('',#14290,#14291);
#14290 = CARTESIAN_POINT('',(-7.,-5.));
#14291 = DIRECTION('',(1.,0.));
#14292 = ( GEOMETRIC_REPRESENTATION_CONTEXT(2) 
PARAMETRIC_REPRESENTATION_CONTEXT() REPRESENTATION_CONTEXT('2D SPACE',''
  ) );
#14293 = ORIENTED_EDGE('',*,*,#14294,.F.);
#14294 = EDGE_CURVE('',#12610,#14266,#14295,.T.);
#14295 = SURFACE_CURVE('',#14296,(#14300,#14307),.PCURVE_S1.);
#14296 = LINE('',#14297,#14298);
#14297 = CARTESIAN_POINT('',(43.,148.,0.));
#14298 = VECTOR('',#14299,1.);
#14299 = DIRECTION('',(0.,0.,1.));
#14300 = PCURVE('',#12632,#14301);
#14301 = DEFINITIONAL_REPRESENTATION('',(#14302),#14306);
#14302 = LINE('',#14303,#14304);
#14303 = CARTESIAN_POINT('',(-4.712388980385,0.));
#14304 = VECTOR('',#14305,1.);
#14305 = DIRECTION('',(-0.,-1.));
#14306 = ( GEOMETRIC_REPRESENTATION_CONTEXT(2) 
PARAMETRIC_REPRESENTATION_CONTEXT() REPRESENTATION_CONTEXT('2D SPACE',''
  ) );
#14307 = PCURVE('',#13313,#14308);
#14308 = DEFINITIONAL_REPRESENTATION('',(#14309),#14313);
#14309 = LINE('',#14310,#14311);
#14310 = CARTESIAN_POINT('',(0.,0.));
#14311 = VECTOR('',#14312,1.);
#14312 = DIRECTION('',(0.,-1.));
#14313 = ( GEOMETRIC_REPRESENTATION_CONTEXT(2) 
PARAMETRIC_REPRESENTATION_CONTEXT() REPRESENTATION_CONTEXT('2D SPACE',''
  ) );
#14314 = ORIENTED_EDGE('',*,*,#12609,.T.);
#14315 = ADVANCED_FACE('',(#14316),#13313,.F.);
#14316 = FACE_BOUND('',#14317,.F.);
#14317 = EDGE_LOOP('',(#14318,#14319,#14320,#14343));
#14318 = ORIENTED_EDGE('',*,*,#13300,.T.);
#14319 = ORIENTED_EDGE('',*,*,#14294,.T.);
#14320 = ORIENTED_EDGE('',*,*,#14321,.T.);
#14321 = EDGE_CURVE('',#14266,#14322,#14324,.T.);
#14322 = VERTEX_POINT('',#14323);
#14323 = CARTESIAN_POINT('',(57.,148.,5.));
#14324 = SURFACE_CURVE('',#14325,(#14329,#14336),.PCURVE_S1.);
#14325 = LINE('',#14326,#14327);
#14326 = CARTESIAN_POINT('',(40.,148.,5.));
#14327 = VECTOR('',#14328,1.);
#14328 = DIRECTION('',(1.,0.,0.));
#14329 = PCURVE('',#13313,#14330);
#14330 = DEFINITIONAL_REPRESENTATION('',(#14331),#14335);
#14331 = LINE('',#14332,#14333);
#14332 = CARTESIAN_POINT('',(-3.,-5.));
#14333 = VECTOR('',#14334,1.);
#14334 = DIRECTION('',(1.,0.));
#14335 = ( GEOMETRIC_REPRESENTATION_CONTEXT(2) 
PARAMETRIC_REPRESENTATION_CONTEXT() REPRESENTATION_CONTEXT('2D SPACE',''
  ) );
#14336 = PCURVE('',#14282,#14337);
#14337 = DEFINITIONAL_REPRESENTATION('',(#14338),#14342);
#14338 = LINE('',#14339,#14340);
#14339 = CARTESIAN_POINT('',(-10.,-8.));
#14340 = VECTOR('',#14341,1.);
#14341 = DIRECTION('',(1.,0.));
#14342 = ( GEOMETRIC_REPRESENTATION_CONTEXT(2) 
PARAMETRIC_REPRESENTATION_CONTEXT() REPRESENTATION_CONTEXT('2D SPACE',''
  ) );
#14343 = ORIENTED_EDGE('',*,*,#14344,.F.);
#14344 = EDGE_CURVE('',#13268,#14322,#14345,.T.);
#14345 = SURFACE_CURVE('',#14346,(#14350,#14357),.PCURVE_S1.);
#14346 = LINE('',#14347,#14348);
#14347 = CARTESIAN_POINT('',(57.,148.,0.));
#14348 = VECTOR('',#14349,1.);
#14349 = DIRECTION('',(0.,0.,1.));
#14350 = PCURVE('',#13313,#14351);
#14351 = DEFINITIONAL_REPRESENTATION('',(#14352),#14356);
#14352 = LINE('',#14353,#14354);
#14353 = CARTESIAN_POINT('',(14.,0.));
#14354 = VECTOR('',#14355,1.);
#14355 = DIRECTION('',(0.,-1.));
#14356 = ( GEOMETRIC_REPRESENTATION_CONTEXT(2) 
PARAMETRIC_REPRESENTATION_CONTEXT() REPRESENTATION_CONTEXT('2D SPACE',''
  ) );
#14357 = PCURVE('',#13288,#14358);
#14358 = DEFINITIONAL_REPRESENTATION('',(#14359),#14363);
#14359 = LINE('',#14360,#14361);
#14360 = CARTESIAN_POINT('',(-4.712388980385,0.));
#14361 = VECTOR('',#14362,1.);
#14362 = DIRECTION('',(-0.,-1.));
#14363 = ( GEOMETRIC_REPRESENTATION_CONTEXT(2) 
PARAMETRIC_REPRESENTATION_CONTEXT() REPRESENTATION_CONTEXT('2D SPACE',''
  ) );
#14364 = ADVANCED_FACE('',(#14365),#13288,.T.);
#14365 = FACE_BOUND('',#14366,.F.);
#14366 = EDGE_LOOP('',(#14367,#14368,#14369,#14393));
#14367 = ORIENTED_EDGE('',*,*,#13267,.T.);
#14368 = ORIENTED_EDGE('',*,*,#14344,.T.);
#14369 = ORIENTED_EDGE('',*,*,#14370,.T.);
#14370 = EDGE_CURVE('',#14322,#14371,#14373,.T.);
#14371 = VERTEX_POINT('',#14372);
#14372 = CARTESIAN_POINT('',(59.653299832284,149.6,5.));
#14373 = SURFACE_CURVE('',#14374,(#14379,#14386),.PCURVE_S1.);
#14374 = CIRCLE('',#14375,3.);
#14375 = AXIS2_PLACEMENT_3D('',#14376,#14377,#14378);
#14376 = CARTESIAN_POINT('',(57.,151.,5.));
#14377 = DIRECTION('',(0.,-0.,1.));
#14378 = DIRECTION('',(1.,0.,0.));
#14379 = PCURVE('',#13288,#14380);
#14380 = DEFINITIONAL_REPRESENTATION('',(#14381),#14385);
#14381 = LINE('',#14382,#14383);
#14382 = CARTESIAN_POINT('',(-0.,-5.));
#14383 = VECTOR('',#14384,1.);
#14384 = DIRECTION('',(-1.,0.));
#14385 = ( GEOMETRIC_REPRESENTATION_CONTEXT(2) 
PARAMETRIC_REPRESENTATION_CONTEXT() REPRESENTATION_CONTEXT('2D SPACE',''
  ) );
#14386 = PCURVE('',#14282,#14387);
#14387 = DEFINITIONAL_REPRESENTATION('',(#14388),#14392);
#14388 = CIRCLE('',#14389,3.);
#14389 = AXIS2_PLACEMENT_2D('',#14390,#14391);
#14390 = CARTESIAN_POINT('',(7.,-5.));
#14391 = DIRECTION('',(1.,0.));
#14392 = ( GEOMETRIC_REPRESENTATION_CONTEXT(2) 
PARAMETRIC_REPRESENTATION_CONTEXT() REPRESENTATION_CONTEXT('2D SPACE',''
  ) );
#14393 = ORIENTED_EDGE('',*,*,#14394,.T.);
#14394 = EDGE_CURVE('',#14371,#13245,#14395,.T.);
#14395 = SURFACE_CURVE('',#14396,(#14400,#14406),.PCURVE_S1.);
#14396 = LINE('',#14397,#14398);
#14397 = CARTESIAN_POINT('',(59.653299832284,149.6,0.));
#14398 = VECTOR('',#14399,1.);
#14399 = DIRECTION('',(-0.,0.,-1.));
#14400 = PCURVE('',#13288,#14401);
#14401 = DEFINITIONAL_REPRESENTATION('',(#14402),#14405);
#14402 = B_SPLINE_CURVE_WITH_KNOTS('',1,(#14403,#14404),.UNSPECIFIED.,
  .F.,.F.,(2,2),(-5.0000006,-0.5),.PIECEWISE_BEZIER_KNOTS.);
#14403 = CARTESIAN_POINT('',(-5.797667184884,-5.0000006));
#14404 = CARTESIAN_POINT('',(-5.797667184884,-0.5));
#14405 = ( GEOMETRIC_REPRESENTATION_CONTEXT(2) 
PARAMETRIC_REPRESENTATION_CONTEXT() REPRESENTATION_CONTEXT('2D SPACE',''
  ) );
#14406 = PCURVE('',#12660,#14407);
#14407 = DEFINITIONAL_REPRESENTATION('',(#14408),#14411);
#14408 = B_SPLINE_CURVE_WITH_KNOTS('',1,(#14409,#14410),.UNSPECIFIED.,
  .F.,.F.,(2,2),(-5.0000006,-0.5),.PIECEWISE_BEZIER_KNOTS.);
#14409 = CARTESIAN_POINT('',(90.346700167716,-2.0000006));
#14410 = CARTESIAN_POINT('',(90.346700167716,2.5));
#14411 = ( GEOMETRIC_REPRESENTATION_CONTEXT(2) 
PARAMETRIC_REPRESENTATION_CONTEXT() REPRESENTATION_CONTEXT('2D SPACE',''
  ) );
#14412 = ADVANCED_FACE('',(#14413),#12660,.T.);
#14413 = FACE_BOUND('',#14414,.T.);
#14414 = EDGE_LOOP('',(#14415,#14416,#14417,#14418,#14419,#14420,#14421,
    #14440,#14441,#14442,#14463,#14489));
#14415 = ORIENTED_EDGE('',*,*,#13129,.F.);
#14416 = ORIENTED_EDGE('',*,*,#13580,.T.);
#14417 = ORIENTED_EDGE('',*,*,#14131,.T.);
#14418 = ORIENTED_EDGE('',*,*,#14037,.F.);
#14419 = ORIENTED_EDGE('',*,*,#12644,.F.);
#14420 = ORIENTED_EDGE('',*,*,#14244,.F.);
#14421 = ORIENTED_EDGE('',*,*,#14422,.F.);
#14422 = EDGE_CURVE('',#14371,#14245,#14423,.T.);
#14423 = SURFACE_CURVE('',#14424,(#14428,#14434),.PCURVE_S1.);
#14424 = LINE('',#14425,#14426);
#14425 = CARTESIAN_POINT('',(100.,149.6,5.));
#14426 = VECTOR('',#14427,1.);
#14427 = DIRECTION('',(-1.,0.,0.));
#14428 = PCURVE('',#12660,#14429);
#14429 = DEFINITIONAL_REPRESENTATION('',(#14430),#14433);
#14430 = B_SPLINE_CURVE_WITH_KNOTS('',1,(#14431,#14432),.UNSPECIFIED.,
  .F.,.F.,(2,2),(40.,60.),.PIECEWISE_BEZIER_KNOTS.);
#14431 = CARTESIAN_POINT('',(90.,-2.));
#14432 = CARTESIAN_POINT('',(110.,-2.));
#14433 = ( GEOMETRIC_REPRESENTATION_CONTEXT(2) 
PARAMETRIC_REPRESENTATION_CONTEXT() REPRESENTATION_CONTEXT('2D SPACE',''
  ) );
#14434 = PCURVE('',#14282,#14435);
#14435 = DEFINITIONAL_REPRESENTATION('',(#14436),#14439);
#14436 = B_SPLINE_CURVE_WITH_KNOTS('',1,(#14437,#14438),.UNSPECIFIED.,
  .F.,.F.,(2,2),(40.,60.),.PIECEWISE_BEZIER_KNOTS.);
#14437 = CARTESIAN_POINT('',(10.,-6.4));
#14438 = CARTESIAN_POINT('',(-10.,-6.4));
#14439 = ( GEOMETRIC_REPRESENTATION_CONTEXT(2) 
PARAMETRIC_REPRESENTATION_CONTEXT() REPRESENTATION_CONTEXT('2D SPACE',''
  ) );
#14440 = ORIENTED_EDGE('',*,*,#14394,.T.);
#14441 = ORIENTED_EDGE('',*,*,#13244,.F.);
#14442 = ORIENTED_EDGE('',*,*,#14443,.F.);
#14443 = EDGE_CURVE('',#14444,#13212,#14446,.T.);
#14444 = VERTEX_POINT('',#14445);
#14445 = CARTESIAN_POINT('',(104.34670016771,149.6,5.));
#14446 = SURFACE_CURVE('',#14447,(#14451,#14457),.PCURVE_S1.);
#14447 = LINE('',#14448,#14449);
#14448 = CARTESIAN_POINT('',(104.34670016771,149.6,0.));
#14449 = VECTOR('',#14450,1.);
#14450 = DIRECTION('',(-0.,0.,-1.));
#14451 = PCURVE('',#12660,#14452);
#14452 = DEFINITIONAL_REPRESENTATION('',(#14453),#14456);
#14453 = B_SPLINE_CURVE_WITH_KNOTS('',1,(#14454,#14455),.UNSPECIFIED.,
  .F.,.F.,(2,2),(-5.0000006,-0.5),.PIECEWISE_BEZIER_KNOTS.);
#14454 = CARTESIAN_POINT('',(45.653299832284,-2.0000006));
#14455 = CARTESIAN_POINT('',(45.653299832284,2.5));
#14456 = ( GEOMETRIC_REPRESENTATION_CONTEXT(2) 
PARAMETRIC_REPRESENTATION_CONTEXT() REPRESENTATION_CONTEXT('2D SPACE',''
  ) );
#14457 = PCURVE('',#13232,#14458);
#14458 = DEFINITIONAL_REPRESENTATION('',(#14459),#14462);
#14459 = B_SPLINE_CURVE_WITH_KNOTS('',1,(#14460,#14461),.UNSPECIFIED.,
  .F.,.F.,(2,2),(-5.0000006,-0.5),.PIECEWISE_BEZIER_KNOTS.);
#14460 = CARTESIAN_POINT('',(-3.627110775885,-5.0000006));
#14461 = CARTESIAN_POINT('',(-3.627110775885,-0.5));
#14462 = ( GEOMETRIC_REPRESENTATION_CONTEXT(2) 
PARAMETRIC_REPRESENTATION_CONTEXT() REPRESENTATION_CONTEXT('2D SPACE',''
  ) );
#14463 = ORIENTED_EDGE('',*,*,#14464,.F.);
#14464 = EDGE_CURVE('',#14465,#14444,#14467,.T.);
#14465 = VERTEX_POINT('',#14466);
#14466 = CARTESIAN_POINT('',(123.65329983228,149.6,5.));
#14467 = SURFACE_CURVE('',#14468,(#14472,#14478),.PCURVE_S1.);
#14468 = LINE('',#14469,#14470);
#14469 = CARTESIAN_POINT('',(132.,149.6,5.));
#14470 = VECTOR('',#14471,1.);
#14471 = DIRECTION('',(-1.,0.,0.));
#14472 = PCURVE('',#12660,#14473);
#14473 = DEFINITIONAL_REPRESENTATION('',(#14474),#14477);
#14474 = B_SPLINE_CURVE_WITH_KNOTS('',1,(#14475,#14476),.UNSPECIFIED.,
  .F.,.F.,(2,2),(8.,28.),.PIECEWISE_BEZIER_KNOTS.);
#14475 = CARTESIAN_POINT('',(26.,-2.));
#14476 = CARTESIAN_POINT('',(46.,-2.));
#14477 = ( GEOMETRIC_REPRESENTATION_CONTEXT(2) 
PARAMETRIC_REPRESENTATION_CONTEXT() REPRESENTATION_CONTEXT('2D SPACE',''
  ) );
#14478 = PCURVE('',#14479,#14484);
#14479 = PLANE('',#14480);
#14480 = AXIS2_PLACEMENT_3D('',#14481,#14482,#14483);
#14481 = CARTESIAN_POINT('',(114.,156.,5.));
#14482 = DIRECTION('',(0.,0.,1.));
#14483 = DIRECTION('',(1.,0.,-0.));
#14484 = DEFINITIONAL_REPRESENTATION('',(#14485),#14488);
#14485 = B_SPLINE_CURVE_WITH_KNOTS('',1,(#14486,#14487),.UNSPECIFIED.,
  .F.,.F.,(2,2),(8.,28.),.PIECEWISE_BEZIER_KNOTS.);
#14486 = CARTESIAN_POINT('',(10.,-6.4));
#14487 = CARTESIAN_POINT('',(-10.,-6.4));
#14488 = ( GEOMETRIC_REPRESENTATION_CONTEXT(2) 
PARAMETRIC_REPRESENTATION_CONTEXT() REPRESENTATION_CONTEXT('2D SPACE',''
  ) );
#14489 = ORIENTED_EDGE('',*,*,#14490,.T.);
#14490 = EDGE_CURVE('',#14465,#13130,#14491,.T.);
#14491 = SURFACE_CURVE('',#14492,(#14496,#14502),.PCURVE_S1.);
#14492 = LINE('',#14493,#14494);
#14493 = CARTESIAN_POINT('',(123.65329983228,149.6,0.));
#14494 = VECTOR('',#14495,1.);
#14495 = DIRECTION('',(-0.,0.,-1.));
#14496 = PCURVE('',#12660,#14497);
#14497 = DEFINITIONAL_REPRESENTATION('',(#14498),#14501);
#14498 = B_SPLINE_CURVE_WITH_KNOTS('',1,(#14499,#14500),.UNSPECIFIED.,
  .F.,.F.,(2,2),(-5.0000006,-0.5),.PIECEWISE_BEZIER_KNOTS.);
#14499 = CARTESIAN_POINT('',(26.346700167716,-2.0000006));
#14500 = CARTESIAN_POINT('',(26.346700167716,2.5));
#14501 = ( GEOMETRIC_REPRESENTATION_CONTEXT(2) 
PARAMETRIC_REPRESENTATION_CONTEXT() REPRESENTATION_CONTEXT('2D SPACE',''
  ) );
#14502 = PCURVE('',#13173,#14503);
#14503 = DEFINITIONAL_REPRESENTATION('',(#14504),#14507);
#14504 = B_SPLINE_CURVE_WITH_KNOTS('',1,(#14505,#14506),.UNSPECIFIED.,
  .F.,.F.,(2,2),(-5.0000006,-0.5),.PIECEWISE_BEZIER_KNOTS.);
#14505 = CARTESIAN_POINT('',(-5.797667184884,-5.0000006));
#14506 = CARTESIAN_POINT('',(-5.797667184884,-0.5));
#14507 = ( GEOMETRIC_REPRESENTATION_CONTEXT(2) 
PARAMETRIC_REPRESENTATION_CONTEXT() REPRESENTATION_CONTEXT('2D SPACE',''
  ) );
#14508 = ADVANCED_FACE('',(#14509),#13232,.T.);
#14509 = FACE_BOUND('',#14510,.F.);
#14510 = EDGE_LOOP('',(#14511,#14512,#14536,#14557));
#14511 = ORIENTED_EDGE('',*,*,#14443,.F.);
#14512 = ORIENTED_EDGE('',*,*,#14513,.T.);
#14513 = EDGE_CURVE('',#14444,#14514,#14516,.T.);
#14514 = VERTEX_POINT('',#14515);
#14515 = CARTESIAN_POINT('',(107.,148.,5.));
#14516 = SURFACE_CURVE('',#14517,(#14522,#14529),.PCURVE_S1.);
#14517 = CIRCLE('',#14518,3.);
#14518 = AXIS2_PLACEMENT_3D('',#14519,#14520,#14521);
#14519 = CARTESIAN_POINT('',(107.,151.,5.));
#14520 = DIRECTION('',(0.,-0.,1.));
#14521 = DIRECTION('',(1.,0.,0.));
#14522 = PCURVE('',#13232,#14523);
#14523 = DEFINITIONAL_REPRESENTATION('',(#14524),#14528);
#14524 = LINE('',#14525,#14526);
#14525 = CARTESIAN_POINT('',(-0.,-5.));
#14526 = VECTOR('',#14527,1.);
#14527 = DIRECTION('',(-1.,0.));
#14528 = ( GEOMETRIC_REPRESENTATION_CONTEXT(2) 
PARAMETRIC_REPRESENTATION_CONTEXT() REPRESENTATION_CONTEXT('2D SPACE',''
  ) );
#14529 = PCURVE('',#14479,#14530);
#14530 = DEFINITIONAL_REPRESENTATION('',(#14531),#14535);
#14531 = CIRCLE('',#14532,3.);
#14532 = AXIS2_PLACEMENT_2D('',#14533,#14534);
#14533 = CARTESIAN_POINT('',(-7.,-5.));
#14534 = DIRECTION('',(1.,0.));
#14535 = ( GEOMETRIC_REPRESENTATION_CONTEXT(2) 
PARAMETRIC_REPRESENTATION_CONTEXT() REPRESENTATION_CONTEXT('2D SPACE',''
  ) );
#14536 = ORIENTED_EDGE('',*,*,#14537,.F.);
#14537 = EDGE_CURVE('',#13186,#14514,#14538,.T.);
#14538 = SURFACE_CURVE('',#14539,(#14543,#14550),.PCURVE_S1.);
#14539 = LINE('',#14540,#14541);
#14540 = CARTESIAN_POINT('',(107.,148.,0.));
#14541 = VECTOR('',#14542,1.);
#14542 = DIRECTION('',(0.,0.,1.));
#14543 = PCURVE('',#13232,#14544);
#14544 = DEFINITIONAL_REPRESENTATION('',(#14545),#14549);
#14545 = LINE('',#14546,#14547);
#14546 = CARTESIAN_POINT('',(-4.712388980385,0.));
#14547 = VECTOR('',#14548,1.);
#14548 = DIRECTION('',(-0.,-1.));
#14549 = ( GEOMETRIC_REPRESENTATION_CONTEXT(2) 
PARAMETRIC_REPRESENTATION_CONTEXT() REPRESENTATION_CONTEXT('2D SPACE',''
  ) );
#14550 = PCURVE('',#13200,#14551);
#14551 = DEFINITIONAL_REPRESENTATION('',(#14552),#14556);
#14552 = LINE('',#14553,#14554);
#14553 = CARTESIAN_POINT('',(0.,0.));
#14554 = VECTOR('',#14555,1.);
#14555 = DIRECTION('',(0.,-1.));
#14556 = ( GEOMETRIC_REPRESENTATION_CONTEXT(2) 
PARAMETRIC_REPRESENTATION_CONTEXT() REPRESENTATION_CONTEXT('2D SPACE',''
  ) );
#14557 = ORIENTED_EDGE('',*,*,#13211,.T.);
#14558 = ADVANCED_FACE('',(#14559),#13200,.F.);
#14559 = FACE_BOUND('',#14560,.F.);
#14560 = EDGE_LOOP('',(#14561,#14562,#14563,#14586));
#14561 = ORIENTED_EDGE('',*,*,#13185,.T.);
#14562 = ORIENTED_EDGE('',*,*,#14537,.T.);
#14563 = ORIENTED_EDGE('',*,*,#14564,.T.);
#14564 = EDGE_CURVE('',#14514,#14565,#14567,.T.);
#14565 = VERTEX_POINT('',#14566);
#14566 = CARTESIAN_POINT('',(121.,148.,5.));
#14567 = SURFACE_CURVE('',#14568,(#14572,#14579),.PCURVE_S1.);
#14568 = LINE('',#14569,#14570);
#14569 = CARTESIAN_POINT('',(104.,148.,5.));
#14570 = VECTOR('',#14571,1.);
#14571 = DIRECTION('',(1.,0.,0.));
#14572 = PCURVE('',#13200,#14573);
#14573 = DEFINITIONAL_REPRESENTATION('',(#14574),#14578);
#14574 = LINE('',#14575,#14576);
#14575 = CARTESIAN_POINT('',(-3.,-5.));
#14576 = VECTOR('',#14577,1.);
#14577 = DIRECTION('',(1.,0.));
#14578 = ( GEOMETRIC_REPRESENTATION_CONTEXT(2) 
PARAMETRIC_REPRESENTATION_CONTEXT() REPRESENTATION_CONTEXT('2D SPACE',''
  ) );
#14579 = PCURVE('',#14479,#14580);
#14580 = DEFINITIONAL_REPRESENTATION('',(#14581),#14585);
#14581 = LINE('',#14582,#14583);
#14582 = CARTESIAN_POINT('',(-10.,-8.));
#14583 = VECTOR('',#14584,1.);
#14584 = DIRECTION('',(1.,0.));
#14585 = ( GEOMETRIC_REPRESENTATION_CONTEXT(2) 
PARAMETRIC_REPRESENTATION_CONTEXT() REPRESENTATION_CONTEXT('2D SPACE',''
  ) );
#14586 = ORIENTED_EDGE('',*,*,#14587,.F.);
#14587 = EDGE_CURVE('',#13153,#14565,#14588,.T.);
#14588 = SURFACE_CURVE('',#14589,(#14593,#14600),.PCURVE_S1.);
#14589 = LINE('',#14590,#14591);
#14590 = CARTESIAN_POINT('',(121.,148.,0.));
#14591 = VECTOR('',#14592,1.);
#14592 = DIRECTION('',(0.,0.,1.));
#14593 = PCURVE('',#13200,#14594);
#14594 = DEFINITIONAL_REPRESENTATION('',(#14595),#14599);
#14595 = LINE('',#14596,#14597);
#14596 = CARTESIAN_POINT('',(14.,0.));
#14597 = VECTOR('',#14598,1.);
#14598 = DIRECTION('',(0.,-1.));
#14599 = ( GEOMETRIC_REPRESENTATION_CONTEXT(2) 
PARAMETRIC_REPRESENTATION_CONTEXT() REPRESENTATION_CONTEXT('2D SPACE',''
  ) );
#14600 = PCURVE('',#13173,#14601);
#14601 = DEFINITIONAL_REPRESENTATION('',(#14602),#14606);
#14602 = LINE('',#14603,#14604);
#14603 = CARTESIAN_POINT('',(-4.712388980385,0.));
#14604 = VECTOR('',#14605,1.);
#14605 = DIRECTION('',(-0.,-1.));
#14606 = ( GEOMETRIC_REPRESENTATION_CONTEXT(2) 
PARAMETRIC_REPRESENTATION_CONTEXT() REPRESENTATION_CONTEXT('2D SPACE',''
  ) );
#14607 = ADVANCED_FACE('',(#14608),#13173,.T.);
#14608 = FACE_BOUND('',#14609,.F.);
#14609 = EDGE_LOOP('',(#14610,#14611,#14612,#14634));
#14610 = ORIENTED_EDGE('',*,*,#13152,.T.);
#14611 = ORIENTED_EDGE('',*,*,#14587,.T.);
#14612 = ORIENTED_EDGE('',*,*,#14613,.T.);
#14613 = EDGE_CURVE('',#14565,#14465,#14614,.T.);
#14614 = SURFACE_CURVE('',#14615,(#14620,#14627),.PCURVE_S1.);
#14615 = CIRCLE('',#14616,3.);
#14616 = AXIS2_PLACEMENT_3D('',#14617,#14618,#14619);
#14617 = CARTESIAN_POINT('',(121.,151.,5.));
#14618 = DIRECTION('',(0.,-0.,1.));
#14619 = DIRECTION('',(1.,0.,0.));
#14620 = PCURVE('',#13173,#14621);
#14621 = DEFINITIONAL_REPRESENTATION('',(#14622),#14626);
#14622 = LINE('',#14623,#14624);
#14623 = CARTESIAN_POINT('',(-0.,-5.));
#14624 = VECTOR('',#14625,1.);
#14625 = DIRECTION('',(-1.,0.));
#14626 = ( GEOMETRIC_REPRESENTATION_CONTEXT(2) 
PARAMETRIC_REPRESENTATION_CONTEXT() REPRESENTATION_CONTEXT('2D SPACE',''
  ) );
#14627 = PCURVE('',#14479,#14628);
#14628 = DEFINITIONAL_REPRESENTATION('',(#14629),#14633);
#14629 = CIRCLE('',#14630,3.);
#14630 = AXIS2_PLACEMENT_2D('',#14631,#14632);
#14631 = CARTESIAN_POINT('',(7.,-5.));
#14632 = DIRECTION('',(1.,0.));
#14633 = ( GEOMETRIC_REPRESENTATION_CONTEXT(2) 
PARAMETRIC_REPRESENTATION_CONTEXT() REPRESENTATION_CONTEXT('2D SPACE',''
  ) );
#14634 = ORIENTED_EDGE('',*,*,#14490,.T.);
#14635 = ADVANCED_FACE('',(#14636),#13067,.F.);
#14636 = FACE_BOUND('',#14637,.F.);
#14637 = EDGE_LOOP('',(#14638,#14639,#14640,#14641));
#14638 = ORIENTED_EDGE('',*,*,#13052,.T.);
#14639 = ORIENTED_EDGE('',*,*,#13553,.T.);
#14640 = ORIENTED_EDGE('',*,*,#13527,.T.);
#14641 = ORIENTED_EDGE('',*,*,#13452,.F.);
#14642 = ADVANCED_FACE('',(#14643),#12759,.T.);
#14643 = FACE_BOUND('',#14644,.T.);
#14644 = EDGE_LOOP('',(#14645,#14646,#14647,#14648,#14649,#14650,#14671,
    #14697,#14716,#14717,#14738,#14764));
#14645 = ORIENTED_EDGE('',*,*,#12743,.F.);
#14646 = ORIENTED_EDGE('',*,*,#13965,.T.);
#14647 = ORIENTED_EDGE('',*,*,#13713,.T.);
#14648 = ORIENTED_EDGE('',*,*,#13605,.F.);
#14649 = ORIENTED_EDGE('',*,*,#12978,.F.);
#14650 = ORIENTED_EDGE('',*,*,#14651,.F.);
#14651 = EDGE_CURVE('',#14652,#12946,#14654,.T.);
#14652 = VERTEX_POINT('',#14653);
#14653 = CARTESIAN_POINT('',(123.65329983228,2.4,5.));
#14654 = SURFACE_CURVE('',#14655,(#14659,#14665),.PCURVE_S1.);
#14655 = LINE('',#14656,#14657);
#14656 = CARTESIAN_POINT('',(123.65329983228,2.4,0.));
#14657 = VECTOR('',#14658,1.);
#14658 = DIRECTION('',(-0.,0.,-1.));
#14659 = PCURVE('',#12759,#14660);
#14660 = DEFINITIONAL_REPRESENTATION('',(#14661),#14664);
#14661 = B_SPLINE_CURVE_WITH_KNOTS('',1,(#14662,#14663),.UNSPECIFIED.,
  .F.,.F.,(2,2),(-5.0000006,-0.5),.PIECEWISE_BEZIER_KNOTS.);
#14662 = CARTESIAN_POINT('',(109.65329983228,-2.0000006));
#14663 = CARTESIAN_POINT('',(109.65329983228,2.5));
#14664 = ( GEOMETRIC_REPRESENTATION_CONTEXT(2) 
PARAMETRIC_REPRESENTATION_CONTEXT() REPRESENTATION_CONTEXT('2D SPACE',''
  ) );
#14665 = PCURVE('',#12966,#14666);
#14666 = DEFINITIONAL_REPRESENTATION('',(#14667),#14670);
#14667 = B_SPLINE_CURVE_WITH_KNOTS('',1,(#14668,#14669),.UNSPECIFIED.,
  .F.,.F.,(2,2),(-5.0000006,-0.5),.PIECEWISE_BEZIER_KNOTS.);
#14668 = CARTESIAN_POINT('',(-0.485518122296,-5.0000006));
#14669 = CARTESIAN_POINT('',(-0.485518122296,-0.5));
#14670 = ( GEOMETRIC_REPRESENTATION_CONTEXT(2) 
PARAMETRIC_REPRESENTATION_CONTEXT() REPRESENTATION_CONTEXT('2D SPACE',''
  ) );
#14671 = ORIENTED_EDGE('',*,*,#14672,.F.);
#14672 = EDGE_CURVE('',#14673,#14652,#14675,.T.);
#14673 = VERTEX_POINT('',#14674);
#14674 = CARTESIAN_POINT('',(104.34670016771,2.4,5.));
#14675 = SURFACE_CURVE('',#14676,(#14680,#14686),.PCURVE_S1.);
#14676 = LINE('',#14677,#14678);
#14677 = CARTESIAN_POINT('',(64.,2.4,5.));
#14678 = VECTOR('',#14679,1.);
#14679 = DIRECTION('',(1.,0.,0.));
#14680 = PCURVE('',#12759,#14681);
#14681 = DEFINITIONAL_REPRESENTATION('',(#14682),#14685);
#14682 = B_SPLINE_CURVE_WITH_KNOTS('',1,(#14683,#14684),.UNSPECIFIED.,
  .F.,.F.,(2,2),(40.,60.),.PIECEWISE_BEZIER_KNOTS.);
#14683 = CARTESIAN_POINT('',(90.,-2.));
#14684 = CARTESIAN_POINT('',(110.,-2.));
#14685 = ( GEOMETRIC_REPRESENTATION_CONTEXT(2) 
PARAMETRIC_REPRESENTATION_CONTEXT() REPRESENTATION_CONTEXT('2D SPACE',''
  ) );
#14686 = PCURVE('',#14687,#14692);
#14687 = PLANE('',#14688);
#14688 = AXIS2_PLACEMENT_3D('',#14689,#14690,#14691);
#14689 = CARTESIAN_POINT('',(114.,-4.,5.));
#14690 = DIRECTION('',(0.,0.,1.));
#14691 = DIRECTION('',(1.,0.,-0.));
#14692 = DEFINITIONAL_REPRESENTATION('',(#14693),#14696);
#14693 = B_SPLINE_CURVE_WITH_KNOTS('',1,(#14694,#14695),.UNSPECIFIED.,
  .F.,.F.,(2,2),(40.,60.),.PIECEWISE_BEZIER_KNOTS.);
#14694 = CARTESIAN_POINT('',(-10.,6.4));
#14695 = CARTESIAN_POINT('',(10.,6.4));
#14696 = ( GEOMETRIC_REPRESENTATION_CONTEXT(2) 
PARAMETRIC_REPRESENTATION_CONTEXT() REPRESENTATION_CONTEXT('2D SPACE',''
  ) );
#14697 = ORIENTED_EDGE('',*,*,#14698,.T.);
#14698 = EDGE_CURVE('',#14673,#12864,#14699,.T.);
#14699 = SURFACE_CURVE('',#14700,(#14704,#14710),.PCURVE_S1.);
#14700 = LINE('',#14701,#14702);
#14701 = CARTESIAN_POINT('',(104.34670016771,2.4,0.));
#14702 = VECTOR('',#14703,1.);
#14703 = DIRECTION('',(-0.,0.,-1.));
#14704 = PCURVE('',#12759,#14705);
#14705 = DEFINITIONAL_REPRESENTATION('',(#14706),#14709);
#14706 = B_SPLINE_CURVE_WITH_KNOTS('',1,(#14707,#14708),.UNSPECIFIED.,
  .F.,.F.,(2,2),(-5.0000006,-0.5),.PIECEWISE_BEZIER_KNOTS.);
#14707 = CARTESIAN_POINT('',(90.346700167716,-2.0000006));
#14708 = CARTESIAN_POINT('',(90.346700167716,2.5));
#14709 = ( GEOMETRIC_REPRESENTATION_CONTEXT(2) 
PARAMETRIC_REPRESENTATION_CONTEXT() REPRESENTATION_CONTEXT('2D SPACE',''
  ) );
#14710 = PCURVE('',#12907,#14711);
#14711 = DEFINITIONAL_REPRESENTATION('',(#14712),#14715);
#14712 = B_SPLINE_CURVE_WITH_KNOTS('',1,(#14713,#14714),.UNSPECIFIED.,
  .F.,.F.,(2,2),(-5.0000006,-0.5),.PIECEWISE_BEZIER_KNOTS.);
#14713 = CARTESIAN_POINT('',(-2.656074531294,-5.0000006));
#14714 = CARTESIAN_POINT('',(-2.656074531294,-0.5));
#14715 = ( GEOMETRIC_REPRESENTATION_CONTEXT(2) 
PARAMETRIC_REPRESENTATION_CONTEXT() REPRESENTATION_CONTEXT('2D SPACE',''
  ) );
#14716 = ORIENTED_EDGE('',*,*,#12863,.F.);
#14717 = ORIENTED_EDGE('',*,*,#14718,.F.);
#14718 = EDGE_CURVE('',#14719,#12831,#14721,.T.);
#14719 = VERTEX_POINT('',#14720);
#14720 = CARTESIAN_POINT('',(59.653299832284,2.4,5.));
#14721 = SURFACE_CURVE('',#14722,(#14726,#14732),.PCURVE_S1.);
#14722 = LINE('',#14723,#14724);
#14723 = CARTESIAN_POINT('',(59.653299832284,2.4,0.));
#14724 = VECTOR('',#14725,1.);
#14725 = DIRECTION('',(-0.,0.,-1.));
#14726 = PCURVE('',#12759,#14727);
#14727 = DEFINITIONAL_REPRESENTATION('',(#14728),#14731);
#14728 = B_SPLINE_CURVE_WITH_KNOTS('',1,(#14729,#14730),.UNSPECIFIED.,
  .F.,.F.,(2,2),(-5.0000006,-0.5),.PIECEWISE_BEZIER_KNOTS.);
#14729 = CARTESIAN_POINT('',(45.653299832284,-2.0000006));
#14730 = CARTESIAN_POINT('',(45.653299832284,2.5));
#14731 = ( GEOMETRIC_REPRESENTATION_CONTEXT(2) 
PARAMETRIC_REPRESENTATION_CONTEXT() REPRESENTATION_CONTEXT('2D SPACE',''
  ) );
#14732 = PCURVE('',#12851,#14733);
#14733 = DEFINITIONAL_REPRESENTATION('',(#14734),#14737);
#14734 = B_SPLINE_CURVE_WITH_KNOTS('',1,(#14735,#14736),.UNSPECIFIED.,
  .F.,.F.,(2,2),(-5.0000006,-0.5),.PIECEWISE_BEZIER_KNOTS.);
#14735 = CARTESIAN_POINT('',(-0.485518122296,-5.0000006));
#14736 = CARTESIAN_POINT('',(-0.485518122296,-0.5));
#14737 = ( GEOMETRIC_REPRESENTATION_CONTEXT(2) 
PARAMETRIC_REPRESENTATION_CONTEXT() REPRESENTATION_CONTEXT('2D SPACE',''
  ) );
#14738 = ORIENTED_EDGE('',*,*,#14739,.F.);
#14739 = EDGE_CURVE('',#14740,#14719,#14742,.T.);
#14740 = VERTEX_POINT('',#14741);
#14741 = CARTESIAN_POINT('',(40.346700167716,2.4,5.));
#14742 = SURFACE_CURVE('',#14743,(#14747,#14753),.PCURVE_S1.);
#14743 = LINE('',#14744,#14745);
#14744 = CARTESIAN_POINT('',(32.,2.4,5.));
#14745 = VECTOR('',#14746,1.);
#14746 = DIRECTION('',(1.,0.,0.));
#14747 = PCURVE('',#12759,#14748);
#14748 = DEFINITIONAL_REPRESENTATION('',(#14749),#14752);
#14749 = B_SPLINE_CURVE_WITH_KNOTS('',1,(#14750,#14751),.UNSPECIFIED.,
  .F.,.F.,(2,2),(8.,28.),.PIECEWISE_BEZIER_KNOTS.);
#14750 = CARTESIAN_POINT('',(26.,-2.));
#14751 = CARTESIAN_POINT('',(46.,-2.));
#14752 = ( GEOMETRIC_REPRESENTATION_CONTEXT(2) 
PARAMETRIC_REPRESENTATION_CONTEXT() REPRESENTATION_CONTEXT('2D SPACE',''
  ) );
#14753 = PCURVE('',#14754,#14759);
#14754 = PLANE('',#14755);
#14755 = AXIS2_PLACEMENT_3D('',#14756,#14757,#14758);
#14756 = CARTESIAN_POINT('',(50.,-4.,5.));
#14757 = DIRECTION('',(0.,0.,1.));
#14758 = DIRECTION('',(1.,0.,-0.));
#14759 = DEFINITIONAL_REPRESENTATION('',(#14760),#14763);
#14760 = B_SPLINE_CURVE_WITH_KNOTS('',1,(#14761,#14762),.UNSPECIFIED.,
  .F.,.F.,(2,2),(8.,28.),.PIECEWISE_BEZIER_KNOTS.);
#14761 = CARTESIAN_POINT('',(-10.,6.4));
#14762 = CARTESIAN_POINT('',(10.,6.4));
#14763 = ( GEOMETRIC_REPRESENTATION_CONTEXT(2) 
PARAMETRIC_REPRESENTATION_CONTEXT() REPRESENTATION_CONTEXT('2D SPACE',''
  ) );
#14764 = ORIENTED_EDGE('',*,*,#14765,.T.);
#14765 = EDGE_CURVE('',#14740,#12744,#14766,.T.);
#14766 = SURFACE_CURVE('',#14767,(#14771,#14777),.PCURVE_S1.);
#14767 = LINE('',#14768,#14769);
#14768 = CARTESIAN_POINT('',(40.346700167716,2.4,0.));
#14769 = VECTOR('',#14770,1.);
#14770 = DIRECTION('',(-0.,0.,-1.));
#14771 = PCURVE('',#12759,#14772);
#14772 = DEFINITIONAL_REPRESENTATION('',(#14773),#14776);
#14773 = B_SPLINE_CURVE_WITH_KNOTS('',1,(#14774,#14775),.UNSPECIFIED.,
  .F.,.F.,(2,2),(-5.0000006,-0.5),.PIECEWISE_BEZIER_KNOTS.);
#14774 = CARTESIAN_POINT('',(26.346700167716,-2.0000006));
#14775 = CARTESIAN_POINT('',(26.346700167716,2.5));
#14776 = ( GEOMETRIC_REPRESENTATION_CONTEXT(2) 
PARAMETRIC_REPRESENTATION_CONTEXT() REPRESENTATION_CONTEXT('2D SPACE',''
  ) );
#14777 = PCURVE('',#12792,#14778);
#14778 = DEFINITIONAL_REPRESENTATION('',(#14779),#14782);
#14779 = B_SPLINE_CURVE_WITH_KNOTS('',1,(#14780,#14781),.UNSPECIFIED.,
  .F.,.F.,(2,2),(-5.0000006,-0.5),.PIECEWISE_BEZIER_KNOTS.);
#14780 = CARTESIAN_POINT('',(-2.656074531294,-5.0000006));
#14781 = CARTESIAN_POINT('',(-2.656074531294,-0.5));
#14782 = ( GEOMETRIC_REPRESENTATION_CONTEXT(2) 
PARAMETRIC_REPRESENTATION_CONTEXT() REPRESENTATION_CONTEXT('2D SPACE',''
  ) );
#14783 = ADVANCED_FACE('',(#14784),#12966,.T.);
#14784 = FACE_BOUND('',#14785,.F.);
#14785 = EDGE_LOOP('',(#14786,#14787,#14811,#14832));
#14786 = ORIENTED_EDGE('',*,*,#14651,.F.);
#14787 = ORIENTED_EDGE('',*,*,#14788,.T.);
#14788 = EDGE_CURVE('',#14652,#14789,#14791,.T.);
#14789 = VERTEX_POINT('',#14790);
#14790 = CARTESIAN_POINT('',(121.,4.,5.));
#14791 = SURFACE_CURVE('',#14792,(#14797,#14804),.PCURVE_S1.);
#14792 = CIRCLE('',#14793,3.);
#14793 = AXIS2_PLACEMENT_3D('',#14794,#14795,#14796);
#14794 = CARTESIAN_POINT('',(121.,1.,5.));
#14795 = DIRECTION('',(0.,-0.,1.));
#14796 = DIRECTION('',(1.,0.,0.));
#14797 = PCURVE('',#12966,#14798);
#14798 = DEFINITIONAL_REPRESENTATION('',(#14799),#14803);
#14799 = LINE('',#14800,#14801);
#14800 = CARTESIAN_POINT('',(-0.,-5.));
#14801 = VECTOR('',#14802,1.);
#14802 = DIRECTION('',(-1.,0.));
#14803 = ( GEOMETRIC_REPRESENTATION_CONTEXT(2) 
PARAMETRIC_REPRESENTATION_CONTEXT() REPRESENTATION_CONTEXT('2D SPACE',''
  ) );
#14804 = PCURVE('',#14687,#14805);
#14805 = DEFINITIONAL_REPRESENTATION('',(#14806),#14810);
#14806 = CIRCLE('',#14807,3.);
#14807 = AXIS2_PLACEMENT_2D('',#14808,#14809);
#14808 = CARTESIAN_POINT('',(7.,5.));
#14809 = DIRECTION('',(1.,0.));
#14810 = ( GEOMETRIC_REPRESENTATION_CONTEXT(2) 
PARAMETRIC_REPRESENTATION_CONTEXT() REPRESENTATION_CONTEXT('2D SPACE',''
  ) );
#14811 = ORIENTED_EDGE('',*,*,#14812,.F.);
#14812 = EDGE_CURVE('',#12920,#14789,#14813,.T.);
#14813 = SURFACE_CURVE('',#14814,(#14818,#14825),.PCURVE_S1.);
#14814 = LINE('',#14815,#14816);
#14815 = CARTESIAN_POINT('',(121.,4.,0.));
#14816 = VECTOR('',#14817,1.);
#14817 = DIRECTION('',(0.,0.,1.));
#14818 = PCURVE('',#12966,#14819);
#14819 = DEFINITIONAL_REPRESENTATION('',(#14820),#14824);
#14820 = LINE('',#14821,#14822);
#14821 = CARTESIAN_POINT('',(-1.570796326795,0.));
#14822 = VECTOR('',#14823,1.);
#14823 = DIRECTION('',(-0.,-1.));
#14824 = ( GEOMETRIC_REPRESENTATION_CONTEXT(2) 
PARAMETRIC_REPRESENTATION_CONTEXT() REPRESENTATION_CONTEXT('2D SPACE',''
  ) );
#14825 = PCURVE('',#12934,#14826);
#14826 = DEFINITIONAL_REPRESENTATION('',(#14827),#14831);
#14827 = LINE('',#14828,#14829);
#14828 = CARTESIAN_POINT('',(0.,-0.));
#14829 = VECTOR('',#14830,1.);
#14830 = DIRECTION('',(0.,-1.));
#14831 = ( GEOMETRIC_REPRESENTATION_CONTEXT(2) 
PARAMETRIC_REPRESENTATION_CONTEXT() REPRESENTATION_CONTEXT('2D SPACE',''
  ) );
#14832 = ORIENTED_EDGE('',*,*,#12945,.T.);
#14833 = ADVANCED_FACE('',(#14834),#12934,.F.);
#14834 = FACE_BOUND('',#14835,.F.);
#14835 = EDGE_LOOP('',(#14836,#14837,#14838,#14861));
#14836 = ORIENTED_EDGE('',*,*,#12919,.T.);
#14837 = ORIENTED_EDGE('',*,*,#14812,.T.);
#14838 = ORIENTED_EDGE('',*,*,#14839,.T.);
#14839 = EDGE_CURVE('',#14789,#14840,#14842,.T.);
#14840 = VERTEX_POINT('',#14841);
#14841 = CARTESIAN_POINT('',(107.,4.,5.));
#14842 = SURFACE_CURVE('',#14843,(#14847,#14854),.PCURVE_S1.);
#14843 = LINE('',#14844,#14845);
#14844 = CARTESIAN_POINT('',(124.,4.,5.));
#14845 = VECTOR('',#14846,1.);
#14846 = DIRECTION('',(-1.,0.,0.));
#14847 = PCURVE('',#12934,#14848);
#14848 = DEFINITIONAL_REPRESENTATION('',(#14849),#14853);
#14849 = LINE('',#14850,#14851);
#14850 = CARTESIAN_POINT('',(-3.,-5.));
#14851 = VECTOR('',#14852,1.);
#14852 = DIRECTION('',(1.,0.));
#14853 = ( GEOMETRIC_REPRESENTATION_CONTEXT(2) 
PARAMETRIC_REPRESENTATION_CONTEXT() REPRESENTATION_CONTEXT('2D SPACE',''
  ) );
#14854 = PCURVE('',#14687,#14855);
#14855 = DEFINITIONAL_REPRESENTATION('',(#14856),#14860);
#14856 = LINE('',#14857,#14858);
#14857 = CARTESIAN_POINT('',(10.,8.));
#14858 = VECTOR('',#14859,1.);
#14859 = DIRECTION('',(-1.,0.));
#14860 = ( GEOMETRIC_REPRESENTATION_CONTEXT(2) 
PARAMETRIC_REPRESENTATION_CONTEXT() REPRESENTATION_CONTEXT('2D SPACE',''
  ) );
#14861 = ORIENTED_EDGE('',*,*,#14862,.F.);
#14862 = EDGE_CURVE('',#12887,#14840,#14863,.T.);
#14863 = SURFACE_CURVE('',#14864,(#14868,#14875),.PCURVE_S1.);
#14864 = LINE('',#14865,#14866);
#14865 = CARTESIAN_POINT('',(107.,4.,0.));
#14866 = VECTOR('',#14867,1.);
#14867 = DIRECTION('',(0.,0.,1.));
#14868 = PCURVE('',#12934,#14869);
#14869 = DEFINITIONAL_REPRESENTATION('',(#14870),#14874);
#14870 = LINE('',#14871,#14872);
#14871 = CARTESIAN_POINT('',(14.,0.));
#14872 = VECTOR('',#14873,1.);
#14873 = DIRECTION('',(0.,-1.));
#14874 = ( GEOMETRIC_REPRESENTATION_CONTEXT(2) 
PARAMETRIC_REPRESENTATION_CONTEXT() REPRESENTATION_CONTEXT('2D SPACE',''
  ) );
#14875 = PCURVE('',#12907,#14876);
#14876 = DEFINITIONAL_REPRESENTATION('',(#14877),#14881);
#14877 = LINE('',#14878,#14879);
#14878 = CARTESIAN_POINT('',(-1.570796326795,0.));
#14879 = VECTOR('',#14880,1.);
#14880 = DIRECTION('',(-0.,-1.));
#14881 = ( GEOMETRIC_REPRESENTATION_CONTEXT(2) 
PARAMETRIC_REPRESENTATION_CONTEXT() REPRESENTATION_CONTEXT('2D SPACE',''
  ) );
#14882 = ADVANCED_FACE('',(#14883),#12907,.T.);
#14883 = FACE_BOUND('',#14884,.F.);
#14884 = EDGE_LOOP('',(#14885,#14886,#14887,#14909));
#14885 = ORIENTED_EDGE('',*,*,#12886,.T.);
#14886 = ORIENTED_EDGE('',*,*,#14862,.T.);
#14887 = ORIENTED_EDGE('',*,*,#14888,.T.);
#14888 = EDGE_CURVE('',#14840,#14673,#14889,.T.);
#14889 = SURFACE_CURVE('',#14890,(#14895,#14902),.PCURVE_S1.);
#14890 = CIRCLE('',#14891,3.);
#14891 = AXIS2_PLACEMENT_3D('',#14892,#14893,#14894);
#14892 = CARTESIAN_POINT('',(107.,1.,5.));
#14893 = DIRECTION('',(0.,-0.,1.));
#14894 = DIRECTION('',(1.,0.,0.));
#14895 = PCURVE('',#12907,#14896);
#14896 = DEFINITIONAL_REPRESENTATION('',(#14897),#14901);
#14897 = LINE('',#14898,#14899);
#14898 = CARTESIAN_POINT('',(-0.,-5.));
#14899 = VECTOR('',#14900,1.);
#14900 = DIRECTION('',(-1.,0.));
#14901 = ( GEOMETRIC_REPRESENTATION_CONTEXT(2) 
PARAMETRIC_REPRESENTATION_CONTEXT() REPRESENTATION_CONTEXT('2D SPACE',''
  ) );
#14902 = PCURVE('',#14687,#14903);
#14903 = DEFINITIONAL_REPRESENTATION('',(#14904),#14908);
#14904 = CIRCLE('',#14905,3.);
#14905 = AXIS2_PLACEMENT_2D('',#14906,#14907);
#14906 = CARTESIAN_POINT('',(-7.,5.));
#14907 = DIRECTION('',(1.,0.));
#14908 = ( GEOMETRIC_REPRESENTATION_CONTEXT(2) 
PARAMETRIC_REPRESENTATION_CONTEXT() REPRESENTATION_CONTEXT('2D SPACE',''
  ) );
#14909 = ORIENTED_EDGE('',*,*,#14698,.T.);
#14910 = ADVANCED_FACE('',(#14911),#12851,.T.);
#14911 = FACE_BOUND('',#14912,.F.);
#14912 = EDGE_LOOP('',(#14913,#14914,#14938,#14959));
#14913 = ORIENTED_EDGE('',*,*,#14718,.F.);
#14914 = ORIENTED_EDGE('',*,*,#14915,.T.);
#14915 = EDGE_CURVE('',#14719,#14916,#14918,.T.);
#14916 = VERTEX_POINT('',#14917);
#14917 = CARTESIAN_POINT('',(57.,4.,5.));
#14918 = SURFACE_CURVE('',#14919,(#14924,#14931),.PCURVE_S1.);
#14919 = CIRCLE('',#14920,3.);
#14920 = AXIS2_PLACEMENT_3D('',#14921,#14922,#14923);
#14921 = CARTESIAN_POINT('',(57.,1.,5.));
#14922 = DIRECTION('',(0.,-0.,1.));
#14923 = DIRECTION('',(1.,0.,0.));
#14924 = PCURVE('',#12851,#14925);
#14925 = DEFINITIONAL_REPRESENTATION('',(#14926),#14930);
#14926 = LINE('',#14927,#14928);
#14927 = CARTESIAN_POINT('',(-0.,-5.));
#14928 = VECTOR('',#14929,1.);
#14929 = DIRECTION('',(-1.,0.));
#14930 = ( GEOMETRIC_REPRESENTATION_CONTEXT(2) 
PARAMETRIC_REPRESENTATION_CONTEXT() REPRESENTATION_CONTEXT('2D SPACE',''
  ) );
#14931 = PCURVE('',#14754,#14932);
#14932 = DEFINITIONAL_REPRESENTATION('',(#14933),#14937);
#14933 = CIRCLE('',#14934,3.);
#14934 = AXIS2_PLACEMENT_2D('',#14935,#14936);
#14935 = CARTESIAN_POINT('',(7.,5.));
#14936 = DIRECTION('',(1.,0.));
#14937 = ( GEOMETRIC_REPRESENTATION_CONTEXT(2) 
PARAMETRIC_REPRESENTATION_CONTEXT() REPRESENTATION_CONTEXT('2D SPACE',''
  ) );
#14938 = ORIENTED_EDGE('',*,*,#14939,.F.);
#14939 = EDGE_CURVE('',#12805,#14916,#14940,.T.);
#14940 = SURFACE_CURVE('',#14941,(#14945,#14952),.PCURVE_S1.);
#14941 = LINE('',#14942,#14943);
#14942 = CARTESIAN_POINT('',(57.,4.,0.));
#14943 = VECTOR('',#14944,1.);
#14944 = DIRECTION('',(0.,0.,1.));
#14945 = PCURVE('',#12851,#14946);
#14946 = DEFINITIONAL_REPRESENTATION('',(#14947),#14951);
#14947 = LINE('',#14948,#14949);
#14948 = CARTESIAN_POINT('',(-1.570796326795,0.));
#14949 = VECTOR('',#14950,1.);
#14950 = DIRECTION('',(-0.,-1.));
#14951 = ( GEOMETRIC_REPRESENTATION_CONTEXT(2) 
PARAMETRIC_REPRESENTATION_CONTEXT() REPRESENTATION_CONTEXT('2D SPACE',''
  ) );
#14952 = PCURVE('',#12819,#14953);
#14953 = DEFINITIONAL_REPRESENTATION('',(#14954),#14958);
#14954 = LINE('',#14955,#14956);
#14955 = CARTESIAN_POINT('',(0.,-0.));
#14956 = VECTOR('',#14957,1.);
#14957 = DIRECTION('',(0.,-1.));
#14958 = ( GEOMETRIC_REPRESENTATION_CONTEXT(2) 
PARAMETRIC_REPRESENTATION_CONTEXT() REPRESENTATION_CONTEXT('2D SPACE',''
  ) );
#14959 = ORIENTED_EDGE('',*,*,#12830,.T.);
#14960 = ADVANCED_FACE('',(#14961),#12819,.F.);
#14961 = FACE_BOUND('',#14962,.F.);
#14962 = EDGE_LOOP('',(#14963,#14964,#14965,#14988));
#14963 = ORIENTED_EDGE('',*,*,#12804,.T.);
#14964 = ORIENTED_EDGE('',*,*,#14939,.T.);
#14965 = ORIENTED_EDGE('',*,*,#14966,.T.);
#14966 = EDGE_CURVE('',#14916,#14967,#14969,.T.);
#14967 = VERTEX_POINT('',#14968);
#14968 = CARTESIAN_POINT('',(43.,4.,5.));
#14969 = SURFACE_CURVE('',#14970,(#14974,#14981),.PCURVE_S1.);
#14970 = LINE('',#14971,#14972);
#14971 = CARTESIAN_POINT('',(60.,4.,5.));
#14972 = VECTOR('',#14973,1.);
#14973 = DIRECTION('',(-1.,0.,0.));
#14974 = PCURVE('',#12819,#14975);
#14975 = DEFINITIONAL_REPRESENTATION('',(#14976),#14980);
#14976 = LINE('',#14977,#14978);
#14977 = CARTESIAN_POINT('',(-3.,-5.));
#14978 = VECTOR('',#14979,1.);
#14979 = DIRECTION('',(1.,0.));
#14980 = ( GEOMETRIC_REPRESENTATION_CONTEXT(2) 
PARAMETRIC_REPRESENTATION_CONTEXT() REPRESENTATION_CONTEXT('2D SPACE',''
  ) );
#14981 = PCURVE('',#14754,#14982);
#14982 = DEFINITIONAL_REPRESENTATION('',(#14983),#14987);
#14983 = LINE('',#14984,#14985);
#14984 = CARTESIAN_POINT('',(10.,8.));
#14985 = VECTOR('',#14986,1.);
#14986 = DIRECTION('',(-1.,0.));
#14987 = ( GEOMETRIC_REPRESENTATION_CONTEXT(2) 
PARAMETRIC_REPRESENTATION_CONTEXT() REPRESENTATION_CONTEXT('2D SPACE',''
  ) );
#14988 = ORIENTED_EDGE('',*,*,#14989,.F.);
#14989 = EDGE_CURVE('',#12772,#14967,#14990,.T.);
#14990 = SURFACE_CURVE('',#14991,(#14995,#15002),.PCURVE_S1.);
#14991 = LINE('',#14992,#14993);
#14992 = CARTESIAN_POINT('',(43.,4.,0.));
#14993 = VECTOR('',#14994,1.);
#14994 = DIRECTION('',(0.,0.,1.));
#14995 = PCURVE('',#12819,#14996);
#14996 = DEFINITIONAL_REPRESENTATION('',(#14997),#15001);
#14997 = LINE('',#14998,#14999);
#14998 = CARTESIAN_POINT('',(14.,0.));
#14999 = VECTOR('',#15000,1.);
#15000 = DIRECTION('',(0.,-1.));
#15001 = ( GEOMETRIC_REPRESENTATION_CONTEXT(2) 
PARAMETRIC_REPRESENTATION_CONTEXT() REPRESENTATION_CONTEXT('2D SPACE',''
  ) );
#15002 = PCURVE('',#12792,#15003);
#15003 = DEFINITIONAL_REPRESENTATION('',(#15004),#15008);
#15004 = LINE('',#15005,#15006);
#15005 = CARTESIAN_POINT('',(-1.570796326795,0.));
#15006 = VECTOR('',#15007,1.);
#15007 = DIRECTION('',(-0.,-1.));
#15008 = ( GEOMETRIC_REPRESENTATION_CONTEXT(2) 
PARAMETRIC_REPRESENTATION_CONTEXT() REPRESENTATION_CONTEXT('2D SPACE',''
  ) );
#15009 = ADVANCED_FACE('',(#15010),#12792,.T.);
#15010 = FACE_BOUND('',#15011,.F.);
#15011 = EDGE_LOOP('',(#15012,#15013,#15014,#15036));
#15012 = ORIENTED_EDGE('',*,*,#12771,.T.);
#15013 = ORIENTED_EDGE('',*,*,#14989,.T.);
#15014 = ORIENTED_EDGE('',*,*,#15015,.T.);
#15015 = EDGE_CURVE('',#14967,#14740,#15016,.T.);
#15016 = SURFACE_CURVE('',#15017,(#15022,#15029),.PCURVE_S1.);
#15017 = CIRCLE('',#15018,3.);
#15018 = AXIS2_PLACEMENT_3D('',#15019,#15020,#15021);
#15019 = CARTESIAN_POINT('',(43.,1.,5.));
#15020 = DIRECTION('',(0.,-0.,1.));
#15021 = DIRECTION('',(1.,0.,0.));
#15022 = PCURVE('',#12792,#15023);
#15023 = DEFINITIONAL_REPRESENTATION('',(#15024),#15028);
#15024 = LINE('',#15025,#15026);
#15025 = CARTESIAN_POINT('',(-0.,-5.));
#15026 = VECTOR('',#15027,1.);
#15027 = DIRECTION('',(-1.,0.));
#15028 = ( GEOMETRIC_REPRESENTATION_CONTEXT(2) 
PARAMETRIC_REPRESENTATION_CONTEXT() REPRESENTATION_CONTEXT('2D SPACE',''
  ) );
#15029 = PCURVE('',#14754,#15030);
#15030 = DEFINITIONAL_REPRESENTATION('',(#15031),#15035);
#15031 = CIRCLE('',#15032,3.);
#15032 = AXIS2_PLACEMENT_2D('',#15033,#15034);
#15033 = CARTESIAN_POINT('',(-7.,5.));
#15034 = DIRECTION('',(1.,0.));
#15035 = ( GEOMETRIC_REPRESENTATION_CONTEXT(2) 
PARAMETRIC_REPRESENTATION_CONTEXT() REPRESENTATION_CONTEXT('2D SPACE',''
  ) );
#15036 = ORIENTED_EDGE('',*,*,#14765,.T.);
#15037 = ADVANCED_FACE('',(#15038),#13343,.T.);
#15038 = FACE_BOUND('',#15039,.F.);
#15039 = EDGE_LOOP('',(#15040,#15063,#15090,#15091));
#15040 = ORIENTED_EDGE('',*,*,#15041,.T.);
#15041 = EDGE_CURVE('',#13327,#15042,#15044,.T.);
#15042 = VERTEX_POINT('',#15043);
#15043 = CARTESIAN_POINT('',(30.,25.,6.));
#15044 = SEAM_CURVE('',#15045,(#15049,#15056),.PCURVE_S1.);
#15045 = LINE('',#15046,#15047);
#15046 = CARTESIAN_POINT('',(30.,25.,3.));
#15047 = VECTOR('',#15048,1.);
#15048 = DIRECTION('',(0.,0.,1.));
#15049 = PCURVE('',#13343,#15050);
#15050 = DEFINITIONAL_REPRESENTATION('',(#15051),#15055);
#15051 = LINE('',#15052,#15053);
#15052 = CARTESIAN_POINT('',(-0.,0.));
#15053 = VECTOR('',#15054,1.);
#15054 = DIRECTION('',(-0.,-1.));
#15055 = ( GEOMETRIC_REPRESENTATION_CONTEXT(2) 
PARAMETRIC_REPRESENTATION_CONTEXT() REPRESENTATION_CONTEXT('2D SPACE',''
  ) );
#15056 = PCURVE('',#13343,#15057);
#15057 = DEFINITIONAL_REPRESENTATION('',(#15058),#15062);
#15058 = LINE('',#15059,#15060);
#15059 = CARTESIAN_POINT('',(-6.28318530718,0.));
#15060 = VECTOR('',#15061,1.);
#15061 = DIRECTION('',(-0.,-1.));
#15062 = ( GEOMETRIC_REPRESENTATION_CONTEXT(2) 
PARAMETRIC_REPRESENTATION_CONTEXT() REPRESENTATION_CONTEXT('2D SPACE',''
  ) );
#15063 = ORIENTED_EDGE('',*,*,#15064,.T.);
#15064 = EDGE_CURVE('',#15042,#15042,#15065,.T.);
#15065 = SURFACE_CURVE('',#15066,(#15071,#15078),.PCURVE_S1.);
#15066 = CIRCLE('',#15067,4.);
#15067 = AXIS2_PLACEMENT_3D('',#15068,#15069,#15070);
#15068 = CARTESIAN_POINT('',(26.,25.,6.));
#15069 = DIRECTION('',(0.,0.,1.));
#15070 = DIRECTION('',(1.,0.,0.));
#15071 = PCURVE('',#13343,#15072);
#15072 = DEFINITIONAL_REPRESENTATION('',(#15073),#15077);
#15073 = LINE('',#15074,#15075);
#15074 = CARTESIAN_POINT('',(-0.,-3.));
#15075 = VECTOR('',#15076,1.);
#15076 = DIRECTION('',(-1.,0.));
#15077 = ( GEOMETRIC_REPRESENTATION_CONTEXT(2) 
PARAMETRIC_REPRESENTATION_CONTEXT() REPRESENTATION_CONTEXT('2D SPACE',''
  ) );
#15078 = PCURVE('',#15079,#15084);
#15079 = PLANE('',#15080);
#15080 = AXIS2_PLACEMENT_3D('',#15081,#15082,#15083);
#15081 = CARTESIAN_POINT('',(26.,25.,6.));
#15082 = DIRECTION('',(0.,0.,1.));
#15083 = DIRECTION('',(1.,0.,-0.));
#15084 = DEFINITIONAL_REPRESENTATION('',(#15085),#15089);
#15085 = CIRCLE('',#15086,4.);
#15086 = AXIS2_PLACEMENT_2D('',#15087,#15088);
#15087 = CARTESIAN_POINT('',(0.,0.));
#15088 = DIRECTION('',(1.,0.));
#15089 = ( GEOMETRIC_REPRESENTATION_CONTEXT(2) 
PARAMETRIC_REPRESENTATION_CONTEXT() REPRESENTATION_CONTEXT('2D SPACE',''
  ) );
#15090 = ORIENTED_EDGE('',*,*,#15041,.F.);
#15091 = ORIENTED_EDGE('',*,*,#13326,.F.);
#15092 = ADVANCED_FACE('',(#15093),#13374,.T.);
#15093 = FACE_BOUND('',#15094,.F.);
#15094 = EDGE_LOOP('',(#15095,#15118,#15145,#15146));
#15095 = ORIENTED_EDGE('',*,*,#15096,.T.);
#15096 = EDGE_CURVE('',#13358,#15097,#15099,.T.);
#15097 = VERTEX_POINT('',#15098);
#15098 = CARTESIAN_POINT('',(142.,25.,6.));
#15099 = SEAM_CURVE('',#15100,(#15104,#15111),.PCURVE_S1.);
#15100 = LINE('',#15101,#15102);
#15101 = CARTESIAN_POINT('',(142.,25.,3.));
#15102 = VECTOR('',#15103,1.);
#15103 = DIRECTION('',(0.,0.,1.));
#15104 = PCURVE('',#13374,#15105);
#15105 = DEFINITIONAL_REPRESENTATION('',(#15106),#15110);
#15106 = LINE('',#15107,#15108);
#15107 = CARTESIAN_POINT('',(-0.,0.));
#15108 = VECTOR('',#15109,1.);
#15109 = DIRECTION('',(-0.,-1.));
#15110 = ( GEOMETRIC_REPRESENTATION_CONTEXT(2) 
PARAMETRIC_REPRESENTATION_CONTEXT() REPRESENTATION_CONTEXT('2D SPACE',''
  ) );
#15111 = PCURVE('',#13374,#15112);
#15112 = DEFINITIONAL_REPRESENTATION('',(#15113),#15117);
#15113 = LINE('',#15114,#15115);
#15114 = CARTESIAN_POINT('',(-6.28318530718,0.));
#15115 = VECTOR('',#15116,1.);
#15116 = DIRECTION('',(-0.,-1.));
#15117 = ( GEOMETRIC_REPRESENTATION_CONTEXT(2) 
PARAMETRIC_REPRESENTATION_CONTEXT() REPRESENTATION_CONTEXT('2D SPACE',''
  ) );
#15118 = ORIENTED_EDGE('',*,*,#15119,.T.);
#15119 = EDGE_CURVE('',#15097,#15097,#15120,.T.);
#15120 = SURFACE_CURVE('',#15121,(#15126,#15133),.PCURVE_S1.);
#15121 = CIRCLE('',#15122,4.);
#15122 = AXIS2_PLACEMENT_3D('',#15123,#15124,#15125);
#15123 = CARTESIAN_POINT('',(138.,25.,6.));
#15124 = DIRECTION('',(0.,0.,1.));
#15125 = DIRECTION('',(1.,0.,0.));
#15126 = PCURVE('',#13374,#15127);
#15127 = DEFINITIONAL_REPRESENTATION('',(#15128),#15132);
#15128 = LINE('',#15129,#15130);
#15129 = CARTESIAN_POINT('',(-0.,-3.));
#15130 = VECTOR('',#15131,1.);
#15131 = DIRECTION('',(-1.,0.));
#15132 = ( GEOMETRIC_REPRESENTATION_CONTEXT(2) 
PARAMETRIC_REPRESENTATION_CONTEXT() REPRESENTATION_CONTEXT('2D SPACE',''
  ) );
#15133 = PCURVE('',#15134,#15139);
#15134 = PLANE('',#15135);
#15135 = AXIS2_PLACEMENT_3D('',#15136,#15137,#15138);
#15136 = CARTESIAN_POINT('',(138.,25.,6.));
#15137 = DIRECTION('',(0.,0.,1.));
#15138 = DIRECTION('',(1.,0.,-0.));
#15139 = DEFINITIONAL_REPRESENTATION('',(#15140),#15144);
#15140 = CIRCLE('',#15141,4.);
#15141 = AXIS2_PLACEMENT_2D('',#15142,#15143);
#15142 = CARTESIAN_POINT('',(0.,0.));
#15143 = DIRECTION('',(1.,0.));
#15144 = ( GEOMETRIC_REPRESENTATION_CONTEXT(2) 
PARAMETRIC_REPRESENTATION_CONTEXT() REPRESENTATION_CONTEXT('2D SPACE',''
  ) );
#15145 = ORIENTED_EDGE('',*,*,#15096,.F.);
#15146 = ORIENTED_EDGE('',*,*,#13357,.F.);
#15147 = ADVANCED_FACE('',(#15148),#13405,.T.);
#15148 = FACE_BOUND('',#15149,.F.);
#15149 = EDGE_LOOP('',(#15150,#15173,#15200,#15201));
#15150 = ORIENTED_EDGE('',*,*,#15151,.T.);
#15151 = EDGE_CURVE('',#13389,#15152,#15154,.T.);
#15152 = VERTEX_POINT('',#15153);
#15153 = CARTESIAN_POINT('',(30.,127.,6.));
#15154 = SEAM_CURVE('',#15155,(#15159,#15166),.PCURVE_S1.);
#15155 = LINE('',#15156,#15157);
#15156 = CARTESIAN_POINT('',(30.,127.,3.));
#15157 = VECTOR('',#15158,1.);
#15158 = DIRECTION('',(0.,0.,1.));
#15159 = PCURVE('',#13405,#15160);
#15160 = DEFINITIONAL_REPRESENTATION('',(#15161),#15165);
#15161 = LINE('',#15162,#15163);
#15162 = CARTESIAN_POINT('',(-0.,0.));
#15163 = VECTOR('',#15164,1.);
#15164 = DIRECTION('',(-0.,-1.));
#15165 = ( GEOMETRIC_REPRESENTATION_CONTEXT(2) 
PARAMETRIC_REPRESENTATION_CONTEXT() REPRESENTATION_CONTEXT('2D SPACE',''
  ) );
#15166 = PCURVE('',#13405,#15167);
#15167 = DEFINITIONAL_REPRESENTATION('',(#15168),#15172);
#15168 = LINE('',#15169,#15170);
#15169 = CARTESIAN_POINT('',(-6.28318530718,0.));
#15170 = VECTOR('',#15171,1.);
#15171 = DIRECTION('',(-0.,-1.));
#15172 = ( GEOMETRIC_REPRESENTATION_CONTEXT(2) 
PARAMETRIC_REPRESENTATION_CONTEXT() REPRESENTATION_CONTEXT('2D SPACE',''
  ) );
#15173 = ORIENTED_EDGE('',*,*,#15174,.T.);
#15174 = EDGE_CURVE('',#15152,#15152,#15175,.T.);
#15175 = SURFACE_CURVE('',#15176,(#15181,#15188),.PCURVE_S1.);
#15176 = CIRCLE('',#15177,4.);
#15177 = AXIS2_PLACEMENT_3D('',#15178,#15179,#15180);
#15178 = CARTESIAN_POINT('',(26.,127.,6.));
#15179 = DIRECTION('',(0.,0.,1.));
#15180 = DIRECTION('',(1.,0.,0.));
#15181 = PCURVE('',#13405,#15182);
#15182 = DEFINITIONAL_REPRESENTATION('',(#15183),#15187);
#15183 = LINE('',#15184,#15185);
#15184 = CARTESIAN_POINT('',(-0.,-3.));
#15185 = VECTOR('',#15186,1.);
#15186 = DIRECTION('',(-1.,0.));
#15187 = ( GEOMETRIC_REPRESENTATION_CONTEXT(2) 
PARAMETRIC_REPRESENTATION_CONTEXT() REPRESENTATION_CONTEXT('2D SPACE',''
  ) );
#15188 = PCURVE('',#15189,#15194);
#15189 = PLANE('',#15190);
#15190 = AXIS2_PLACEMENT_3D('',#15191,#15192,#15193);
#15191 = CARTESIAN_POINT('',(26.,127.,6.));
#15192 = DIRECTION('',(0.,0.,1.));
#15193 = DIRECTION('',(1.,0.,-0.));
#15194 = DEFINITIONAL_REPRESENTATION('',(#15195),#15199);
#15195 = CIRCLE('',#15196,4.);
#15196 = AXIS2_PLACEMENT_2D('',#15197,#15198);
#15197 = CARTESIAN_POINT('',(-3.552713678801E-15,0.));
#15198 = DIRECTION('',(1.,0.));
#15199 = ( GEOMETRIC_REPRESENTATION_CONTEXT(2) 
PARAMETRIC_REPRESENTATION_CONTEXT() REPRESENTATION_CONTEXT('2D SPACE',''
  ) );
#15200 = ORIENTED_EDGE('',*,*,#15151,.F.);
#15201 = ORIENTED_EDGE('',*,*,#13388,.F.);
#15202 = ADVANCED_FACE('',(#15203),#13436,.T.);
#15203 = FACE_BOUND('',#15204,.F.);
#15204 = EDGE_LOOP('',(#15205,#15228,#15255,#15256));
#15205 = ORIENTED_EDGE('',*,*,#15206,.T.);
#15206 = EDGE_CURVE('',#13420,#15207,#15209,.T.);
#15207 = VERTEX_POINT('',#15208);
#15208 = CARTESIAN_POINT('',(142.,127.,6.));
#15209 = SEAM_CURVE('',#15210,(#15214,#15221),.PCURVE_S1.);
#15210 = LINE('',#15211,#15212);
#15211 = CARTESIAN_POINT('',(142.,127.,3.));
#15212 = VECTOR('',#15213,1.);
#15213 = DIRECTION('',(0.,0.,1.));
#15214 = PCURVE('',#13436,#15215);
#15215 = DEFINITIONAL_REPRESENTATION('',(#15216),#15220);
#15216 = LINE('',#15217,#15218);
#15217 = CARTESIAN_POINT('',(-0.,0.));
#15218 = VECTOR('',#15219,1.);
#15219 = DIRECTION('',(-0.,-1.));
#15220 = ( GEOMETRIC_REPRESENTATION_CONTEXT(2) 
PARAMETRIC_REPRESENTATION_CONTEXT() REPRESENTATION_CONTEXT('2D SPACE',''
  ) );
#15221 = PCURVE('',#13436,#15222);
#15222 = DEFINITIONAL_REPRESENTATION('',(#15223),#15227);
#15223 = LINE('',#15224,#15225);
#15224 = CARTESIAN_POINT('',(-6.28318530718,0.));
#15225 = VECTOR('',#15226,1.);
#15226 = DIRECTION('',(-0.,-1.));
#15227 = ( GEOMETRIC_REPRESENTATION_CONTEXT(2) 
PARAMETRIC_REPRESENTATION_CONTEXT() REPRESENTATION_CONTEXT('2D SPACE',''
  ) );
#15228 = ORIENTED_EDGE('',*,*,#15229,.T.);
#15229 = EDGE_CURVE('',#15207,#15207,#15230,.T.);
#15230 = SURFACE_CURVE('',#15231,(#15236,#15243),.PCURVE_S1.);
#15231 = CIRCLE('',#15232,4.);
#15232 = AXIS2_PLACEMENT_3D('',#15233,#15234,#15235);
#15233 = CARTESIAN_POINT('',(138.,127.,6.));
#15234 = DIRECTION('',(0.,0.,1.));
#15235 = DIRECTION('',(1.,0.,0.));
#15236 = PCURVE('',#13436,#15237);
#15237 = DEFINITIONAL_REPRESENTATION('',(#15238),#15242);
#15238 = LINE('',#15239,#15240);
#15239 = CARTESIAN_POINT('',(-0.,-3.));
#15240 = VECTOR('',#15241,1.);
#15241 = DIRECTION('',(-1.,0.));
#15242 = ( GEOMETRIC_REPRESENTATION_CONTEXT(2) 
PARAMETRIC_REPRESENTATION_CONTEXT() REPRESENTATION_CONTEXT('2D SPACE',''
  ) );
#15243 = PCURVE('',#15244,#15249);
#15244 = PLANE('',#15245);
#15245 = AXIS2_PLACEMENT_3D('',#15246,#15247,#15248);
#15246 = CARTESIAN_POINT('',(138.,127.,6.));
#15247 = DIRECTION('',(0.,0.,1.));
#15248 = DIRECTION('',(1.,0.,-0.));
#15249 = DEFINITIONAL_REPRESENTATION('',(#15250),#15254);
#15250 = CIRCLE('',#15251,4.);
#15251 = AXIS2_PLACEMENT_2D('',#15252,#15253);
#15252 = CARTESIAN_POINT('',(0.,0.));
#15253 = DIRECTION('',(1.,0.));
#15254 = ( GEOMETRIC_REPRESENTATION_CONTEXT(2) 
PARAMETRIC_REPRESENTATION_CONTEXT() REPRESENTATION_CONTEXT('2D SPACE',''
  ) );
#15255 = ORIENTED_EDGE('',*,*,#15206,.F.);
#15256 = ORIENTED_EDGE('',*,*,#13419,.F.);
#15257 = ADVANCED_FACE('',(#15258),#13649,.T.);
#15258 = FACE_BOUND('',#15259,.T.);
#15259 = EDGE_LOOP('',(#15260,#15261,#15262,#15263));
#15260 = ORIENTED_EDGE('',*,*,#13734,.F.);
#15261 = ORIENTED_EDGE('',*,*,#14013,.T.);
#15262 = ORIENTED_EDGE('',*,*,#13769,.F.);
#15263 = ORIENTED_EDGE('',*,*,#13633,.F.);
#15264 = ADVANCED_FACE('',(#15265),#13882,.T.);
#15265 = FACE_BOUND('',#15266,.T.);
#15266 = EDGE_LOOP('',(#15267,#15268,#15269,#15270));
#15267 = ORIENTED_EDGE('',*,*,#14152,.F.);
#15268 = ORIENTED_EDGE('',*,*,#14213,.T.);
#15269 = ORIENTED_EDGE('',*,*,#13867,.F.);
#15270 = ORIENTED_EDGE('',*,*,#14085,.F.);
#15271 = ADVANCED_FACE('',(#15272),#14282,.T.);
#15272 = FACE_BOUND('',#15273,.T.);
#15273 = EDGE_LOOP('',(#15274,#15275,#15276,#15277));
#15274 = ORIENTED_EDGE('',*,*,#14265,.T.);
#15275 = ORIENTED_EDGE('',*,*,#14321,.T.);
#15276 = ORIENTED_EDGE('',*,*,#14370,.T.);
#15277 = ORIENTED_EDGE('',*,*,#14422,.T.);
#15278 = ADVANCED_FACE('',(#15279),#14479,.T.);
#15279 = FACE_BOUND('',#15280,.T.);
#15280 = EDGE_LOOP('',(#15281,#15282,#15283,#15284));
#15281 = ORIENTED_EDGE('',*,*,#14513,.T.);
#15282 = ORIENTED_EDGE('',*,*,#14564,.T.);
#15283 = ORIENTED_EDGE('',*,*,#14613,.T.);
#15284 = ORIENTED_EDGE('',*,*,#14464,.T.);
#15285 = ADVANCED_FACE('',(#15286),#14754,.T.);
#15286 = FACE_BOUND('',#15287,.T.);
#15287 = EDGE_LOOP('',(#15288,#15289,#15290,#15291));
#15288 = ORIENTED_EDGE('',*,*,#15015,.T.);
#15289 = ORIENTED_EDGE('',*,*,#14739,.T.);
#15290 = ORIENTED_EDGE('',*,*,#14915,.T.);
#15291 = ORIENTED_EDGE('',*,*,#14966,.T.);
#15292 = ADVANCED_FACE('',(#15293),#14687,.T.);
#15293 = FACE_BOUND('',#15294,.T.);
#15294 = EDGE_LOOP('',(#15295,#15296,#15297,#15298));
#15295 = ORIENTED_EDGE('',*,*,#14888,.T.);
#15296 = ORIENTED_EDGE('',*,*,#14672,.T.);
#15297 = ORIENTED_EDGE('',*,*,#14788,.T.);
#15298 = ORIENTED_EDGE('',*,*,#14839,.T.);
#15299 = ADVANCED_FACE('',(#15300,#15303),#15079,.T.);
#15300 = FACE_BOUND('',#15301,.T.);
#15301 = EDGE_LOOP('',(#15302));
#15302 = ORIENTED_EDGE('',*,*,#15064,.T.);
#15303 = FACE_BOUND('',#15304,.T.);
#15304 = EDGE_LOOP('',(#15305));
#15305 = ORIENTED_EDGE('',*,*,#15306,.T.);
#15306 = EDGE_CURVE('',#15307,#15307,#15309,.T.);
#15307 = VERTEX_POINT('',#15308);
#15308 = CARTESIAN_POINT('',(27.3,25.,6.));
#15309 = SURFACE_CURVE('',#15310,(#15315,#15326),.PCURVE_S1.);
#15310 = CIRCLE('',#15311,1.3);
#15311 = AXIS2_PLACEMENT_3D('',#15312,#15313,#15314);
#15312 = CARTESIAN_POINT('',(26.,25.,6.));
#15313 = DIRECTION('',(0.,0.,-1.));
#15314 = DIRECTION('',(1.,0.,0.));
#15315 = PCURVE('',#15079,#15316);
#15316 = DEFINITIONAL_REPRESENTATION('',(#15317),#15325);
#15317 = ( BOUNDED_CURVE() B_SPLINE_CURVE(2,(#15318,#15319,#15320,#15321
    ,#15322,#15323,#15324),.UNSPECIFIED.,.T.,.F.) 
B_SPLINE_CURVE_WITH_KNOTS((1,2,2,2,2,1),(-2.094395102393,0.,
    2.094395102393,4.188790204786,6.28318530718,8.377580409573),
.UNSPECIFIED.) CURVE() GEOMETRIC_REPRESENTATION_ITEM() 
RATIONAL_B_SPLINE_CURVE((1.,0.5,1.,0.5,1.,0.5,1.)) REPRESENTATION_ITEM(
  '') );
#15318 = CARTESIAN_POINT('',(1.3,0.));
#15319 = CARTESIAN_POINT('',(1.3,-2.25166604984));
#15320 = CARTESIAN_POINT('',(-0.65,-1.12583302492));
#15321 = CARTESIAN_POINT('',(-2.6,-3.184081677783E-16));
#15322 = CARTESIAN_POINT('',(-0.65,1.12583302492));
#15323 = CARTESIAN_POINT('',(1.3,2.25166604984));
#15324 = CARTESIAN_POINT('',(1.3,0.));
#15325 = ( GEOMETRIC_REPRESENTATION_CONTEXT(2) 
PARAMETRIC_REPRESENTATION_CONTEXT() REPRESENTATION_CONTEXT('2D SPACE',''
  ) );
#15326 = PCURVE('',#15327,#15332);
#15327 = CYLINDRICAL_SURFACE('',#15328,1.3);
#15328 = AXIS2_PLACEMENT_3D('',#15329,#15330,#15331);
#15329 = CARTESIAN_POINT('',(26.,25.,2.));
#15330 = DIRECTION('',(-0.,-0.,-1.));
#15331 = DIRECTION('',(1.,0.,0.));
#15332 = DEFINITIONAL_REPRESENTATION('',(#15333),#15337);
#15333 = LINE('',#15334,#15335);
#15334 = CARTESIAN_POINT('',(-6.28318530718,-4.));
#15335 = VECTOR('',#15336,1.);
#15336 = DIRECTION('',(1.,-0.));
#15337 = ( GEOMETRIC_REPRESENTATION_CONTEXT(2) 
PARAMETRIC_REPRESENTATION_CONTEXT() REPRESENTATION_CONTEXT('2D SPACE',''
  ) );
#15338 = ADVANCED_FACE('',(#15339,#15342),#15134,.T.);
#15339 = FACE_BOUND('',#15340,.T.);
#15340 = EDGE_LOOP('',(#15341));
#15341 = ORIENTED_EDGE('',*,*,#15119,.T.);
#15342 = FACE_BOUND('',#15343,.T.);
#15343 = EDGE_LOOP('',(#15344));
#15344 = ORIENTED_EDGE('',*,*,#15345,.T.);
#15345 = EDGE_CURVE('',#15346,#15346,#15348,.T.);
#15346 = VERTEX_POINT('',#15347);
#15347 = CARTESIAN_POINT('',(139.3,25.,6.));
#15348 = SURFACE_CURVE('',#15349,(#15354,#15365),.PCURVE_S1.);
#15349 = CIRCLE('',#15350,1.3);
#15350 = AXIS2_PLACEMENT_3D('',#15351,#15352,#15353);
#15351 = CARTESIAN_POINT('',(138.,25.,6.));
#15352 = DIRECTION('',(0.,0.,-1.));
#15353 = DIRECTION('',(1.,0.,0.));
#15354 = PCURVE('',#15134,#15355);
#15355 = DEFINITIONAL_REPRESENTATION('',(#15356),#15364);
#15356 = ( BOUNDED_CURVE() B_SPLINE_CURVE(2,(#15357,#15358,#15359,#15360
    ,#15361,#15362,#15363),.UNSPECIFIED.,.T.,.F.) 
B_SPLINE_CURVE_WITH_KNOTS((1,2,2,2,2,1),(-2.094395102393,0.,
    2.094395102393,4.188790204786,6.28318530718,8.377580409573),
.UNSPECIFIED.) CURVE() GEOMETRIC_REPRESENTATION_ITEM() 
RATIONAL_B_SPLINE_CURVE((1.,0.5,1.,0.5,1.,0.5,1.)) REPRESENTATION_ITEM(
  '') );
#15357 = CARTESIAN_POINT('',(1.3,0.));
#15358 = CARTESIAN_POINT('',(1.3,-2.25166604984));
#15359 = CARTESIAN_POINT('',(-0.65,-1.12583302492));
#15360 = CARTESIAN_POINT('',(-2.6,-3.184081677783E-16));
#15361 = CARTESIAN_POINT('',(-0.65,1.12583302492));
#15362 = CARTESIAN_POINT('',(1.3,2.25166604984));
#15363 = CARTESIAN_POINT('',(1.3,0.));
#15364 = ( GEOMETRIC_REPRESENTATION_CONTEXT(2) 
PARAMETRIC_REPRESENTATION_CONTEXT() REPRESENTATION_CONTEXT('2D SPACE',''
  ) );
#15365 = PCURVE('',#15366,#15371);
#15366 = CYLINDRICAL_SURFACE('',#15367,1.3);
#15367 = AXIS2_PLACEMENT_3D('',#15368,#15369,#15370);
#15368 = CARTESIAN_POINT('',(138.,25.,2.));
#15369 = DIRECTION('',(-0.,-0.,-1.));
#15370 = DIRECTION('',(1.,0.,0.));
#15371 = DEFINITIONAL_REPRESENTATION('',(#15372),#15376);
#15372 = LINE('',#15373,#15374);
#15373 = CARTESIAN_POINT('',(-6.28318530718,-4.));
#15374 = VECTOR('',#15375,1.);
#15375 = DIRECTION('',(1.,-0.));
#15376 = ( GEOMETRIC_REPRESENTATION_CONTEXT(2) 
PARAMETRIC_REPRESENTATION_CONTEXT() REPRESENTATION_CONTEXT('2D SPACE',''
  ) );
#15377 = ADVANCED_FACE('',(#15378,#15381),#15189,.T.);
#15378 = FACE_BOUND('',#15379,.T.);
#15379 = EDGE_LOOP('',(#15380));
#15380 = ORIENTED_EDGE('',*,*,#15174,.T.);
#15381 = FACE_BOUND('',#15382,.T.);
#15382 = EDGE_LOOP('',(#15383));
#15383 = ORIENTED_EDGE('',*,*,#15384,.T.);
#15384 = EDGE_CURVE('',#15385,#15385,#15387,.T.);
#15385 = VERTEX_POINT('',#15386);
#15386 = CARTESIAN_POINT('',(27.3,127.,6.));
#15387 = SURFACE_CURVE('',#15388,(#15393,#15404),.PCURVE_S1.);
#15388 = CIRCLE('',#15389,1.3);
#15389 = AXIS2_PLACEMENT_3D('',#15390,#15391,#15392);
#15390 = CARTESIAN_POINT('',(26.,127.,6.));
#15391 = DIRECTION('',(0.,0.,-1.));
#15392 = DIRECTION('',(1.,0.,0.));
#15393 = PCURVE('',#15189,#15394);
#15394 = DEFINITIONAL_REPRESENTATION('',(#15395),#15403);
#15395 = ( BOUNDED_CURVE() B_SPLINE_CURVE(2,(#15396,#15397,#15398,#15399
    ,#15400,#15401,#15402),.UNSPECIFIED.,.T.,.F.) 
B_SPLINE_CURVE_WITH_KNOTS((1,2,2,2,2,1),(-2.094395102393,0.,
    2.094395102393,4.188790204786,6.28318530718,8.377580409573),
.UNSPECIFIED.) CURVE() GEOMETRIC_REPRESENTATION_ITEM() 
RATIONAL_B_SPLINE_CURVE((1.,0.5,1.,0.5,1.,0.5,1.)) REPRESENTATION_ITEM(
  '') );
#15396 = CARTESIAN_POINT('',(1.3,0.));
#15397 = CARTESIAN_POINT('',(1.3,-2.25166604984));
#15398 = CARTESIAN_POINT('',(-0.65,-1.12583302492));
#15399 = CARTESIAN_POINT('',(-2.6,-3.184081677783E-16));
#15400 = CARTESIAN_POINT('',(-0.65,1.12583302492));
#15401 = CARTESIAN_POINT('',(1.3,2.25166604984));
#15402 = CARTESIAN_POINT('',(1.3,0.));
#15403 = ( GEOMETRIC_REPRESENTATION_CONTEXT(2) 
PARAMETRIC_REPRESENTATION_CONTEXT() REPRESENTATION_CONTEXT('2D SPACE',''
  ) );
#15404 = PCURVE('',#15405,#15410);
#15405 = CYLINDRICAL_SURFACE('',#15406,1.3);
#15406 = AXIS2_PLACEMENT_3D('',#15407,#15408,#15409);
#15407 = CARTESIAN_POINT('',(26.,127.,2.));
#15408 = DIRECTION('',(-0.,-0.,-1.));
#15409 = DIRECTION('',(1.,0.,0.));
#15410 = DEFINITIONAL_REPRESENTATION('',(#15411),#15415);
#15411 = LINE('',#15412,#15413);
#15412 = CARTESIAN_POINT('',(-6.28318530718,-4.));
#15413 = VECTOR('',#15414,1.);
#15414 = DIRECTION('',(1.,-0.));
#15415 = ( GEOMETRIC_REPRESENTATION_CONTEXT(2) 
PARAMETRIC_REPRESENTATION_CONTEXT() REPRESENTATION_CONTEXT('2D SPACE',''
  ) );
#15416 = ADVANCED_FACE('',(#15417,#15420),#15244,.T.);
#15417 = FACE_BOUND('',#15418,.T.);
#15418 = EDGE_LOOP('',(#15419));
#15419 = ORIENTED_EDGE('',*,*,#15229,.T.);
#15420 = FACE_BOUND('',#15421,.T.);
#15421 = EDGE_LOOP('',(#15422));
#15422 = ORIENTED_EDGE('',*,*,#15423,.T.);
#15423 = EDGE_CURVE('',#15424,#15424,#15426,.T.);
#15424 = VERTEX_POINT('',#15425);
#15425 = CARTESIAN_POINT('',(139.3,127.,6.));
#15426 = SURFACE_CURVE('',#15427,(#15432,#15443),.PCURVE_S1.);
#15427 = CIRCLE('',#15428,1.3);
#15428 = AXIS2_PLACEMENT_3D('',#15429,#15430,#15431);
#15429 = CARTESIAN_POINT('',(138.,127.,6.));
#15430 = DIRECTION('',(0.,0.,-1.));
#15431 = DIRECTION('',(1.,0.,0.));
#15432 = PCURVE('',#15244,#15433);
#15433 = DEFINITIONAL_REPRESENTATION('',(#15434),#15442);
#15434 = ( BOUNDED_CURVE() B_SPLINE_CURVE(2,(#15435,#15436,#15437,#15438
    ,#15439,#15440,#15441),.UNSPECIFIED.,.T.,.F.) 
B_SPLINE_CURVE_WITH_KNOTS((1,2,2,2,2,1),(-2.094395102393,0.,
    2.094395102393,4.188790204786,6.28318530718,8.377580409573),
.UNSPECIFIED.) CURVE() GEOMETRIC_REPRESENTATION_ITEM() 
RATIONAL_B_SPLINE_CURVE((1.,0.5,1.,0.5,1.,0.5,1.)) REPRESENTATION_ITEM(
  '') );
#15435 = CARTESIAN_POINT('',(1.3,0.));
#15436 = CARTESIAN_POINT('',(1.3,-2.25166604984));
#15437 = CARTESIAN_POINT('',(-0.65,-1.12583302492));
#15438 = CARTESIAN_POINT('',(-2.6,-3.184081677783E-16));
#15439 = CARTESIAN_POINT('',(-0.65,1.12583302492));
#15440 = CARTESIAN_POINT('',(1.3,2.25166604984));
#15441 = CARTESIAN_POINT('',(1.3,0.));
#15442 = ( GEOMETRIC_REPRESENTATION_CONTEXT(2) 
PARAMETRIC_REPRESENTATION_CONTEXT() REPRESENTATION_CONTEXT('2D SPACE',''
  ) );
#15443 = PCURVE('',#15444,#15449);
#15444 = CYLINDRICAL_SURFACE('',#15445,1.3);
#15445 = AXIS2_PLACEMENT_3D('',#15446,#15447,#15448);
#15446 = CARTESIAN_POINT('',(138.,127.,2.));
#15447 = DIRECTION('',(-0.,-0.,-1.));
#15448 = DIRECTION('',(1.,0.,0.));
#15449 = DEFINITIONAL_REPRESENTATION('',(#15450),#15454);
#15450 = LINE('',#15451,#15452);
#15451 = CARTESIAN_POINT('',(-6.28318530718,-4.));
#15452 = VECTOR('',#15453,1.);
#15453 = DIRECTION('',(1.,-0.));
#15454 = ( GEOMETRIC_REPRESENTATION_CONTEXT(2) 
PARAMETRIC_REPRESENTATION_CONTEXT() REPRESENTATION_CONTEXT('2D SPACE',''
  ) );
#15455 = ADVANCED_FACE('',(#15456),#15327,.F.);
#15456 = FACE_BOUND('',#15457,.T.);
#15457 = EDGE_LOOP('',(#15458,#15487,#15508,#15509));
#15458 = ORIENTED_EDGE('',*,*,#15459,.F.);
#15459 = EDGE_CURVE('',#15460,#15460,#15462,.T.);
#15460 = VERTEX_POINT('',#15461);
#15461 = CARTESIAN_POINT('',(27.3,25.,2.));
#15462 = SURFACE_CURVE('',#15463,(#15468,#15475),.PCURVE_S1.);
#15463 = CIRCLE('',#15464,1.3);
#15464 = AXIS2_PLACEMENT_3D('',#15465,#15466,#15467);
#15465 = CARTESIAN_POINT('',(26.,25.,2.));
#15466 = DIRECTION('',(0.,0.,1.));
#15467 = DIRECTION('',(1.,0.,0.));
#15468 = PCURVE('',#15327,#15469);
#15469 = DEFINITIONAL_REPRESENTATION('',(#15470),#15474);
#15470 = LINE('',#15471,#15472);
#15471 = CARTESIAN_POINT('',(-0.,0.));
#15472 = VECTOR('',#15473,1.);
#15473 = DIRECTION('',(-1.,0.));
#15474 = ( GEOMETRIC_REPRESENTATION_CONTEXT(2) 
PARAMETRIC_REPRESENTATION_CONTEXT() REPRESENTATION_CONTEXT('2D SPACE',''
  ) );
#15475 = PCURVE('',#15476,#15481);
#15476 = PLANE('',#15477);
#15477 = AXIS2_PLACEMENT_3D('',#15478,#15479,#15480);
#15478 = CARTESIAN_POINT('',(26.,25.,2.));
#15479 = DIRECTION('',(0.,0.,1.));
#15480 = DIRECTION('',(1.,0.,-0.));
#15481 = DEFINITIONAL_REPRESENTATION('',(#15482),#15486);
#15482 = CIRCLE('',#15483,1.3);
#15483 = AXIS2_PLACEMENT_2D('',#15484,#15485);
#15484 = CARTESIAN_POINT('',(-3.552713678801E-15,-3.552713678801E-15));
#15485 = DIRECTION('',(1.,0.));
#15486 = ( GEOMETRIC_REPRESENTATION_CONTEXT(2) 
PARAMETRIC_REPRESENTATION_CONTEXT() REPRESENTATION_CONTEXT('2D SPACE',''
  ) );
#15487 = ORIENTED_EDGE('',*,*,#15488,.T.);
#15488 = EDGE_CURVE('',#15460,#15307,#15489,.T.);
#15489 = SEAM_CURVE('',#15490,(#15494,#15501),.PCURVE_S1.);
#15490 = LINE('',#15491,#15492);
#15491 = CARTESIAN_POINT('',(27.3,25.,2.));
#15492 = VECTOR('',#15493,1.);
#15493 = DIRECTION('',(0.,0.,1.));
#15494 = PCURVE('',#15327,#15495);
#15495 = DEFINITIONAL_REPRESENTATION('',(#15496),#15500);
#15496 = LINE('',#15497,#15498);
#15497 = CARTESIAN_POINT('',(-6.28318530718,0.));
#15498 = VECTOR('',#15499,1.);
#15499 = DIRECTION('',(-0.,-1.));
#15500 = ( GEOMETRIC_REPRESENTATION_CONTEXT(2) 
PARAMETRIC_REPRESENTATION_CONTEXT() REPRESENTATION_CONTEXT('2D SPACE',''
  ) );
#15501 = PCURVE('',#15327,#15502);
#15502 = DEFINITIONAL_REPRESENTATION('',(#15503),#15507);
#15503 = LINE('',#15504,#15505);
#15504 = CARTESIAN_POINT('',(-0.,0.));
#15505 = VECTOR('',#15506,1.);
#15506 = DIRECTION('',(-0.,-1.));
#15507 = ( GEOMETRIC_REPRESENTATION_CONTEXT(2) 
PARAMETRIC_REPRESENTATION_CONTEXT() REPRESENTATION_CONTEXT('2D SPACE',''
  ) );
#15508 = ORIENTED_EDGE('',*,*,#15306,.F.);
#15509 = ORIENTED_EDGE('',*,*,#15488,.F.);
#15510 = ADVANCED_FACE('',(#15511),#15366,.F.);
#15511 = FACE_BOUND('',#15512,.T.);
#15512 = EDGE_LOOP('',(#15513,#15542,#15563,#15564));
#15513 = ORIENTED_EDGE('',*,*,#15514,.F.);
#15514 = EDGE_CURVE('',#15515,#15515,#15517,.T.);
#15515 = VERTEX_POINT('',#15516);
#15516 = CARTESIAN_POINT('',(139.3,25.,2.));
#15517 = SURFACE_CURVE('',#15518,(#15523,#15530),.PCURVE_S1.);
#15518 = CIRCLE('',#15519,1.3);
#15519 = AXIS2_PLACEMENT_3D('',#15520,#15521,#15522);
#15520 = CARTESIAN_POINT('',(138.,25.,2.));
#15521 = DIRECTION('',(0.,0.,1.));
#15522 = DIRECTION('',(1.,0.,0.));
#15523 = PCURVE('',#15366,#15524);
#15524 = DEFINITIONAL_REPRESENTATION('',(#15525),#15529);
#15525 = LINE('',#15526,#15527);
#15526 = CARTESIAN_POINT('',(-0.,0.));
#15527 = VECTOR('',#15528,1.);
#15528 = DIRECTION('',(-1.,0.));
#15529 = ( GEOMETRIC_REPRESENTATION_CONTEXT(2) 
PARAMETRIC_REPRESENTATION_CONTEXT() REPRESENTATION_CONTEXT('2D SPACE',''
  ) );
#15530 = PCURVE('',#15531,#15536);
#15531 = PLANE('',#15532);
#15532 = AXIS2_PLACEMENT_3D('',#15533,#15534,#15535);
#15533 = CARTESIAN_POINT('',(138.,25.,2.));
#15534 = DIRECTION('',(0.,0.,1.));
#15535 = DIRECTION('',(1.,0.,-0.));
#15536 = DEFINITIONAL_REPRESENTATION('',(#15537),#15541);
#15537 = CIRCLE('',#15538,1.3);
#15538 = AXIS2_PLACEMENT_2D('',#15539,#15540);
#15539 = CARTESIAN_POINT('',(0.,3.552713678801E-15));
#15540 = DIRECTION('',(1.,0.));
#15541 = ( GEOMETRIC_REPRESENTATION_CONTEXT(2) 
PARAMETRIC_REPRESENTATION_CONTEXT() REPRESENTATION_CONTEXT('2D SPACE',''
  ) );
#15542 = ORIENTED_EDGE('',*,*,#15543,.T.);
#15543 = EDGE_CURVE('',#15515,#15346,#15544,.T.);
#15544 = SEAM_CURVE('',#15545,(#15549,#15556),.PCURVE_S1.);
#15545 = LINE('',#15546,#15547);
#15546 = CARTESIAN_POINT('',(139.3,25.,2.));
#15547 = VECTOR('',#15548,1.);
#15548 = DIRECTION('',(0.,0.,1.));
#15549 = PCURVE('',#15366,#15550);
#15550 = DEFINITIONAL_REPRESENTATION('',(#15551),#15555);
#15551 = LINE('',#15552,#15553);
#15552 = CARTESIAN_POINT('',(-6.28318530718,0.));
#15553 = VECTOR('',#15554,1.);
#15554 = DIRECTION('',(-0.,-1.));
#15555 = ( GEOMETRIC_REPRESENTATION_CONTEXT(2) 
PARAMETRIC_REPRESENTATION_CONTEXT() REPRESENTATION_CONTEXT('2D SPACE',''
  ) );
#15556 = PCURVE('',#15366,#15557);
#15557 = DEFINITIONAL_REPRESENTATION('',(#15558),#15562);
#15558 = LINE('',#15559,#15560);
#15559 = CARTESIAN_POINT('',(-0.,0.));
#15560 = VECTOR('',#15561,1.);
#15561 = DIRECTION('',(-0.,-1.));
#15562 = ( GEOMETRIC_REPRESENTATION_CONTEXT(2) 
PARAMETRIC_REPRESENTATION_CONTEXT() REPRESENTATION_CONTEXT('2D SPACE',''
  ) );
#15563 = ORIENTED_EDGE('',*,*,#15345,.F.);
#15564 = ORIENTED_EDGE('',*,*,#15543,.F.);
#15565 = ADVANCED_FACE('',(#15566),#15405,.F.);
#15566 = FACE_BOUND('',#15567,.T.);
#15567 = EDGE_LOOP('',(#15568,#15597,#15618,#15619));
#15568 = ORIENTED_EDGE('',*,*,#15569,.F.);
#15569 = EDGE_CURVE('',#15570,#15570,#15572,.T.);
#15570 = VERTEX_POINT('',#15571);
#15571 = CARTESIAN_POINT('',(27.3,127.,2.));
#15572 = SURFACE_CURVE('',#15573,(#15578,#15585),.PCURVE_S1.);
#15573 = CIRCLE('',#15574,1.3);
#15574 = AXIS2_PLACEMENT_3D('',#15575,#15576,#15577);
#15575 = CARTESIAN_POINT('',(26.,127.,2.));
#15576 = DIRECTION('',(0.,0.,1.));
#15577 = DIRECTION('',(1.,0.,0.));
#15578 = PCURVE('',#15405,#15579);
#15579 = DEFINITIONAL_REPRESENTATION('',(#15580),#15584);
#15580 = LINE('',#15581,#15582);
#15581 = CARTESIAN_POINT('',(-0.,0.));
#15582 = VECTOR('',#15583,1.);
#15583 = DIRECTION('',(-1.,0.));
#15584 = ( GEOMETRIC_REPRESENTATION_CONTEXT(2) 
PARAMETRIC_REPRESENTATION_CONTEXT() REPRESENTATION_CONTEXT('2D SPACE',''
  ) );
#15585 = PCURVE('',#15586,#15591);
#15586 = PLANE('',#15587);
#15587 = AXIS2_PLACEMENT_3D('',#15588,#15589,#15590);
#15588 = CARTESIAN_POINT('',(26.,127.,2.));
#15589 = DIRECTION('',(0.,0.,1.));
#15590 = DIRECTION('',(1.,0.,-0.));
#15591 = DEFINITIONAL_REPRESENTATION('',(#15592),#15596);
#15592 = CIRCLE('',#15593,1.3);
#15593 = AXIS2_PLACEMENT_2D('',#15594,#15595);
#15594 = CARTESIAN_POINT('',(-3.552713678801E-15,-1.42108547152E-14));
#15595 = DIRECTION('',(1.,0.));
#15596 = ( GEOMETRIC_REPRESENTATION_CONTEXT(2) 
PARAMETRIC_REPRESENTATION_CONTEXT() REPRESENTATION_CONTEXT('2D SPACE',''
  ) );
#15597 = ORIENTED_EDGE('',*,*,#15598,.T.);
#15598 = EDGE_CURVE('',#15570,#15385,#15599,.T.);
#15599 = SEAM_CURVE('',#15600,(#15604,#15611),.PCURVE_S1.);
#15600 = LINE('',#15601,#15602);
#15601 = CARTESIAN_POINT('',(27.3,127.,2.));
#15602 = VECTOR('',#15603,1.);
#15603 = DIRECTION('',(0.,0.,1.));
#15604 = PCURVE('',#15405,#15605);
#15605 = DEFINITIONAL_REPRESENTATION('',(#15606),#15610);
#15606 = LINE('',#15607,#15608);
#15607 = CARTESIAN_POINT('',(-6.28318530718,0.));
#15608 = VECTOR('',#15609,1.);
#15609 = DIRECTION('',(-0.,-1.));
#15610 = ( GEOMETRIC_REPRESENTATION_CONTEXT(2) 
PARAMETRIC_REPRESENTATION_CONTEXT() REPRESENTATION_CONTEXT('2D SPACE',''
  ) );
#15611 = PCURVE('',#15405,#15612);
#15612 = DEFINITIONAL_REPRESENTATION('',(#15613),#15617);
#15613 = LINE('',#15614,#15615);
#15614 = CARTESIAN_POINT('',(-0.,0.));
#15615 = VECTOR('',#15616,1.);
#15616 = DIRECTION('',(-0.,-1.));
#15617 = ( GEOMETRIC_REPRESENTATION_CONTEXT(2) 
PARAMETRIC_REPRESENTATION_CONTEXT() REPRESENTATION_CONTEXT('2D SPACE',''
  ) );
#15618 = ORIENTED_EDGE('',*,*,#15384,.F.);
#15619 = ORIENTED_EDGE('',*,*,#15598,.F.);
#15620 = ADVANCED_FACE('',(#15621),#15444,.F.);
#15621 = FACE_BOUND('',#15622,.T.);
#15622 = EDGE_LOOP('',(#15623,#15652,#15673,#15674));
#15623 = ORIENTED_EDGE('',*,*,#15624,.F.);
#15624 = EDGE_CURVE('',#15625,#15625,#15627,.T.);
#15625 = VERTEX_POINT('',#15626);
#15626 = CARTESIAN_POINT('',(139.3,127.,2.));
#15627 = SURFACE_CURVE('',#15628,(#15633,#15640),.PCURVE_S1.);
#15628 = CIRCLE('',#15629,1.3);
#15629 = AXIS2_PLACEMENT_3D('',#15630,#15631,#15632);
#15630 = CARTESIAN_POINT('',(138.,127.,2.));
#15631 = DIRECTION('',(0.,0.,1.));
#15632 = DIRECTION('',(1.,0.,0.));
#15633 = PCURVE('',#15444,#15634);
#15634 = DEFINITIONAL_REPRESENTATION('',(#15635),#15639);
#15635 = LINE('',#15636,#15637);
#15636 = CARTESIAN_POINT('',(-0.,0.));
#15637 = VECTOR('',#15638,1.);
#15638 = DIRECTION('',(-1.,0.));
#15639 = ( GEOMETRIC_REPRESENTATION_CONTEXT(2) 
PARAMETRIC_REPRESENTATION_CONTEXT() REPRESENTATION_CONTEXT('2D SPACE',''
  ) );
#15640 = PCURVE('',#15641,#15646);
#15641 = PLANE('',#15642);
#15642 = AXIS2_PLACEMENT_3D('',#15643,#15644,#15645);
#15643 = CARTESIAN_POINT('',(138.,127.,2.));
#15644 = DIRECTION('',(0.,0.,1.));
#15645 = DIRECTION('',(1.,0.,-0.));
#15646 = DEFINITIONAL_REPRESENTATION('',(#15647),#15651);
#15647 = CIRCLE('',#15648,1.3);
#15648 = AXIS2_PLACEMENT_2D('',#15649,#15650);
#15649 = CARTESIAN_POINT('',(0.,1.42108547152E-14));
#15650 = DIRECTION('',(1.,0.));
#15651 = ( GEOMETRIC_REPRESENTATION_CONTEXT(2) 
PARAMETRIC_REPRESENTATION_CONTEXT() REPRESENTATION_CONTEXT('2D SPACE',''
  ) );
#15652 = ORIENTED_EDGE('',*,*,#15653,.T.);
#15653 = EDGE_CURVE('',#15625,#15424,#15654,.T.);
#15654 = SEAM_CURVE('',#15655,(#15659,#15666),.PCURVE_S1.);
#15655 = LINE('',#15656,#15657);
#15656 = CARTESIAN_POINT('',(139.3,127.,2.));
#15657 = VECTOR('',#15658,1.);
#15658 = DIRECTION('',(0.,0.,1.));
#15659 = PCURVE('',#15444,#15660);
#15660 = DEFINITIONAL_REPRESENTATION('',(#15661),#15665);
#15661 = LINE('',#15662,#15663);
#15662 = CARTESIAN_POINT('',(-6.28318530718,0.));
#15663 = VECTOR('',#15664,1.);
#15664 = DIRECTION('',(-0.,-1.));
#15665 = ( GEOMETRIC_REPRESENTATION_CONTEXT(2) 
PARAMETRIC_REPRESENTATION_CONTEXT() REPRESENTATION_CONTEXT('2D SPACE',''
  ) );
#15666 = PCURVE('',#15444,#15667);
#15667 = DEFINITIONAL_REPRESENTATION('',(#15668),#15672);
#15668 = LINE('',#15669,#15670);
#15669 = CARTESIAN_POINT('',(-0.,0.));
#15670 = VECTOR('',#15671,1.);
#15671 = DIRECTION('',(-0.,-1.));
#15672 = ( GEOMETRIC_REPRESENTATION_CONTEXT(2) 
PARAMETRIC_REPRESENTATION_CONTEXT() REPRESENTATION_CONTEXT('2D SPACE',''
  ) );
#15673 = ORIENTED_EDGE('',*,*,#15423,.F.);
#15674 = ORIENTED_EDGE('',*,*,#15653,.F.);
#15675 = ADVANCED_FACE('',(#15676),#15476,.T.);
#15676 = FACE_BOUND('',#15677,.T.);
#15677 = EDGE_LOOP('',(#15678));
#15678 = ORIENTED_EDGE('',*,*,#15459,.T.);
#15679 = ADVANCED_FACE('',(#15680),#15531,.T.);
#15680 = FACE_BOUND('',#15681,.T.);
#15681 = EDGE_LOOP('',(#15682));
#15682 = ORIENTED_EDGE('',*,*,#15514,.T.);
#15683 = ADVANCED_FACE('',(#15684),#15586,.T.);
#15684 = FACE_BOUND('',#15685,.T.);
#15685 = EDGE_LOOP('',(#15686));
#15686 = ORIENTED_EDGE('',*,*,#15569,.T.);
#15687 = ADVANCED_FACE('',(#15688),#15641,.T.);
#15688 = FACE_BOUND('',#15689,.T.);
#15689 = EDGE_LOOP('',(#15690));
#15690 = ORIENTED_EDGE('',*,*,#15624,.T.);
#15691 = ( GEOMETRIC_REPRESENTATION_CONTEXT(3) 
GLOBAL_UNCERTAINTY_ASSIGNED_CONTEXT((#15695)) 
GLOBAL_UNIT_ASSIGNED_CONTEXT((#15692,#15693,#15694)) 
REPRESENTATION_CONTEXT('Context #1',
  '3D Context with UNIT and UNCERTAINTY') );
#15692 = ( LENGTH_UNIT() NAMED_UNIT(*) SI_UNIT(.MILLI.,.METRE.) );
#15693 = ( NAMED_UNIT(*) PLANE_ANGLE_UNIT() SI_UNIT($,.RADIAN.) );
#15694 = ( NAMED_UNIT(*) SI_UNIT($,.STERADIAN.) SOLID_ANGLE_UNIT() );
#15695 = UNCERTAINTY_MEASURE_WITH_UNIT(LENGTH_MEASURE(2.E-07),#15692,
  'distance_accuracy_value','confusion accuracy');
#15696 = PRODUCT_RELATED_PRODUCT_CATEGORY('part',$,(#7));
ENDSEC;
END-ISO-10303-21;
